Copyright 1986-2022 Xilinx, Inc. All Rights Reserved. Copyright 2022-2025 Advanced Micro Devices, Inc. All Rights Reserved.
------------------------------------------------------------------------------------------------------------------------------------------------
| Tool Version : Vivado v.2025.1 (win64) Build 6140274 Thu May 22 00:12:29 MDT 2025
| Date         : Mon Nov 24 02:48:54 2025
| Host         : dantop running 64-bit major release  (build 9200)
| Command      : report_drc -file floating_point_alu_drc_routed.rpt -pb floating_point_alu_drc_routed.pb -rpx floating_point_alu_drc_routed.rpx
| Design       : floating_point_alu
| Device       : xc7z020clg484-1
| Speed File   : -1
| Design State : Fully Routed
------------------------------------------------------------------------------------------------------------------------------------------------

Report DRC

Table of Contents
-----------------
1. REPORT SUMMARY
2. REPORT DETAILS

1. REPORT SUMMARY
-----------------
            Netlist: netlist
          Floorplan: design_1
      Design limits: <entire design considered>
           Ruledeck: default
             Max checks: <unlimited>
             Checks found: 426
+-----------+------------------+----------------------------+--------+
| Rule      | Severity         | Description                | Checks |
+-----------+------------------+----------------------------+--------+
| NSTD-1    | Critical Warning | Unspecified I/O Standard   | 1      |
| UCIO-1    | Critical Warning | Unconstrained Logical Port | 1      |
| DPIP-1    | Warning          | Input pipelining           | 87     |
| DPOP-1    | Warning          | PREG Output pipelining     | 24     |
| DPOP-2    | Warning          | MREG Output pipelining     | 48     |
| DPOR-1    | Warning          | Asynchronous load check    | 248    |
| REQP-1840 | Warning          | RAMB18 async control check | 16     |
| ZPS7-1    | Warning          | PS7 block required         | 1      |
+-----------+------------------+----------------------------+--------+

2. REPORT DETAILS
-----------------
NSTD-1#1 Critical Warning
Unspecified I/O Standard  
143 out of 143 logical ports use I/O standard (IOSTANDARD) value 'DEFAULT', instead of a user assigned specific value. This may cause I/O contention or incompatibility with the board power or connectivity affecting performance, signal integrity or in extreme cases cause damage to the device or the components to which it is connected. To correct this violation, specify all I/O standards. This design will fail to generate a bitstream unless all logical ports have a user specified I/O standard value defined. To allow bitstream creation with unspecified I/O standard values (not recommended), use this command: set_property SEVERITY {Warning} [get_drc_checks NSTD-1].  NOTE: When using the Vivado Runs infrastructure (e.g. launch_runs Tcl command), add this command to a .tcl file and add that file as a pre-hook for write_bitstream step for the implementation run. Problem ports: in1[31:0], in2[31:0], in3[31:0], op_sel[2:0], out[31:0],
rounding_mode[2:0], clk, division_by_zero, inexact, invalid_operation,
overflow, rst, underflow, valid_data_in.
Related violations: <none>

UCIO-1#1 Critical Warning
Unconstrained Logical Port  
143 out of 143 logical ports have no user assigned specific location constraint (LOC). This may cause I/O contention or incompatibility with the board power or connectivity affecting performance, signal integrity or in extreme cases cause damage to the device or the components to which it is connected. To correct this violation, specify all pin locations. This design will fail to generate a bitstream unless all logical ports have a user specified site LOC constraint defined.  To allow bitstream creation with unspecified pin locations (not recommended), use this command: set_property SEVERITY {Warning} [get_drc_checks UCIO-1].  NOTE: When using the Vivado Runs infrastructure (e.g. launch_runs Tcl command), add this command to a .tcl file and add that file as a pre-hook for write_bitstream step for the implementation run.  Problem ports: in1[31:0], in2[31:0], in3[31:0], op_sel[2:0], out[31:0],
rounding_mode[2:0], clk, division_by_zero, inexact, invalid_operation,
overflow, rst, underflow, valid_data_in.
Related violations: <none>

DPIP-1#1 Warning
Input pipelining  
DSP division/s13_reciprocal/s1_mult/s2_mult_out0 input division/s13_reciprocal/s1_mult/s2_mult_out0/A[29:0] is not pipelined. Pipelining DSP48 input will improve performance.
Related violations: <none>

DPIP-1#2 Warning
Input pipelining  
DSP division/s13_reciprocal/s1_mult/s2_mult_out0 input division/s13_reciprocal/s1_mult/s2_mult_out0/B[17:0] is not pipelined. Pipelining DSP48 input will improve performance.
Related violations: <none>

DPIP-1#3 Warning
Input pipelining  
DSP division/s13_reciprocal/s1_mult/s2_mult_out0__0 input division/s13_reciprocal/s1_mult/s2_mult_out0__0/A[29:0] is not pipelined. Pipelining DSP48 input will improve performance.
Related violations: <none>

DPIP-1#4 Warning
Input pipelining  
DSP division/s13_reciprocal/s1_mult/s2_mult_out0__0 input division/s13_reciprocal/s1_mult/s2_mult_out0__0/B[17:0] is not pipelined. Pipelining DSP48 input will improve performance.
Related violations: <none>

DPIP-1#5 Warning
Input pipelining  
DSP division/s13_reciprocal/s1_mult/s2_mult_out0__1 input division/s13_reciprocal/s1_mult/s2_mult_out0__1/A[29:0] is not pipelined. Pipelining DSP48 input will improve performance.
Related violations: <none>

DPIP-1#6 Warning
Input pipelining  
DSP division/s13_reciprocal/s1_mult/s2_mult_out0__1 input division/s13_reciprocal/s1_mult/s2_mult_out0__1/B[17:0] is not pipelined. Pipelining DSP48 input will improve performance.
Related violations: <none>

DPIP-1#7 Warning
Input pipelining  
DSP division/s13_reciprocal/s1_mult/s2_mult_out0__2 input division/s13_reciprocal/s1_mult/s2_mult_out0__2/A[29:0] is not pipelined. Pipelining DSP48 input will improve performance.
Related violations: <none>

DPIP-1#8 Warning
Input pipelining  
DSP division/s13_reciprocal/s1_mult/s2_mult_out0__2 input division/s13_reciprocal/s1_mult/s2_mult_out0__2/B[17:0] is not pipelined. Pipelining DSP48 input will improve performance.
Related violations: <none>

DPIP-1#9 Warning
Input pipelining  
DSP division/s13_reciprocal/s4_mult/s2_mult_out0 input division/s13_reciprocal/s4_mult/s2_mult_out0/A[29:0] is not pipelined. Pipelining DSP48 input will improve performance.
Related violations: <none>

DPIP-1#10 Warning
Input pipelining  
DSP division/s13_reciprocal/s4_mult/s2_mult_out0 input division/s13_reciprocal/s4_mult/s2_mult_out0/B[17:0] is not pipelined. Pipelining DSP48 input will improve performance.
Related violations: <none>

DPIP-1#11 Warning
Input pipelining  
DSP division/s13_reciprocal/s4_mult/s2_mult_out0__0 input division/s13_reciprocal/s4_mult/s2_mult_out0__0/A[29:0] is not pipelined. Pipelining DSP48 input will improve performance.
Related violations: <none>

DPIP-1#12 Warning
Input pipelining  
DSP division/s13_reciprocal/s4_mult/s2_mult_out0__0 input division/s13_reciprocal/s4_mult/s2_mult_out0__0/B[17:0] is not pipelined. Pipelining DSP48 input will improve performance.
Related violations: <none>

DPIP-1#13 Warning
Input pipelining  
DSP division/s13_reciprocal/s4_mult/s2_mult_out0__1 input division/s13_reciprocal/s4_mult/s2_mult_out0__1/A[29:0] is not pipelined. Pipelining DSP48 input will improve performance.
Related violations: <none>

DPIP-1#14 Warning
Input pipelining  
DSP division/s13_reciprocal/s4_mult/s2_mult_out0__1 input division/s13_reciprocal/s4_mult/s2_mult_out0__1/B[17:0] is not pipelined. Pipelining DSP48 input will improve performance.
Related violations: <none>

DPIP-1#15 Warning
Input pipelining  
DSP division/s13_reciprocal/s4_mult/s2_mult_out0__2 input division/s13_reciprocal/s4_mult/s2_mult_out0__2/B[17:0] is not pipelined. Pipelining DSP48 input will improve performance.
Related violations: <none>

DPIP-1#16 Warning
Input pipelining  
DSP division/s13_reciprocal/s6_mult/s2_mult_out0 input division/s13_reciprocal/s6_mult/s2_mult_out0/A[29:0] is not pipelined. Pipelining DSP48 input will improve performance.
Related violations: <none>

DPIP-1#17 Warning
Input pipelining  
DSP division/s13_reciprocal/s6_mult/s2_mult_out0 input division/s13_reciprocal/s6_mult/s2_mult_out0/B[17:0] is not pipelined. Pipelining DSP48 input will improve performance.
Related violations: <none>

DPIP-1#18 Warning
Input pipelining  
DSP division/s13_reciprocal/s6_mult/s2_mult_out0__0 input division/s13_reciprocal/s6_mult/s2_mult_out0__0/A[29:0] is not pipelined. Pipelining DSP48 input will improve performance.
Related violations: <none>

DPIP-1#19 Warning
Input pipelining  
DSP division/s13_reciprocal/s6_mult/s2_mult_out0__0 input division/s13_reciprocal/s6_mult/s2_mult_out0__0/B[17:0] is not pipelined. Pipelining DSP48 input will improve performance.
Related violations: <none>

DPIP-1#20 Warning
Input pipelining  
DSP division/s13_reciprocal/s6_mult/s2_mult_out0__1 input division/s13_reciprocal/s6_mult/s2_mult_out0__1/A[29:0] is not pipelined. Pipelining DSP48 input will improve performance.
Related violations: <none>

DPIP-1#21 Warning
Input pipelining  
DSP division/s13_reciprocal/s6_mult/s2_mult_out0__1 input division/s13_reciprocal/s6_mult/s2_mult_out0__1/B[17:0] is not pipelined. Pipelining DSP48 input will improve performance.
Related violations: <none>

DPIP-1#22 Warning
Input pipelining  
DSP division/s13_reciprocal/s6_mult/s2_mult_out0__2 input division/s13_reciprocal/s6_mult/s2_mult_out0__2/A[29:0] is not pipelined. Pipelining DSP48 input will improve performance.
Related violations: <none>

DPIP-1#23 Warning
Input pipelining  
DSP division/s13_reciprocal/s6_mult/s2_mult_out0__2 input division/s13_reciprocal/s6_mult/s2_mult_out0__2/B[17:0] is not pipelined. Pipelining DSP48 input will improve performance.
Related violations: <none>

DPIP-1#24 Warning
Input pipelining  
DSP division/s13_reciprocal/s9_mult/s2_mult_out0 input division/s13_reciprocal/s9_mult/s2_mult_out0/A[29:0] is not pipelined. Pipelining DSP48 input will improve performance.
Related violations: <none>

DPIP-1#25 Warning
Input pipelining  
DSP division/s13_reciprocal/s9_mult/s2_mult_out0 input division/s13_reciprocal/s9_mult/s2_mult_out0/B[17:0] is not pipelined. Pipelining DSP48 input will improve performance.
Related violations: <none>

DPIP-1#26 Warning
Input pipelining  
DSP division/s13_reciprocal/s9_mult/s2_mult_out0__0 input division/s13_reciprocal/s9_mult/s2_mult_out0__0/A[29:0] is not pipelined. Pipelining DSP48 input will improve performance.
Related violations: <none>

DPIP-1#27 Warning
Input pipelining  
DSP division/s13_reciprocal/s9_mult/s2_mult_out0__0 input division/s13_reciprocal/s9_mult/s2_mult_out0__0/B[17:0] is not pipelined. Pipelining DSP48 input will improve performance.
Related violations: <none>

DPIP-1#28 Warning
Input pipelining  
DSP division/s13_reciprocal/s9_mult/s2_mult_out0__1 input division/s13_reciprocal/s9_mult/s2_mult_out0__1/A[29:0] is not pipelined. Pipelining DSP48 input will improve performance.
Related violations: <none>

DPIP-1#29 Warning
Input pipelining  
DSP division/s13_reciprocal/s9_mult/s2_mult_out0__1 input division/s13_reciprocal/s9_mult/s2_mult_out0__1/B[17:0] is not pipelined. Pipelining DSP48 input will improve performance.
Related violations: <none>

DPIP-1#30 Warning
Input pipelining  
DSP division/s13_reciprocal/s9_mult/s2_mult_out0__2 input division/s13_reciprocal/s9_mult/s2_mult_out0__2/B[17:0] is not pipelined. Pipelining DSP48 input will improve performance.
Related violations: <none>

DPIP-1#31 Warning
Input pipelining  
DSP division/s13_s15_mult/s2_mult_out0 input division/s13_s15_mult/s2_mult_out0/A[29:0] is not pipelined. Pipelining DSP48 input will improve performance.
Related violations: <none>

DPIP-1#32 Warning
Input pipelining  
DSP division/s13_s15_mult/s2_mult_out0 input division/s13_s15_mult/s2_mult_out0/B[17:0] is not pipelined. Pipelining DSP48 input will improve performance.
Related violations: <none>

DPIP-1#33 Warning
Input pipelining  
DSP division/s13_s15_mult/s2_mult_out0__0 input division/s13_s15_mult/s2_mult_out0__0/A[29:0] is not pipelined. Pipelining DSP48 input will improve performance.
Related violations: <none>

DPIP-1#34 Warning
Input pipelining  
DSP division/s13_s15_mult/s2_mult_out0__0 input division/s13_s15_mult/s2_mult_out0__0/B[17:0] is not pipelined. Pipelining DSP48 input will improve performance.
Related violations: <none>

DPIP-1#35 Warning
Input pipelining  
DSP division/s13_s15_mult/s2_mult_out0__1 input division/s13_s15_mult/s2_mult_out0__1/A[29:0] is not pipelined. Pipelining DSP48 input will improve performance.
Related violations: <none>

DPIP-1#36 Warning
Input pipelining  
DSP division/s13_s15_mult/s2_mult_out0__1 input division/s13_s15_mult/s2_mult_out0__1/B[17:0] is not pipelined. Pipelining DSP48 input will improve performance.
Related violations: <none>

DPIP-1#37 Warning
Input pipelining  
DSP division/s13_s15_mult/s2_mult_out0__2 input division/s13_s15_mult/s2_mult_out0__2/B[17:0] is not pipelined. Pipelining DSP48 input will improve performance.
Related violations: <none>

DPIP-1#38 Warning
Input pipelining  
DSP sqrt/s17_inverse_square_root/s10_mult/s2_mult_out0 input sqrt/s17_inverse_square_root/s10_mult/s2_mult_out0/A[29:0] is not pipelined. Pipelining DSP48 input will improve performance.
Related violations: <none>

DPIP-1#39 Warning
Input pipelining  
DSP sqrt/s17_inverse_square_root/s10_mult/s2_mult_out0 input sqrt/s17_inverse_square_root/s10_mult/s2_mult_out0/B[17:0] is not pipelined. Pipelining DSP48 input will improve performance.
Related violations: <none>

DPIP-1#40 Warning
Input pipelining  
DSP sqrt/s17_inverse_square_root/s10_mult/s2_mult_out0__0 input sqrt/s17_inverse_square_root/s10_mult/s2_mult_out0__0/A[29:0] is not pipelined. Pipelining DSP48 input will improve performance.
Related violations: <none>

DPIP-1#41 Warning
Input pipelining  
DSP sqrt/s17_inverse_square_root/s10_mult/s2_mult_out0__0 input sqrt/s17_inverse_square_root/s10_mult/s2_mult_out0__0/B[17:0] is not pipelined. Pipelining DSP48 input will improve performance.
Related violations: <none>

DPIP-1#42 Warning
Input pipelining  
DSP sqrt/s17_inverse_square_root/s10_mult/s2_mult_out0__1 input sqrt/s17_inverse_square_root/s10_mult/s2_mult_out0__1/A[29:0] is not pipelined. Pipelining DSP48 input will improve performance.
Related violations: <none>

DPIP-1#43 Warning
Input pipelining  
DSP sqrt/s17_inverse_square_root/s10_mult/s2_mult_out0__1 input sqrt/s17_inverse_square_root/s10_mult/s2_mult_out0__1/B[17:0] is not pipelined. Pipelining DSP48 input will improve performance.
Related violations: <none>

DPIP-1#44 Warning
Input pipelining  
DSP sqrt/s17_inverse_square_root/s10_mult/s2_mult_out0__2 input sqrt/s17_inverse_square_root/s10_mult/s2_mult_out0__2/B[17:0] is not pipelined. Pipelining DSP48 input will improve performance.
Related violations: <none>

DPIP-1#45 Warning
Input pipelining  
DSP sqrt/s17_inverse_square_root/s13_mult/s2_mult_out0 input sqrt/s17_inverse_square_root/s13_mult/s2_mult_out0/A[29:0] is not pipelined. Pipelining DSP48 input will improve performance.
Related violations: <none>

DPIP-1#46 Warning
Input pipelining  
DSP sqrt/s17_inverse_square_root/s13_mult/s2_mult_out0 input sqrt/s17_inverse_square_root/s13_mult/s2_mult_out0/B[17:0] is not pipelined. Pipelining DSP48 input will improve performance.
Related violations: <none>

DPIP-1#47 Warning
Input pipelining  
DSP sqrt/s17_inverse_square_root/s13_mult/s2_mult_out0__0 input sqrt/s17_inverse_square_root/s13_mult/s2_mult_out0__0/A[29:0] is not pipelined. Pipelining DSP48 input will improve performance.
Related violations: <none>

DPIP-1#48 Warning
Input pipelining  
DSP sqrt/s17_inverse_square_root/s13_mult/s2_mult_out0__1 input sqrt/s17_inverse_square_root/s13_mult/s2_mult_out0__1/A[29:0] is not pipelined. Pipelining DSP48 input will improve performance.
Related violations: <none>

DPIP-1#49 Warning
Input pipelining  
DSP sqrt/s17_inverse_square_root/s13_mult/s2_mult_out0__1 input sqrt/s17_inverse_square_root/s13_mult/s2_mult_out0__1/B[17:0] is not pipelined. Pipelining DSP48 input will improve performance.
Related violations: <none>

DPIP-1#50 Warning
Input pipelining  
DSP sqrt/s17_inverse_square_root/s13_mult/s2_mult_out0__2 input sqrt/s17_inverse_square_root/s13_mult/s2_mult_out0__2/B[17:0] is not pipelined. Pipelining DSP48 input will improve performance.
Related violations: <none>

DPIP-1#51 Warning
Input pipelining  
DSP sqrt/s17_inverse_square_root/s1_mult/s2_mult_out0 input sqrt/s17_inverse_square_root/s1_mult/s2_mult_out0/A[29:0] is not pipelined. Pipelining DSP48 input will improve performance.
Related violations: <none>

DPIP-1#52 Warning
Input pipelining  
DSP sqrt/s17_inverse_square_root/s1_mult/s2_mult_out0 input sqrt/s17_inverse_square_root/s1_mult/s2_mult_out0/B[17:0] is not pipelined. Pipelining DSP48 input will improve performance.
Related violations: <none>

DPIP-1#53 Warning
Input pipelining  
DSP sqrt/s17_inverse_square_root/s1_mult/s2_mult_out0__0 input sqrt/s17_inverse_square_root/s1_mult/s2_mult_out0__0/A[29:0] is not pipelined. Pipelining DSP48 input will improve performance.
Related violations: <none>

DPIP-1#54 Warning
Input pipelining  
DSP sqrt/s17_inverse_square_root/s1_mult/s2_mult_out0__0 input sqrt/s17_inverse_square_root/s1_mult/s2_mult_out0__0/B[17:0] is not pipelined. Pipelining DSP48 input will improve performance.
Related violations: <none>

DPIP-1#55 Warning
Input pipelining  
DSP sqrt/s17_inverse_square_root/s1_mult/s2_mult_out0__1 input sqrt/s17_inverse_square_root/s1_mult/s2_mult_out0__1/A[29:0] is not pipelined. Pipelining DSP48 input will improve performance.
Related violations: <none>

DPIP-1#56 Warning
Input pipelining  
DSP sqrt/s17_inverse_square_root/s1_mult/s2_mult_out0__1 input sqrt/s17_inverse_square_root/s1_mult/s2_mult_out0__1/B[17:0] is not pipelined. Pipelining DSP48 input will improve performance.
Related violations: <none>

DPIP-1#57 Warning
Input pipelining  
DSP sqrt/s17_inverse_square_root/s1_mult/s2_mult_out0__2 input sqrt/s17_inverse_square_root/s1_mult/s2_mult_out0__2/A[29:0] is not pipelined. Pipelining DSP48 input will improve performance.
Related violations: <none>

DPIP-1#58 Warning
Input pipelining  
DSP sqrt/s17_inverse_square_root/s1_mult/s2_mult_out0__2 input sqrt/s17_inverse_square_root/s1_mult/s2_mult_out0__2/B[17:0] is not pipelined. Pipelining DSP48 input will improve performance.
Related violations: <none>

DPIP-1#59 Warning
Input pipelining  
DSP sqrt/s17_inverse_square_root/s3_mult/s2_mult_out0 input sqrt/s17_inverse_square_root/s3_mult/s2_mult_out0/A[29:0] is not pipelined. Pipelining DSP48 input will improve performance.
Related violations: <none>

DPIP-1#60 Warning
Input pipelining  
DSP sqrt/s17_inverse_square_root/s3_mult/s2_mult_out0 input sqrt/s17_inverse_square_root/s3_mult/s2_mult_out0/B[17:0] is not pipelined. Pipelining DSP48 input will improve performance.
Related violations: <none>

DPIP-1#61 Warning
Input pipelining  
DSP sqrt/s17_inverse_square_root/s3_mult/s2_mult_out0__0 input sqrt/s17_inverse_square_root/s3_mult/s2_mult_out0__0/A[29:0] is not pipelined. Pipelining DSP48 input will improve performance.
Related violations: <none>

DPIP-1#62 Warning
Input pipelining  
DSP sqrt/s17_inverse_square_root/s3_mult/s2_mult_out0__0 input sqrt/s17_inverse_square_root/s3_mult/s2_mult_out0__0/B[17:0] is not pipelined. Pipelining DSP48 input will improve performance.
Related violations: <none>

DPIP-1#63 Warning
Input pipelining  
DSP sqrt/s17_inverse_square_root/s3_mult/s2_mult_out0__1 input sqrt/s17_inverse_square_root/s3_mult/s2_mult_out0__1/A[29:0] is not pipelined. Pipelining DSP48 input will improve performance.
Related violations: <none>

DPIP-1#64 Warning
Input pipelining  
DSP sqrt/s17_inverse_square_root/s3_mult/s2_mult_out0__1 input sqrt/s17_inverse_square_root/s3_mult/s2_mult_out0__1/B[17:0] is not pipelined. Pipelining DSP48 input will improve performance.
Related violations: <none>

DPIP-1#65 Warning
Input pipelining  
DSP sqrt/s17_inverse_square_root/s3_mult/s2_mult_out0__2 input sqrt/s17_inverse_square_root/s3_mult/s2_mult_out0__2/A[29:0] is not pipelined. Pipelining DSP48 input will improve performance.
Related violations: <none>

DPIP-1#66 Warning
Input pipelining  
DSP sqrt/s17_inverse_square_root/s3_mult/s2_mult_out0__2 input sqrt/s17_inverse_square_root/s3_mult/s2_mult_out0__2/B[17:0] is not pipelined. Pipelining DSP48 input will improve performance.
Related violations: <none>

DPIP-1#67 Warning
Input pipelining  
DSP sqrt/s17_inverse_square_root/s6_mult/s2_mult_out0 input sqrt/s17_inverse_square_root/s6_mult/s2_mult_out0/A[29:0] is not pipelined. Pipelining DSP48 input will improve performance.
Related violations: <none>

DPIP-1#68 Warning
Input pipelining  
DSP sqrt/s17_inverse_square_root/s6_mult/s2_mult_out0 input sqrt/s17_inverse_square_root/s6_mult/s2_mult_out0/B[17:0] is not pipelined. Pipelining DSP48 input will improve performance.
Related violations: <none>

DPIP-1#69 Warning
Input pipelining  
DSP sqrt/s17_inverse_square_root/s6_mult/s2_mult_out0__0 input sqrt/s17_inverse_square_root/s6_mult/s2_mult_out0__0/A[29:0] is not pipelined. Pipelining DSP48 input will improve performance.
Related violations: <none>

DPIP-1#70 Warning
Input pipelining  
DSP sqrt/s17_inverse_square_root/s6_mult/s2_mult_out0__1 input sqrt/s17_inverse_square_root/s6_mult/s2_mult_out0__1/A[29:0] is not pipelined. Pipelining DSP48 input will improve performance.
Related violations: <none>

DPIP-1#71 Warning
Input pipelining  
DSP sqrt/s17_inverse_square_root/s6_mult/s2_mult_out0__1 input sqrt/s17_inverse_square_root/s6_mult/s2_mult_out0__1/B[17:0] is not pipelined. Pipelining DSP48 input will improve performance.
Related violations: <none>

DPIP-1#72 Warning
Input pipelining  
DSP sqrt/s17_inverse_square_root/s6_mult/s2_mult_out0__2 input sqrt/s17_inverse_square_root/s6_mult/s2_mult_out0__2/B[17:0] is not pipelined. Pipelining DSP48 input will improve performance.
Related violations: <none>

DPIP-1#73 Warning
Input pipelining  
DSP sqrt/s17_inverse_square_root/s8_mult/s2_mult_out0 input sqrt/s17_inverse_square_root/s8_mult/s2_mult_out0/A[29:0] is not pipelined. Pipelining DSP48 input will improve performance.
Related violations: <none>

DPIP-1#74 Warning
Input pipelining  
DSP sqrt/s17_inverse_square_root/s8_mult/s2_mult_out0 input sqrt/s17_inverse_square_root/s8_mult/s2_mult_out0/B[17:0] is not pipelined. Pipelining DSP48 input will improve performance.
Related violations: <none>

DPIP-1#75 Warning
Input pipelining  
DSP sqrt/s17_inverse_square_root/s8_mult/s2_mult_out0__0 input sqrt/s17_inverse_square_root/s8_mult/s2_mult_out0__0/A[29:0] is not pipelined. Pipelining DSP48 input will improve performance.
Related violations: <none>

DPIP-1#76 Warning
Input pipelining  
DSP sqrt/s17_inverse_square_root/s8_mult/s2_mult_out0__0 input sqrt/s17_inverse_square_root/s8_mult/s2_mult_out0__0/B[17:0] is not pipelined. Pipelining DSP48 input will improve performance.
Related violations: <none>

DPIP-1#77 Warning
Input pipelining  
DSP sqrt/s17_inverse_square_root/s8_mult/s2_mult_out0__1 input sqrt/s17_inverse_square_root/s8_mult/s2_mult_out0__1/A[29:0] is not pipelined. Pipelining DSP48 input will improve performance.
Related violations: <none>

DPIP-1#78 Warning
Input pipelining  
DSP sqrt/s17_inverse_square_root/s8_mult/s2_mult_out0__1 input sqrt/s17_inverse_square_root/s8_mult/s2_mult_out0__1/B[17:0] is not pipelined. Pipelining DSP48 input will improve performance.
Related violations: <none>

DPIP-1#79 Warning
Input pipelining  
DSP sqrt/s17_inverse_square_root/s8_mult/s2_mult_out0__2 input sqrt/s17_inverse_square_root/s8_mult/s2_mult_out0__2/A[29:0] is not pipelined. Pipelining DSP48 input will improve performance.
Related violations: <none>

DPIP-1#80 Warning
Input pipelining  
DSP sqrt/s17_inverse_square_root/s8_mult/s2_mult_out0__2 input sqrt/s17_inverse_square_root/s8_mult/s2_mult_out0__2/B[17:0] is not pipelined. Pipelining DSP48 input will improve performance.
Related violations: <none>

DPIP-1#81 Warning
Input pipelining  
DSP sqrt/s17_mult/s2_mult_out0 input sqrt/s17_mult/s2_mult_out0/A[29:0] is not pipelined. Pipelining DSP48 input will improve performance.
Related violations: <none>

DPIP-1#82 Warning
Input pipelining  
DSP sqrt/s17_mult/s2_mult_out0 input sqrt/s17_mult/s2_mult_out0/B[17:0] is not pipelined. Pipelining DSP48 input will improve performance.
Related violations: <none>

DPIP-1#83 Warning
Input pipelining  
DSP sqrt/s17_mult/s2_mult_out0__0 input sqrt/s17_mult/s2_mult_out0__0/A[29:0] is not pipelined. Pipelining DSP48 input will improve performance.
Related violations: <none>

DPIP-1#84 Warning
Input pipelining  
DSP sqrt/s17_mult/s2_mult_out0__0 input sqrt/s17_mult/s2_mult_out0__0/B[17:0] is not pipelined. Pipelining DSP48 input will improve performance.
Related violations: <none>

DPIP-1#85 Warning
Input pipelining  
DSP sqrt/s17_mult/s2_mult_out0__1 input sqrt/s17_mult/s2_mult_out0__1/A[29:0] is not pipelined. Pipelining DSP48 input will improve performance.
Related violations: <none>

DPIP-1#86 Warning
Input pipelining  
DSP sqrt/s17_mult/s2_mult_out0__1 input sqrt/s17_mult/s2_mult_out0__1/B[17:0] is not pipelined. Pipelining DSP48 input will improve performance.
Related violations: <none>

DPIP-1#87 Warning
Input pipelining  
DSP sqrt/s17_mult/s2_mult_out0__2 input sqrt/s17_mult/s2_mult_out0__2/B[17:0] is not pipelined. Pipelining DSP48 input will improve performance.
Related violations: <none>

DPOP-1#1 Warning
PREG Output pipelining  
DSP division/s13_reciprocal/s1_mult/s2_mult_out0 output division/s13_reciprocal/s1_mult/s2_mult_out0/P[47:0] is not pipelined (PREG=0). Pipelining the DSP48 output will improve performance and often saves power so it is suggested whenever possible to fully pipeline this function.  If this DSP48 function was inferred, it is suggested to describe an additional register stage after this function.  If the DSP48 was instantiated in the design, it is suggested to set the PREG attribute to 1.
Related violations: <none>

DPOP-1#2 Warning
PREG Output pipelining  
DSP division/s13_reciprocal/s1_mult/s2_mult_out0__1 output division/s13_reciprocal/s1_mult/s2_mult_out0__1/P[47:0] is not pipelined (PREG=0). Pipelining the DSP48 output will improve performance and often saves power so it is suggested whenever possible to fully pipeline this function.  If this DSP48 function was inferred, it is suggested to describe an additional register stage after this function.  If the DSP48 was instantiated in the design, it is suggested to set the PREG attribute to 1.
Related violations: <none>

DPOP-1#3 Warning
PREG Output pipelining  
DSP division/s13_reciprocal/s4_mult/s2_mult_out0 output division/s13_reciprocal/s4_mult/s2_mult_out0/P[47:0] is not pipelined (PREG=0). Pipelining the DSP48 output will improve performance and often saves power so it is suggested whenever possible to fully pipeline this function.  If this DSP48 function was inferred, it is suggested to describe an additional register stage after this function.  If the DSP48 was instantiated in the design, it is suggested to set the PREG attribute to 1.
Related violations: <none>

DPOP-1#4 Warning
PREG Output pipelining  
DSP division/s13_reciprocal/s4_mult/s2_mult_out0__1 output division/s13_reciprocal/s4_mult/s2_mult_out0__1/P[47:0] is not pipelined (PREG=0). Pipelining the DSP48 output will improve performance and often saves power so it is suggested whenever possible to fully pipeline this function.  If this DSP48 function was inferred, it is suggested to describe an additional register stage after this function.  If the DSP48 was instantiated in the design, it is suggested to set the PREG attribute to 1.
Related violations: <none>

DPOP-1#5 Warning
PREG Output pipelining  
DSP division/s13_reciprocal/s6_mult/s2_mult_out0 output division/s13_reciprocal/s6_mult/s2_mult_out0/P[47:0] is not pipelined (PREG=0). Pipelining the DSP48 output will improve performance and often saves power so it is suggested whenever possible to fully pipeline this function.  If this DSP48 function was inferred, it is suggested to describe an additional register stage after this function.  If the DSP48 was instantiated in the design, it is suggested to set the PREG attribute to 1.
Related violations: <none>

DPOP-1#6 Warning
PREG Output pipelining  
DSP division/s13_reciprocal/s6_mult/s2_mult_out0__1 output division/s13_reciprocal/s6_mult/s2_mult_out0__1/P[47:0] is not pipelined (PREG=0). Pipelining the DSP48 output will improve performance and often saves power so it is suggested whenever possible to fully pipeline this function.  If this DSP48 function was inferred, it is suggested to describe an additional register stage after this function.  If the DSP48 was instantiated in the design, it is suggested to set the PREG attribute to 1.
Related violations: <none>

DPOP-1#7 Warning
PREG Output pipelining  
DSP division/s13_reciprocal/s9_mult/s2_mult_out0 output division/s13_reciprocal/s9_mult/s2_mult_out0/P[47:0] is not pipelined (PREG=0). Pipelining the DSP48 output will improve performance and often saves power so it is suggested whenever possible to fully pipeline this function.  If this DSP48 function was inferred, it is suggested to describe an additional register stage after this function.  If the DSP48 was instantiated in the design, it is suggested to set the PREG attribute to 1.
Related violations: <none>

DPOP-1#8 Warning
PREG Output pipelining  
DSP division/s13_reciprocal/s9_mult/s2_mult_out0__1 output division/s13_reciprocal/s9_mult/s2_mult_out0__1/P[47:0] is not pipelined (PREG=0). Pipelining the DSP48 output will improve performance and often saves power so it is suggested whenever possible to fully pipeline this function.  If this DSP48 function was inferred, it is suggested to describe an additional register stage after this function.  If the DSP48 was instantiated in the design, it is suggested to set the PREG attribute to 1.
Related violations: <none>

DPOP-1#9 Warning
PREG Output pipelining  
DSP division/s13_s15_mult/s2_mult_out0 output division/s13_s15_mult/s2_mult_out0/P[47:0] is not pipelined (PREG=0). Pipelining the DSP48 output will improve performance and often saves power so it is suggested whenever possible to fully pipeline this function.  If this DSP48 function was inferred, it is suggested to describe an additional register stage after this function.  If the DSP48 was instantiated in the design, it is suggested to set the PREG attribute to 1.
Related violations: <none>

DPOP-1#10 Warning
PREG Output pipelining  
DSP division/s13_s15_mult/s2_mult_out0__1 output division/s13_s15_mult/s2_mult_out0__1/P[47:0] is not pipelined (PREG=0). Pipelining the DSP48 output will improve performance and often saves power so it is suggested whenever possible to fully pipeline this function.  If this DSP48 function was inferred, it is suggested to describe an additional register stage after this function.  If the DSP48 was instantiated in the design, it is suggested to set the PREG attribute to 1.
Related violations: <none>

DPOP-1#11 Warning
PREG Output pipelining  
DSP sqrt/s17_inverse_square_root/s10_mult/s2_mult_out0 output sqrt/s17_inverse_square_root/s10_mult/s2_mult_out0/P[47:0] is not pipelined (PREG=0). Pipelining the DSP48 output will improve performance and often saves power so it is suggested whenever possible to fully pipeline this function.  If this DSP48 function was inferred, it is suggested to describe an additional register stage after this function.  If the DSP48 was instantiated in the design, it is suggested to set the PREG attribute to 1.
Related violations: <none>

DPOP-1#12 Warning
PREG Output pipelining  
DSP sqrt/s17_inverse_square_root/s10_mult/s2_mult_out0__1 output sqrt/s17_inverse_square_root/s10_mult/s2_mult_out0__1/P[47:0] is not pipelined (PREG=0). Pipelining the DSP48 output will improve performance and often saves power so it is suggested whenever possible to fully pipeline this function.  If this DSP48 function was inferred, it is suggested to describe an additional register stage after this function.  If the DSP48 was instantiated in the design, it is suggested to set the PREG attribute to 1.
Related violations: <none>

DPOP-1#13 Warning
PREG Output pipelining  
DSP sqrt/s17_inverse_square_root/s13_mult/s2_mult_out0 output sqrt/s17_inverse_square_root/s13_mult/s2_mult_out0/P[47:0] is not pipelined (PREG=0). Pipelining the DSP48 output will improve performance and often saves power so it is suggested whenever possible to fully pipeline this function.  If this DSP48 function was inferred, it is suggested to describe an additional register stage after this function.  If the DSP48 was instantiated in the design, it is suggested to set the PREG attribute to 1.
Related violations: <none>

DPOP-1#14 Warning
PREG Output pipelining  
DSP sqrt/s17_inverse_square_root/s13_mult/s2_mult_out0__1 output sqrt/s17_inverse_square_root/s13_mult/s2_mult_out0__1/P[47:0] is not pipelined (PREG=0). Pipelining the DSP48 output will improve performance and often saves power so it is suggested whenever possible to fully pipeline this function.  If this DSP48 function was inferred, it is suggested to describe an additional register stage after this function.  If the DSP48 was instantiated in the design, it is suggested to set the PREG attribute to 1.
Related violations: <none>

DPOP-1#15 Warning
PREG Output pipelining  
DSP sqrt/s17_inverse_square_root/s1_mult/s2_mult_out0 output sqrt/s17_inverse_square_root/s1_mult/s2_mult_out0/P[47:0] is not pipelined (PREG=0). Pipelining the DSP48 output will improve performance and often saves power so it is suggested whenever possible to fully pipeline this function.  If this DSP48 function was inferred, it is suggested to describe an additional register stage after this function.  If the DSP48 was instantiated in the design, it is suggested to set the PREG attribute to 1.
Related violations: <none>

DPOP-1#16 Warning
PREG Output pipelining  
DSP sqrt/s17_inverse_square_root/s1_mult/s2_mult_out0__1 output sqrt/s17_inverse_square_root/s1_mult/s2_mult_out0__1/P[47:0] is not pipelined (PREG=0). Pipelining the DSP48 output will improve performance and often saves power so it is suggested whenever possible to fully pipeline this function.  If this DSP48 function was inferred, it is suggested to describe an additional register stage after this function.  If the DSP48 was instantiated in the design, it is suggested to set the PREG attribute to 1.
Related violations: <none>

DPOP-1#17 Warning
PREG Output pipelining  
DSP sqrt/s17_inverse_square_root/s3_mult/s2_mult_out0 output sqrt/s17_inverse_square_root/s3_mult/s2_mult_out0/P[47:0] is not pipelined (PREG=0). Pipelining the DSP48 output will improve performance and often saves power so it is suggested whenever possible to fully pipeline this function.  If this DSP48 function was inferred, it is suggested to describe an additional register stage after this function.  If the DSP48 was instantiated in the design, it is suggested to set the PREG attribute to 1.
Related violations: <none>

DPOP-1#18 Warning
PREG Output pipelining  
DSP sqrt/s17_inverse_square_root/s3_mult/s2_mult_out0__1 output sqrt/s17_inverse_square_root/s3_mult/s2_mult_out0__1/P[47:0] is not pipelined (PREG=0). Pipelining the DSP48 output will improve performance and often saves power so it is suggested whenever possible to fully pipeline this function.  If this DSP48 function was inferred, it is suggested to describe an additional register stage after this function.  If the DSP48 was instantiated in the design, it is suggested to set the PREG attribute to 1.
Related violations: <none>

DPOP-1#19 Warning
PREG Output pipelining  
DSP sqrt/s17_inverse_square_root/s6_mult/s2_mult_out0 output sqrt/s17_inverse_square_root/s6_mult/s2_mult_out0/P[47:0] is not pipelined (PREG=0). Pipelining the DSP48 output will improve performance and often saves power so it is suggested whenever possible to fully pipeline this function.  If this DSP48 function was inferred, it is suggested to describe an additional register stage after this function.  If the DSP48 was instantiated in the design, it is suggested to set the PREG attribute to 1.
Related violations: <none>

DPOP-1#20 Warning
PREG Output pipelining  
DSP sqrt/s17_inverse_square_root/s6_mult/s2_mult_out0__1 output sqrt/s17_inverse_square_root/s6_mult/s2_mult_out0__1/P[47:0] is not pipelined (PREG=0). Pipelining the DSP48 output will improve performance and often saves power so it is suggested whenever possible to fully pipeline this function.  If this DSP48 function was inferred, it is suggested to describe an additional register stage after this function.  If the DSP48 was instantiated in the design, it is suggested to set the PREG attribute to 1.
Related violations: <none>

DPOP-1#21 Warning
PREG Output pipelining  
DSP sqrt/s17_inverse_square_root/s8_mult/s2_mult_out0 output sqrt/s17_inverse_square_root/s8_mult/s2_mult_out0/P[47:0] is not pipelined (PREG=0). Pipelining the DSP48 output will improve performance and often saves power so it is suggested whenever possible to fully pipeline this function.  If this DSP48 function was inferred, it is suggested to describe an additional register stage after this function.  If the DSP48 was instantiated in the design, it is suggested to set the PREG attribute to 1.
Related violations: <none>

DPOP-1#22 Warning
PREG Output pipelining  
DSP sqrt/s17_inverse_square_root/s8_mult/s2_mult_out0__1 output sqrt/s17_inverse_square_root/s8_mult/s2_mult_out0__1/P[47:0] is not pipelined (PREG=0). Pipelining the DSP48 output will improve performance and often saves power so it is suggested whenever possible to fully pipeline this function.  If this DSP48 function was inferred, it is suggested to describe an additional register stage after this function.  If the DSP48 was instantiated in the design, it is suggested to set the PREG attribute to 1.
Related violations: <none>

DPOP-1#23 Warning
PREG Output pipelining  
DSP sqrt/s17_mult/s2_mult_out0 output sqrt/s17_mult/s2_mult_out0/P[47:0] is not pipelined (PREG=0). Pipelining the DSP48 output will improve performance and often saves power so it is suggested whenever possible to fully pipeline this function.  If this DSP48 function was inferred, it is suggested to describe an additional register stage after this function.  If the DSP48 was instantiated in the design, it is suggested to set the PREG attribute to 1.
Related violations: <none>

DPOP-1#24 Warning
PREG Output pipelining  
DSP sqrt/s17_mult/s2_mult_out0__1 output sqrt/s17_mult/s2_mult_out0__1/P[47:0] is not pipelined (PREG=0). Pipelining the DSP48 output will improve performance and often saves power so it is suggested whenever possible to fully pipeline this function.  If this DSP48 function was inferred, it is suggested to describe an additional register stage after this function.  If the DSP48 was instantiated in the design, it is suggested to set the PREG attribute to 1.
Related violations: <none>

DPOP-2#1 Warning
MREG Output pipelining  
DSP division/s13_reciprocal/s1_mult/s2_mult_out0 multiplier stage division/s13_reciprocal/s1_mult/s2_mult_out0/P[47:0] is not pipelined (MREG=0). Pipelining the multiplier function will improve performance and will save significant power so it is suggested whenever possible to fully pipeline this function.  If this multiplier was inferred, it is suggested to describe an additional register stage after this function.  If there is no registered adder/accumulator following the multiply function, two pipeline stages are suggested to allow both the MREG and PREG registers to be used.  If the DSP48 was instantiated in the design, it is suggested to set both the MREG and PREG attributes to 1 when performing multiply functions.
Related violations: <none>

DPOP-2#2 Warning
MREG Output pipelining  
DSP division/s13_reciprocal/s1_mult/s2_mult_out0__0 multiplier stage division/s13_reciprocal/s1_mult/s2_mult_out0__0/P[47:0] is not pipelined (MREG=0). Pipelining the multiplier function will improve performance and will save significant power so it is suggested whenever possible to fully pipeline this function.  If this multiplier was inferred, it is suggested to describe an additional register stage after this function.  If there is no registered adder/accumulator following the multiply function, two pipeline stages are suggested to allow both the MREG and PREG registers to be used.  If the DSP48 was instantiated in the design, it is suggested to set both the MREG and PREG attributes to 1 when performing multiply functions.
Related violations: <none>

DPOP-2#3 Warning
MREG Output pipelining  
DSP division/s13_reciprocal/s1_mult/s2_mult_out0__1 multiplier stage division/s13_reciprocal/s1_mult/s2_mult_out0__1/P[47:0] is not pipelined (MREG=0). Pipelining the multiplier function will improve performance and will save significant power so it is suggested whenever possible to fully pipeline this function.  If this multiplier was inferred, it is suggested to describe an additional register stage after this function.  If there is no registered adder/accumulator following the multiply function, two pipeline stages are suggested to allow both the MREG and PREG registers to be used.  If the DSP48 was instantiated in the design, it is suggested to set both the MREG and PREG attributes to 1 when performing multiply functions.
Related violations: <none>

DPOP-2#4 Warning
MREG Output pipelining  
DSP division/s13_reciprocal/s1_mult/s2_mult_out0__2 multiplier stage division/s13_reciprocal/s1_mult/s2_mult_out0__2/P[47:0] is not pipelined (MREG=0). Pipelining the multiplier function will improve performance and will save significant power so it is suggested whenever possible to fully pipeline this function.  If this multiplier was inferred, it is suggested to describe an additional register stage after this function.  If there is no registered adder/accumulator following the multiply function, two pipeline stages are suggested to allow both the MREG and PREG registers to be used.  If the DSP48 was instantiated in the design, it is suggested to set both the MREG and PREG attributes to 1 when performing multiply functions.
Related violations: <none>

DPOP-2#5 Warning
MREG Output pipelining  
DSP division/s13_reciprocal/s4_mult/s2_mult_out0 multiplier stage division/s13_reciprocal/s4_mult/s2_mult_out0/P[47:0] is not pipelined (MREG=0). Pipelining the multiplier function will improve performance and will save significant power so it is suggested whenever possible to fully pipeline this function.  If this multiplier was inferred, it is suggested to describe an additional register stage after this function.  If there is no registered adder/accumulator following the multiply function, two pipeline stages are suggested to allow both the MREG and PREG registers to be used.  If the DSP48 was instantiated in the design, it is suggested to set both the MREG and PREG attributes to 1 when performing multiply functions.
Related violations: <none>

DPOP-2#6 Warning
MREG Output pipelining  
DSP division/s13_reciprocal/s4_mult/s2_mult_out0__0 multiplier stage division/s13_reciprocal/s4_mult/s2_mult_out0__0/P[47:0] is not pipelined (MREG=0). Pipelining the multiplier function will improve performance and will save significant power so it is suggested whenever possible to fully pipeline this function.  If this multiplier was inferred, it is suggested to describe an additional register stage after this function.  If there is no registered adder/accumulator following the multiply function, two pipeline stages are suggested to allow both the MREG and PREG registers to be used.  If the DSP48 was instantiated in the design, it is suggested to set both the MREG and PREG attributes to 1 when performing multiply functions.
Related violations: <none>

DPOP-2#7 Warning
MREG Output pipelining  
DSP division/s13_reciprocal/s4_mult/s2_mult_out0__1 multiplier stage division/s13_reciprocal/s4_mult/s2_mult_out0__1/P[47:0] is not pipelined (MREG=0). Pipelining the multiplier function will improve performance and will save significant power so it is suggested whenever possible to fully pipeline this function.  If this multiplier was inferred, it is suggested to describe an additional register stage after this function.  If there is no registered adder/accumulator following the multiply function, two pipeline stages are suggested to allow both the MREG and PREG registers to be used.  If the DSP48 was instantiated in the design, it is suggested to set both the MREG and PREG attributes to 1 when performing multiply functions.
Related violations: <none>

DPOP-2#8 Warning
MREG Output pipelining  
DSP division/s13_reciprocal/s4_mult/s2_mult_out0__2 multiplier stage division/s13_reciprocal/s4_mult/s2_mult_out0__2/P[47:0] is not pipelined (MREG=0). Pipelining the multiplier function will improve performance and will save significant power so it is suggested whenever possible to fully pipeline this function.  If this multiplier was inferred, it is suggested to describe an additional register stage after this function.  If there is no registered adder/accumulator following the multiply function, two pipeline stages are suggested to allow both the MREG and PREG registers to be used.  If the DSP48 was instantiated in the design, it is suggested to set both the MREG and PREG attributes to 1 when performing multiply functions.
Related violations: <none>

DPOP-2#9 Warning
MREG Output pipelining  
DSP division/s13_reciprocal/s6_mult/s2_mult_out0 multiplier stage division/s13_reciprocal/s6_mult/s2_mult_out0/P[47:0] is not pipelined (MREG=0). Pipelining the multiplier function will improve performance and will save significant power so it is suggested whenever possible to fully pipeline this function.  If this multiplier was inferred, it is suggested to describe an additional register stage after this function.  If there is no registered adder/accumulator following the multiply function, two pipeline stages are suggested to allow both the MREG and PREG registers to be used.  If the DSP48 was instantiated in the design, it is suggested to set both the MREG and PREG attributes to 1 when performing multiply functions.
Related violations: <none>

DPOP-2#10 Warning
MREG Output pipelining  
DSP division/s13_reciprocal/s6_mult/s2_mult_out0__0 multiplier stage division/s13_reciprocal/s6_mult/s2_mult_out0__0/P[47:0] is not pipelined (MREG=0). Pipelining the multiplier function will improve performance and will save significant power so it is suggested whenever possible to fully pipeline this function.  If this multiplier was inferred, it is suggested to describe an additional register stage after this function.  If there is no registered adder/accumulator following the multiply function, two pipeline stages are suggested to allow both the MREG and PREG registers to be used.  If the DSP48 was instantiated in the design, it is suggested to set both the MREG and PREG attributes to 1 when performing multiply functions.
Related violations: <none>

DPOP-2#11 Warning
MREG Output pipelining  
DSP division/s13_reciprocal/s6_mult/s2_mult_out0__1 multiplier stage division/s13_reciprocal/s6_mult/s2_mult_out0__1/P[47:0] is not pipelined (MREG=0). Pipelining the multiplier function will improve performance and will save significant power so it is suggested whenever possible to fully pipeline this function.  If this multiplier was inferred, it is suggested to describe an additional register stage after this function.  If there is no registered adder/accumulator following the multiply function, two pipeline stages are suggested to allow both the MREG and PREG registers to be used.  If the DSP48 was instantiated in the design, it is suggested to set both the MREG and PREG attributes to 1 when performing multiply functions.
Related violations: <none>

DPOP-2#12 Warning
MREG Output pipelining  
DSP division/s13_reciprocal/s6_mult/s2_mult_out0__2 multiplier stage division/s13_reciprocal/s6_mult/s2_mult_out0__2/P[47:0] is not pipelined (MREG=0). Pipelining the multiplier function will improve performance and will save significant power so it is suggested whenever possible to fully pipeline this function.  If this multiplier was inferred, it is suggested to describe an additional register stage after this function.  If there is no registered adder/accumulator following the multiply function, two pipeline stages are suggested to allow both the MREG and PREG registers to be used.  If the DSP48 was instantiated in the design, it is suggested to set both the MREG and PREG attributes to 1 when performing multiply functions.
Related violations: <none>

DPOP-2#13 Warning
MREG Output pipelining  
DSP division/s13_reciprocal/s9_mult/s2_mult_out0 multiplier stage division/s13_reciprocal/s9_mult/s2_mult_out0/P[47:0] is not pipelined (MREG=0). Pipelining the multiplier function will improve performance and will save significant power so it is suggested whenever possible to fully pipeline this function.  If this multiplier was inferred, it is suggested to describe an additional register stage after this function.  If there is no registered adder/accumulator following the multiply function, two pipeline stages are suggested to allow both the MREG and PREG registers to be used.  If the DSP48 was instantiated in the design, it is suggested to set both the MREG and PREG attributes to 1 when performing multiply functions.
Related violations: <none>

DPOP-2#14 Warning
MREG Output pipelining  
DSP division/s13_reciprocal/s9_mult/s2_mult_out0__0 multiplier stage division/s13_reciprocal/s9_mult/s2_mult_out0__0/P[47:0] is not pipelined (MREG=0). Pipelining the multiplier function will improve performance and will save significant power so it is suggested whenever possible to fully pipeline this function.  If this multiplier was inferred, it is suggested to describe an additional register stage after this function.  If there is no registered adder/accumulator following the multiply function, two pipeline stages are suggested to allow both the MREG and PREG registers to be used.  If the DSP48 was instantiated in the design, it is suggested to set both the MREG and PREG attributes to 1 when performing multiply functions.
Related violations: <none>

DPOP-2#15 Warning
MREG Output pipelining  
DSP division/s13_reciprocal/s9_mult/s2_mult_out0__1 multiplier stage division/s13_reciprocal/s9_mult/s2_mult_out0__1/P[47:0] is not pipelined (MREG=0). Pipelining the multiplier function will improve performance and will save significant power so it is suggested whenever possible to fully pipeline this function.  If this multiplier was inferred, it is suggested to describe an additional register stage after this function.  If there is no registered adder/accumulator following the multiply function, two pipeline stages are suggested to allow both the MREG and PREG registers to be used.  If the DSP48 was instantiated in the design, it is suggested to set both the MREG and PREG attributes to 1 when performing multiply functions.
Related violations: <none>

DPOP-2#16 Warning
MREG Output pipelining  
DSP division/s13_reciprocal/s9_mult/s2_mult_out0__2 multiplier stage division/s13_reciprocal/s9_mult/s2_mult_out0__2/P[47:0] is not pipelined (MREG=0). Pipelining the multiplier function will improve performance and will save significant power so it is suggested whenever possible to fully pipeline this function.  If this multiplier was inferred, it is suggested to describe an additional register stage after this function.  If there is no registered adder/accumulator following the multiply function, two pipeline stages are suggested to allow both the MREG and PREG registers to be used.  If the DSP48 was instantiated in the design, it is suggested to set both the MREG and PREG attributes to 1 when performing multiply functions.
Related violations: <none>

DPOP-2#17 Warning
MREG Output pipelining  
DSP division/s13_s15_mult/s2_mult_out0 multiplier stage division/s13_s15_mult/s2_mult_out0/P[47:0] is not pipelined (MREG=0). Pipelining the multiplier function will improve performance and will save significant power so it is suggested whenever possible to fully pipeline this function.  If this multiplier was inferred, it is suggested to describe an additional register stage after this function.  If there is no registered adder/accumulator following the multiply function, two pipeline stages are suggested to allow both the MREG and PREG registers to be used.  If the DSP48 was instantiated in the design, it is suggested to set both the MREG and PREG attributes to 1 when performing multiply functions.
Related violations: <none>

DPOP-2#18 Warning
MREG Output pipelining  
DSP division/s13_s15_mult/s2_mult_out0__0 multiplier stage division/s13_s15_mult/s2_mult_out0__0/P[47:0] is not pipelined (MREG=0). Pipelining the multiplier function will improve performance and will save significant power so it is suggested whenever possible to fully pipeline this function.  If this multiplier was inferred, it is suggested to describe an additional register stage after this function.  If there is no registered adder/accumulator following the multiply function, two pipeline stages are suggested to allow both the MREG and PREG registers to be used.  If the DSP48 was instantiated in the design, it is suggested to set both the MREG and PREG attributes to 1 when performing multiply functions.
Related violations: <none>

DPOP-2#19 Warning
MREG Output pipelining  
DSP division/s13_s15_mult/s2_mult_out0__1 multiplier stage division/s13_s15_mult/s2_mult_out0__1/P[47:0] is not pipelined (MREG=0). Pipelining the multiplier function will improve performance and will save significant power so it is suggested whenever possible to fully pipeline this function.  If this multiplier was inferred, it is suggested to describe an additional register stage after this function.  If there is no registered adder/accumulator following the multiply function, two pipeline stages are suggested to allow both the MREG and PREG registers to be used.  If the DSP48 was instantiated in the design, it is suggested to set both the MREG and PREG attributes to 1 when performing multiply functions.
Related violations: <none>

DPOP-2#20 Warning
MREG Output pipelining  
DSP division/s13_s15_mult/s2_mult_out0__2 multiplier stage division/s13_s15_mult/s2_mult_out0__2/P[47:0] is not pipelined (MREG=0). Pipelining the multiplier function will improve performance and will save significant power so it is suggested whenever possible to fully pipeline this function.  If this multiplier was inferred, it is suggested to describe an additional register stage after this function.  If there is no registered adder/accumulator following the multiply function, two pipeline stages are suggested to allow both the MREG and PREG registers to be used.  If the DSP48 was instantiated in the design, it is suggested to set both the MREG and PREG attributes to 1 when performing multiply functions.
Related violations: <none>

DPOP-2#21 Warning
MREG Output pipelining  
DSP sqrt/s17_inverse_square_root/s10_mult/s2_mult_out0 multiplier stage sqrt/s17_inverse_square_root/s10_mult/s2_mult_out0/P[47:0] is not pipelined (MREG=0). Pipelining the multiplier function will improve performance and will save significant power so it is suggested whenever possible to fully pipeline this function.  If this multiplier was inferred, it is suggested to describe an additional register stage after this function.  If there is no registered adder/accumulator following the multiply function, two pipeline stages are suggested to allow both the MREG and PREG registers to be used.  If the DSP48 was instantiated in the design, it is suggested to set both the MREG and PREG attributes to 1 when performing multiply functions.
Related violations: <none>

DPOP-2#22 Warning
MREG Output pipelining  
DSP sqrt/s17_inverse_square_root/s10_mult/s2_mult_out0__0 multiplier stage sqrt/s17_inverse_square_root/s10_mult/s2_mult_out0__0/P[47:0] is not pipelined (MREG=0). Pipelining the multiplier function will improve performance and will save significant power so it is suggested whenever possible to fully pipeline this function.  If this multiplier was inferred, it is suggested to describe an additional register stage after this function.  If there is no registered adder/accumulator following the multiply function, two pipeline stages are suggested to allow both the MREG and PREG registers to be used.  If the DSP48 was instantiated in the design, it is suggested to set both the MREG and PREG attributes to 1 when performing multiply functions.
Related violations: <none>

DPOP-2#23 Warning
MREG Output pipelining  
DSP sqrt/s17_inverse_square_root/s10_mult/s2_mult_out0__1 multiplier stage sqrt/s17_inverse_square_root/s10_mult/s2_mult_out0__1/P[47:0] is not pipelined (MREG=0). Pipelining the multiplier function will improve performance and will save significant power so it is suggested whenever possible to fully pipeline this function.  If this multiplier was inferred, it is suggested to describe an additional register stage after this function.  If there is no registered adder/accumulator following the multiply function, two pipeline stages are suggested to allow both the MREG and PREG registers to be used.  If the DSP48 was instantiated in the design, it is suggested to set both the MREG and PREG attributes to 1 when performing multiply functions.
Related violations: <none>

DPOP-2#24 Warning
MREG Output pipelining  
DSP sqrt/s17_inverse_square_root/s10_mult/s2_mult_out0__2 multiplier stage sqrt/s17_inverse_square_root/s10_mult/s2_mult_out0__2/P[47:0] is not pipelined (MREG=0). Pipelining the multiplier function will improve performance and will save significant power so it is suggested whenever possible to fully pipeline this function.  If this multiplier was inferred, it is suggested to describe an additional register stage after this function.  If there is no registered adder/accumulator following the multiply function, two pipeline stages are suggested to allow both the MREG and PREG registers to be used.  If the DSP48 was instantiated in the design, it is suggested to set both the MREG and PREG attributes to 1 when performing multiply functions.
Related violations: <none>

DPOP-2#25 Warning
MREG Output pipelining  
DSP sqrt/s17_inverse_square_root/s13_mult/s2_mult_out0 multiplier stage sqrt/s17_inverse_square_root/s13_mult/s2_mult_out0/P[47:0] is not pipelined (MREG=0). Pipelining the multiplier function will improve performance and will save significant power so it is suggested whenever possible to fully pipeline this function.  If this multiplier was inferred, it is suggested to describe an additional register stage after this function.  If there is no registered adder/accumulator following the multiply function, two pipeline stages are suggested to allow both the MREG and PREG registers to be used.  If the DSP48 was instantiated in the design, it is suggested to set both the MREG and PREG attributes to 1 when performing multiply functions.
Related violations: <none>

DPOP-2#26 Warning
MREG Output pipelining  
DSP sqrt/s17_inverse_square_root/s13_mult/s2_mult_out0__0 multiplier stage sqrt/s17_inverse_square_root/s13_mult/s2_mult_out0__0/P[47:0] is not pipelined (MREG=0). Pipelining the multiplier function will improve performance and will save significant power so it is suggested whenever possible to fully pipeline this function.  If this multiplier was inferred, it is suggested to describe an additional register stage after this function.  If there is no registered adder/accumulator following the multiply function, two pipeline stages are suggested to allow both the MREG and PREG registers to be used.  If the DSP48 was instantiated in the design, it is suggested to set both the MREG and PREG attributes to 1 when performing multiply functions.
Related violations: <none>

DPOP-2#27 Warning
MREG Output pipelining  
DSP sqrt/s17_inverse_square_root/s13_mult/s2_mult_out0__1 multiplier stage sqrt/s17_inverse_square_root/s13_mult/s2_mult_out0__1/P[47:0] is not pipelined (MREG=0). Pipelining the multiplier function will improve performance and will save significant power so it is suggested whenever possible to fully pipeline this function.  If this multiplier was inferred, it is suggested to describe an additional register stage after this function.  If there is no registered adder/accumulator following the multiply function, two pipeline stages are suggested to allow both the MREG and PREG registers to be used.  If the DSP48 was instantiated in the design, it is suggested to set both the MREG and PREG attributes to 1 when performing multiply functions.
Related violations: <none>

DPOP-2#28 Warning
MREG Output pipelining  
DSP sqrt/s17_inverse_square_root/s13_mult/s2_mult_out0__2 multiplier stage sqrt/s17_inverse_square_root/s13_mult/s2_mult_out0__2/P[47:0] is not pipelined (MREG=0). Pipelining the multiplier function will improve performance and will save significant power so it is suggested whenever possible to fully pipeline this function.  If this multiplier was inferred, it is suggested to describe an additional register stage after this function.  If there is no registered adder/accumulator following the multiply function, two pipeline stages are suggested to allow both the MREG and PREG registers to be used.  If the DSP48 was instantiated in the design, it is suggested to set both the MREG and PREG attributes to 1 when performing multiply functions.
Related violations: <none>

DPOP-2#29 Warning
MREG Output pipelining  
DSP sqrt/s17_inverse_square_root/s1_mult/s2_mult_out0 multiplier stage sqrt/s17_inverse_square_root/s1_mult/s2_mult_out0/P[47:0] is not pipelined (MREG=0). Pipelining the multiplier function will improve performance and will save significant power so it is suggested whenever possible to fully pipeline this function.  If this multiplier was inferred, it is suggested to describe an additional register stage after this function.  If there is no registered adder/accumulator following the multiply function, two pipeline stages are suggested to allow both the MREG and PREG registers to be used.  If the DSP48 was instantiated in the design, it is suggested to set both the MREG and PREG attributes to 1 when performing multiply functions.
Related violations: <none>

DPOP-2#30 Warning
MREG Output pipelining  
DSP sqrt/s17_inverse_square_root/s1_mult/s2_mult_out0__0 multiplier stage sqrt/s17_inverse_square_root/s1_mult/s2_mult_out0__0/P[47:0] is not pipelined (MREG=0). Pipelining the multiplier function will improve performance and will save significant power so it is suggested whenever possible to fully pipeline this function.  If this multiplier was inferred, it is suggested to describe an additional register stage after this function.  If there is no registered adder/accumulator following the multiply function, two pipeline stages are suggested to allow both the MREG and PREG registers to be used.  If the DSP48 was instantiated in the design, it is suggested to set both the MREG and PREG attributes to 1 when performing multiply functions.
Related violations: <none>

DPOP-2#31 Warning
MREG Output pipelining  
DSP sqrt/s17_inverse_square_root/s1_mult/s2_mult_out0__1 multiplier stage sqrt/s17_inverse_square_root/s1_mult/s2_mult_out0__1/P[47:0] is not pipelined (MREG=0). Pipelining the multiplier function will improve performance and will save significant power so it is suggested whenever possible to fully pipeline this function.  If this multiplier was inferred, it is suggested to describe an additional register stage after this function.  If there is no registered adder/accumulator following the multiply function, two pipeline stages are suggested to allow both the MREG and PREG registers to be used.  If the DSP48 was instantiated in the design, it is suggested to set both the MREG and PREG attributes to 1 when performing multiply functions.
Related violations: <none>

DPOP-2#32 Warning
MREG Output pipelining  
DSP sqrt/s17_inverse_square_root/s1_mult/s2_mult_out0__2 multiplier stage sqrt/s17_inverse_square_root/s1_mult/s2_mult_out0__2/P[47:0] is not pipelined (MREG=0). Pipelining the multiplier function will improve performance and will save significant power so it is suggested whenever possible to fully pipeline this function.  If this multiplier was inferred, it is suggested to describe an additional register stage after this function.  If there is no registered adder/accumulator following the multiply function, two pipeline stages are suggested to allow both the MREG and PREG registers to be used.  If the DSP48 was instantiated in the design, it is suggested to set both the MREG and PREG attributes to 1 when performing multiply functions.
Related violations: <none>

DPOP-2#33 Warning
MREG Output pipelining  
DSP sqrt/s17_inverse_square_root/s3_mult/s2_mult_out0 multiplier stage sqrt/s17_inverse_square_root/s3_mult/s2_mult_out0/P[47:0] is not pipelined (MREG=0). Pipelining the multiplier function will improve performance and will save significant power so it is suggested whenever possible to fully pipeline this function.  If this multiplier was inferred, it is suggested to describe an additional register stage after this function.  If there is no registered adder/accumulator following the multiply function, two pipeline stages are suggested to allow both the MREG and PREG registers to be used.  If the DSP48 was instantiated in the design, it is suggested to set both the MREG and PREG attributes to 1 when performing multiply functions.
Related violations: <none>

DPOP-2#34 Warning
MREG Output pipelining  
DSP sqrt/s17_inverse_square_root/s3_mult/s2_mult_out0__0 multiplier stage sqrt/s17_inverse_square_root/s3_mult/s2_mult_out0__0/P[47:0] is not pipelined (MREG=0). Pipelining the multiplier function will improve performance and will save significant power so it is suggested whenever possible to fully pipeline this function.  If this multiplier was inferred, it is suggested to describe an additional register stage after this function.  If there is no registered adder/accumulator following the multiply function, two pipeline stages are suggested to allow both the MREG and PREG registers to be used.  If the DSP48 was instantiated in the design, it is suggested to set both the MREG and PREG attributes to 1 when performing multiply functions.
Related violations: <none>

DPOP-2#35 Warning
MREG Output pipelining  
DSP sqrt/s17_inverse_square_root/s3_mult/s2_mult_out0__1 multiplier stage sqrt/s17_inverse_square_root/s3_mult/s2_mult_out0__1/P[47:0] is not pipelined (MREG=0). Pipelining the multiplier function will improve performance and will save significant power so it is suggested whenever possible to fully pipeline this function.  If this multiplier was inferred, it is suggested to describe an additional register stage after this function.  If there is no registered adder/accumulator following the multiply function, two pipeline stages are suggested to allow both the MREG and PREG registers to be used.  If the DSP48 was instantiated in the design, it is suggested to set both the MREG and PREG attributes to 1 when performing multiply functions.
Related violations: <none>

DPOP-2#36 Warning
MREG Output pipelining  
DSP sqrt/s17_inverse_square_root/s3_mult/s2_mult_out0__2 multiplier stage sqrt/s17_inverse_square_root/s3_mult/s2_mult_out0__2/P[47:0] is not pipelined (MREG=0). Pipelining the multiplier function will improve performance and will save significant power so it is suggested whenever possible to fully pipeline this function.  If this multiplier was inferred, it is suggested to describe an additional register stage after this function.  If there is no registered adder/accumulator following the multiply function, two pipeline stages are suggested to allow both the MREG and PREG registers to be used.  If the DSP48 was instantiated in the design, it is suggested to set both the MREG and PREG attributes to 1 when performing multiply functions.
Related violations: <none>

DPOP-2#37 Warning
MREG Output pipelining  
DSP sqrt/s17_inverse_square_root/s6_mult/s2_mult_out0 multiplier stage sqrt/s17_inverse_square_root/s6_mult/s2_mult_out0/P[47:0] is not pipelined (MREG=0). Pipelining the multiplier function will improve performance and will save significant power so it is suggested whenever possible to fully pipeline this function.  If this multiplier was inferred, it is suggested to describe an additional register stage after this function.  If there is no registered adder/accumulator following the multiply function, two pipeline stages are suggested to allow both the MREG and PREG registers to be used.  If the DSP48 was instantiated in the design, it is suggested to set both the MREG and PREG attributes to 1 when performing multiply functions.
Related violations: <none>

DPOP-2#38 Warning
MREG Output pipelining  
DSP sqrt/s17_inverse_square_root/s6_mult/s2_mult_out0__0 multiplier stage sqrt/s17_inverse_square_root/s6_mult/s2_mult_out0__0/P[47:0] is not pipelined (MREG=0). Pipelining the multiplier function will improve performance and will save significant power so it is suggested whenever possible to fully pipeline this function.  If this multiplier was inferred, it is suggested to describe an additional register stage after this function.  If there is no registered adder/accumulator following the multiply function, two pipeline stages are suggested to allow both the MREG and PREG registers to be used.  If the DSP48 was instantiated in the design, it is suggested to set both the MREG and PREG attributes to 1 when performing multiply functions.
Related violations: <none>

DPOP-2#39 Warning
MREG Output pipelining  
DSP sqrt/s17_inverse_square_root/s6_mult/s2_mult_out0__1 multiplier stage sqrt/s17_inverse_square_root/s6_mult/s2_mult_out0__1/P[47:0] is not pipelined (MREG=0). Pipelining the multiplier function will improve performance and will save significant power so it is suggested whenever possible to fully pipeline this function.  If this multiplier was inferred, it is suggested to describe an additional register stage after this function.  If there is no registered adder/accumulator following the multiply function, two pipeline stages are suggested to allow both the MREG and PREG registers to be used.  If the DSP48 was instantiated in the design, it is suggested to set both the MREG and PREG attributes to 1 when performing multiply functions.
Related violations: <none>

DPOP-2#40 Warning
MREG Output pipelining  
DSP sqrt/s17_inverse_square_root/s6_mult/s2_mult_out0__2 multiplier stage sqrt/s17_inverse_square_root/s6_mult/s2_mult_out0__2/P[47:0] is not pipelined (MREG=0). Pipelining the multiplier function will improve performance and will save significant power so it is suggested whenever possible to fully pipeline this function.  If this multiplier was inferred, it is suggested to describe an additional register stage after this function.  If there is no registered adder/accumulator following the multiply function, two pipeline stages are suggested to allow both the MREG and PREG registers to be used.  If the DSP48 was instantiated in the design, it is suggested to set both the MREG and PREG attributes to 1 when performing multiply functions.
Related violations: <none>

DPOP-2#41 Warning
MREG Output pipelining  
DSP sqrt/s17_inverse_square_root/s8_mult/s2_mult_out0 multiplier stage sqrt/s17_inverse_square_root/s8_mult/s2_mult_out0/P[47:0] is not pipelined (MREG=0). Pipelining the multiplier function will improve performance and will save significant power so it is suggested whenever possible to fully pipeline this function.  If this multiplier was inferred, it is suggested to describe an additional register stage after this function.  If there is no registered adder/accumulator following the multiply function, two pipeline stages are suggested to allow both the MREG and PREG registers to be used.  If the DSP48 was instantiated in the design, it is suggested to set both the MREG and PREG attributes to 1 when performing multiply functions.
Related violations: <none>

DPOP-2#42 Warning
MREG Output pipelining  
DSP sqrt/s17_inverse_square_root/s8_mult/s2_mult_out0__0 multiplier stage sqrt/s17_inverse_square_root/s8_mult/s2_mult_out0__0/P[47:0] is not pipelined (MREG=0). Pipelining the multiplier function will improve performance and will save significant power so it is suggested whenever possible to fully pipeline this function.  If this multiplier was inferred, it is suggested to describe an additional register stage after this function.  If there is no registered adder/accumulator following the multiply function, two pipeline stages are suggested to allow both the MREG and PREG registers to be used.  If the DSP48 was instantiated in the design, it is suggested to set both the MREG and PREG attributes to 1 when performing multiply functions.
Related violations: <none>

DPOP-2#43 Warning
MREG Output pipelining  
DSP sqrt/s17_inverse_square_root/s8_mult/s2_mult_out0__1 multiplier stage sqrt/s17_inverse_square_root/s8_mult/s2_mult_out0__1/P[47:0] is not pipelined (MREG=0). Pipelining the multiplier function will improve performance and will save significant power so it is suggested whenever possible to fully pipeline this function.  If this multiplier was inferred, it is suggested to describe an additional register stage after this function.  If there is no registered adder/accumulator following the multiply function, two pipeline stages are suggested to allow both the MREG and PREG registers to be used.  If the DSP48 was instantiated in the design, it is suggested to set both the MREG and PREG attributes to 1 when performing multiply functions.
Related violations: <none>

DPOP-2#44 Warning
MREG Output pipelining  
DSP sqrt/s17_inverse_square_root/s8_mult/s2_mult_out0__2 multiplier stage sqrt/s17_inverse_square_root/s8_mult/s2_mult_out0__2/P[47:0] is not pipelined (MREG=0). Pipelining the multiplier function will improve performance and will save significant power so it is suggested whenever possible to fully pipeline this function.  If this multiplier was inferred, it is suggested to describe an additional register stage after this function.  If there is no registered adder/accumulator following the multiply function, two pipeline stages are suggested to allow both the MREG and PREG registers to be used.  If the DSP48 was instantiated in the design, it is suggested to set both the MREG and PREG attributes to 1 when performing multiply functions.
Related violations: <none>

DPOP-2#45 Warning
MREG Output pipelining  
DSP sqrt/s17_mult/s2_mult_out0 multiplier stage sqrt/s17_mult/s2_mult_out0/P[47:0] is not pipelined (MREG=0). Pipelining the multiplier function will improve performance and will save significant power so it is suggested whenever possible to fully pipeline this function.  If this multiplier was inferred, it is suggested to describe an additional register stage after this function.  If there is no registered adder/accumulator following the multiply function, two pipeline stages are suggested to allow both the MREG and PREG registers to be used.  If the DSP48 was instantiated in the design, it is suggested to set both the MREG and PREG attributes to 1 when performing multiply functions.
Related violations: <none>

DPOP-2#46 Warning
MREG Output pipelining  
DSP sqrt/s17_mult/s2_mult_out0__0 multiplier stage sqrt/s17_mult/s2_mult_out0__0/P[47:0] is not pipelined (MREG=0). Pipelining the multiplier function will improve performance and will save significant power so it is suggested whenever possible to fully pipeline this function.  If this multiplier was inferred, it is suggested to describe an additional register stage after this function.  If there is no registered adder/accumulator following the multiply function, two pipeline stages are suggested to allow both the MREG and PREG registers to be used.  If the DSP48 was instantiated in the design, it is suggested to set both the MREG and PREG attributes to 1 when performing multiply functions.
Related violations: <none>

DPOP-2#47 Warning
MREG Output pipelining  
DSP sqrt/s17_mult/s2_mult_out0__1 multiplier stage sqrt/s17_mult/s2_mult_out0__1/P[47:0] is not pipelined (MREG=0). Pipelining the multiplier function will improve performance and will save significant power so it is suggested whenever possible to fully pipeline this function.  If this multiplier was inferred, it is suggested to describe an additional register stage after this function.  If there is no registered adder/accumulator following the multiply function, two pipeline stages are suggested to allow both the MREG and PREG registers to be used.  If the DSP48 was instantiated in the design, it is suggested to set both the MREG and PREG attributes to 1 when performing multiply functions.
Related violations: <none>

DPOP-2#48 Warning
MREG Output pipelining  
DSP sqrt/s17_mult/s2_mult_out0__2 multiplier stage sqrt/s17_mult/s2_mult_out0__2/P[47:0] is not pipelined (MREG=0). Pipelining the multiplier function will improve performance and will save significant power so it is suggested whenever possible to fully pipeline this function.  If this multiplier was inferred, it is suggested to describe an additional register stage after this function.  If there is no registered adder/accumulator following the multiply function, two pipeline stages are suggested to allow both the MREG and PREG registers to be used.  If the DSP48 was instantiated in the design, it is suggested to set both the MREG and PREG attributes to 1 when performing multiply functions.
Related violations: <none>

DPOR-1#1 Warning
Asynchronous load check  
DSP division/s13_reciprocal/s1_mult/s2_mult_out0 output is connected to registers with an asynchronous reset (division/s13_reciprocal/s1_mult/s2_mult_out_reg[0]). This is preventing the possibility of merging these registers in to the DSP Block since the DSP block registers only possess synchronous reset capability.  It is suggested to recode or change these registers to remove the reset or use a synchronous reset to get the best optimization for performance, power and area.
Related violations: <none>

DPOR-1#2 Warning
Asynchronous load check  
DSP division/s13_reciprocal/s1_mult/s2_mult_out0 output is connected to registers with an asynchronous reset (division/s13_reciprocal/s1_mult/s2_mult_out_reg[10]). This is preventing the possibility of merging these registers in to the DSP Block since the DSP block registers only possess synchronous reset capability.  It is suggested to recode or change these registers to remove the reset or use a synchronous reset to get the best optimization for performance, power and area.
Related violations: <none>

DPOR-1#3 Warning
Asynchronous load check  
DSP division/s13_reciprocal/s1_mult/s2_mult_out0 output is connected to registers with an asynchronous reset (division/s13_reciprocal/s1_mult/s2_mult_out_reg[11]). This is preventing the possibility of merging these registers in to the DSP Block since the DSP block registers only possess synchronous reset capability.  It is suggested to recode or change these registers to remove the reset or use a synchronous reset to get the best optimization for performance, power and area.
Related violations: <none>

DPOR-1#4 Warning
Asynchronous load check  
DSP division/s13_reciprocal/s1_mult/s2_mult_out0 output is connected to registers with an asynchronous reset (division/s13_reciprocal/s1_mult/s2_mult_out_reg[12]). This is preventing the possibility of merging these registers in to the DSP Block since the DSP block registers only possess synchronous reset capability.  It is suggested to recode or change these registers to remove the reset or use a synchronous reset to get the best optimization for performance, power and area.
Related violations: <none>

DPOR-1#5 Warning
Asynchronous load check  
DSP division/s13_reciprocal/s1_mult/s2_mult_out0 output is connected to registers with an asynchronous reset (division/s13_reciprocal/s1_mult/s2_mult_out_reg[13]). This is preventing the possibility of merging these registers in to the DSP Block since the DSP block registers only possess synchronous reset capability.  It is suggested to recode or change these registers to remove the reset or use a synchronous reset to get the best optimization for performance, power and area.
Related violations: <none>

DPOR-1#6 Warning
Asynchronous load check  
DSP division/s13_reciprocal/s1_mult/s2_mult_out0 output is connected to registers with an asynchronous reset (division/s13_reciprocal/s1_mult/s2_mult_out_reg[14]). This is preventing the possibility of merging these registers in to the DSP Block since the DSP block registers only possess synchronous reset capability.  It is suggested to recode or change these registers to remove the reset or use a synchronous reset to get the best optimization for performance, power and area.
Related violations: <none>

DPOR-1#7 Warning
Asynchronous load check  
DSP division/s13_reciprocal/s1_mult/s2_mult_out0 output is connected to registers with an asynchronous reset (division/s13_reciprocal/s1_mult/s2_mult_out_reg[15]). This is preventing the possibility of merging these registers in to the DSP Block since the DSP block registers only possess synchronous reset capability.  It is suggested to recode or change these registers to remove the reset or use a synchronous reset to get the best optimization for performance, power and area.
Related violations: <none>

DPOR-1#8 Warning
Asynchronous load check  
DSP division/s13_reciprocal/s1_mult/s2_mult_out0 output is connected to registers with an asynchronous reset (division/s13_reciprocal/s1_mult/s2_mult_out_reg[16]). This is preventing the possibility of merging these registers in to the DSP Block since the DSP block registers only possess synchronous reset capability.  It is suggested to recode or change these registers to remove the reset or use a synchronous reset to get the best optimization for performance, power and area.
Related violations: <none>

DPOR-1#9 Warning
Asynchronous load check  
DSP division/s13_reciprocal/s1_mult/s2_mult_out0 output is connected to registers with an asynchronous reset (division/s13_reciprocal/s1_mult/s2_mult_out_reg[1]). This is preventing the possibility of merging these registers in to the DSP Block since the DSP block registers only possess synchronous reset capability.  It is suggested to recode or change these registers to remove the reset or use a synchronous reset to get the best optimization for performance, power and area.
Related violations: <none>

DPOR-1#10 Warning
Asynchronous load check  
DSP division/s13_reciprocal/s1_mult/s2_mult_out0 output is connected to registers with an asynchronous reset (division/s13_reciprocal/s1_mult/s2_mult_out_reg[2]). This is preventing the possibility of merging these registers in to the DSP Block since the DSP block registers only possess synchronous reset capability.  It is suggested to recode or change these registers to remove the reset or use a synchronous reset to get the best optimization for performance, power and area.
Related violations: <none>

DPOR-1#11 Warning
Asynchronous load check  
DSP division/s13_reciprocal/s1_mult/s2_mult_out0 output is connected to registers with an asynchronous reset (division/s13_reciprocal/s1_mult/s2_mult_out_reg[3]). This is preventing the possibility of merging these registers in to the DSP Block since the DSP block registers only possess synchronous reset capability.  It is suggested to recode or change these registers to remove the reset or use a synchronous reset to get the best optimization for performance, power and area.
Related violations: <none>

DPOR-1#12 Warning
Asynchronous load check  
DSP division/s13_reciprocal/s1_mult/s2_mult_out0 output is connected to registers with an asynchronous reset (division/s13_reciprocal/s1_mult/s2_mult_out_reg[4]). This is preventing the possibility of merging these registers in to the DSP Block since the DSP block registers only possess synchronous reset capability.  It is suggested to recode or change these registers to remove the reset or use a synchronous reset to get the best optimization for performance, power and area.
Related violations: <none>

DPOR-1#13 Warning
Asynchronous load check  
DSP division/s13_reciprocal/s1_mult/s2_mult_out0 output is connected to registers with an asynchronous reset (division/s13_reciprocal/s1_mult/s2_mult_out_reg[5]). This is preventing the possibility of merging these registers in to the DSP Block since the DSP block registers only possess synchronous reset capability.  It is suggested to recode or change these registers to remove the reset or use a synchronous reset to get the best optimization for performance, power and area.
Related violations: <none>

DPOR-1#14 Warning
Asynchronous load check  
DSP division/s13_reciprocal/s1_mult/s2_mult_out0 output is connected to registers with an asynchronous reset (division/s13_reciprocal/s1_mult/s2_mult_out_reg[6]). This is preventing the possibility of merging these registers in to the DSP Block since the DSP block registers only possess synchronous reset capability.  It is suggested to recode or change these registers to remove the reset or use a synchronous reset to get the best optimization for performance, power and area.
Related violations: <none>

DPOR-1#15 Warning
Asynchronous load check  
DSP division/s13_reciprocal/s1_mult/s2_mult_out0 output is connected to registers with an asynchronous reset (division/s13_reciprocal/s1_mult/s2_mult_out_reg[7]). This is preventing the possibility of merging these registers in to the DSP Block since the DSP block registers only possess synchronous reset capability.  It is suggested to recode or change these registers to remove the reset or use a synchronous reset to get the best optimization for performance, power and area.
Related violations: <none>

DPOR-1#16 Warning
Asynchronous load check  
DSP division/s13_reciprocal/s1_mult/s2_mult_out0 output is connected to registers with an asynchronous reset (division/s13_reciprocal/s1_mult/s2_mult_out_reg[8]). This is preventing the possibility of merging these registers in to the DSP Block since the DSP block registers only possess synchronous reset capability.  It is suggested to recode or change these registers to remove the reset or use a synchronous reset to get the best optimization for performance, power and area.
Related violations: <none>

DPOR-1#17 Warning
Asynchronous load check  
DSP division/s13_reciprocal/s1_mult/s2_mult_out0 output is connected to registers with an asynchronous reset (division/s13_reciprocal/s1_mult/s2_mult_out_reg[9]). This is preventing the possibility of merging these registers in to the DSP Block since the DSP block registers only possess synchronous reset capability.  It is suggested to recode or change these registers to remove the reset or use a synchronous reset to get the best optimization for performance, power and area.
Related violations: <none>

DPOR-1#18 Warning
Asynchronous load check  
DSP division/s13_reciprocal/s1_mult/s2_mult_out0__1 output is connected to registers with an asynchronous reset (division/s13_reciprocal/s1_mult/s2_mult_out_reg[16]__1). This is preventing the possibility of merging these registers in to the DSP Block since the DSP block registers only possess synchronous reset capability.  It is suggested to recode or change these registers to remove the reset or use a synchronous reset to get the best optimization for performance, power and area.
Related violations: <none>

DPOR-1#19 Warning
Asynchronous load check  
DSP division/s13_reciprocal/s4_mult/s2_mult_out0 output is connected to registers with an asynchronous reset (division/s13_reciprocal/s4_mult/s2_mult_out_reg[0]). This is preventing the possibility of merging these registers in to the DSP Block since the DSP block registers only possess synchronous reset capability.  It is suggested to recode or change these registers to remove the reset or use a synchronous reset to get the best optimization for performance, power and area.
Related violations: <none>

DPOR-1#20 Warning
Asynchronous load check  
DSP division/s13_reciprocal/s4_mult/s2_mult_out0 output is connected to registers with an asynchronous reset (division/s13_reciprocal/s4_mult/s2_mult_out_reg[10]). This is preventing the possibility of merging these registers in to the DSP Block since the DSP block registers only possess synchronous reset capability.  It is suggested to recode or change these registers to remove the reset or use a synchronous reset to get the best optimization for performance, power and area.
Related violations: <none>

DPOR-1#21 Warning
Asynchronous load check  
DSP division/s13_reciprocal/s4_mult/s2_mult_out0 output is connected to registers with an asynchronous reset (division/s13_reciprocal/s4_mult/s2_mult_out_reg[11]). This is preventing the possibility of merging these registers in to the DSP Block since the DSP block registers only possess synchronous reset capability.  It is suggested to recode or change these registers to remove the reset or use a synchronous reset to get the best optimization for performance, power and area.
Related violations: <none>

DPOR-1#22 Warning
Asynchronous load check  
DSP division/s13_reciprocal/s4_mult/s2_mult_out0 output is connected to registers with an asynchronous reset (division/s13_reciprocal/s4_mult/s2_mult_out_reg[12]). This is preventing the possibility of merging these registers in to the DSP Block since the DSP block registers only possess synchronous reset capability.  It is suggested to recode or change these registers to remove the reset or use a synchronous reset to get the best optimization for performance, power and area.
Related violations: <none>

DPOR-1#23 Warning
Asynchronous load check  
DSP division/s13_reciprocal/s4_mult/s2_mult_out0 output is connected to registers with an asynchronous reset (division/s13_reciprocal/s4_mult/s2_mult_out_reg[13]). This is preventing the possibility of merging these registers in to the DSP Block since the DSP block registers only possess synchronous reset capability.  It is suggested to recode or change these registers to remove the reset or use a synchronous reset to get the best optimization for performance, power and area.
Related violations: <none>

DPOR-1#24 Warning
Asynchronous load check  
DSP division/s13_reciprocal/s4_mult/s2_mult_out0 output is connected to registers with an asynchronous reset (division/s13_reciprocal/s4_mult/s2_mult_out_reg[14]). This is preventing the possibility of merging these registers in to the DSP Block since the DSP block registers only possess synchronous reset capability.  It is suggested to recode or change these registers to remove the reset or use a synchronous reset to get the best optimization for performance, power and area.
Related violations: <none>

DPOR-1#25 Warning
Asynchronous load check  
DSP division/s13_reciprocal/s4_mult/s2_mult_out0 output is connected to registers with an asynchronous reset (division/s13_reciprocal/s4_mult/s2_mult_out_reg[15]). This is preventing the possibility of merging these registers in to the DSP Block since the DSP block registers only possess synchronous reset capability.  It is suggested to recode or change these registers to remove the reset or use a synchronous reset to get the best optimization for performance, power and area.
Related violations: <none>

DPOR-1#26 Warning
Asynchronous load check  
DSP division/s13_reciprocal/s4_mult/s2_mult_out0 output is connected to registers with an asynchronous reset (division/s13_reciprocal/s4_mult/s2_mult_out_reg[16]). This is preventing the possibility of merging these registers in to the DSP Block since the DSP block registers only possess synchronous reset capability.  It is suggested to recode or change these registers to remove the reset or use a synchronous reset to get the best optimization for performance, power and area.
Related violations: <none>

DPOR-1#27 Warning
Asynchronous load check  
DSP division/s13_reciprocal/s4_mult/s2_mult_out0 output is connected to registers with an asynchronous reset (division/s13_reciprocal/s4_mult/s2_mult_out_reg[1]). This is preventing the possibility of merging these registers in to the DSP Block since the DSP block registers only possess synchronous reset capability.  It is suggested to recode or change these registers to remove the reset or use a synchronous reset to get the best optimization for performance, power and area.
Related violations: <none>

DPOR-1#28 Warning
Asynchronous load check  
DSP division/s13_reciprocal/s4_mult/s2_mult_out0 output is connected to registers with an asynchronous reset (division/s13_reciprocal/s4_mult/s2_mult_out_reg[2]). This is preventing the possibility of merging these registers in to the DSP Block since the DSP block registers only possess synchronous reset capability.  It is suggested to recode or change these registers to remove the reset or use a synchronous reset to get the best optimization for performance, power and area.
Related violations: <none>

DPOR-1#29 Warning
Asynchronous load check  
DSP division/s13_reciprocal/s4_mult/s2_mult_out0 output is connected to registers with an asynchronous reset (division/s13_reciprocal/s4_mult/s2_mult_out_reg[3]). This is preventing the possibility of merging these registers in to the DSP Block since the DSP block registers only possess synchronous reset capability.  It is suggested to recode or change these registers to remove the reset or use a synchronous reset to get the best optimization for performance, power and area.
Related violations: <none>

DPOR-1#30 Warning
Asynchronous load check  
DSP division/s13_reciprocal/s4_mult/s2_mult_out0 output is connected to registers with an asynchronous reset (division/s13_reciprocal/s4_mult/s2_mult_out_reg[4]). This is preventing the possibility of merging these registers in to the DSP Block since the DSP block registers only possess synchronous reset capability.  It is suggested to recode or change these registers to remove the reset or use a synchronous reset to get the best optimization for performance, power and area.
Related violations: <none>

DPOR-1#31 Warning
Asynchronous load check  
DSP division/s13_reciprocal/s4_mult/s2_mult_out0 output is connected to registers with an asynchronous reset (division/s13_reciprocal/s4_mult/s2_mult_out_reg[5]). This is preventing the possibility of merging these registers in to the DSP Block since the DSP block registers only possess synchronous reset capability.  It is suggested to recode or change these registers to remove the reset or use a synchronous reset to get the best optimization for performance, power and area.
Related violations: <none>

DPOR-1#32 Warning
Asynchronous load check  
DSP division/s13_reciprocal/s4_mult/s2_mult_out0 output is connected to registers with an asynchronous reset (division/s13_reciprocal/s4_mult/s2_mult_out_reg[6]). This is preventing the possibility of merging these registers in to the DSP Block since the DSP block registers only possess synchronous reset capability.  It is suggested to recode or change these registers to remove the reset or use a synchronous reset to get the best optimization for performance, power and area.
Related violations: <none>

DPOR-1#33 Warning
Asynchronous load check  
DSP division/s13_reciprocal/s4_mult/s2_mult_out0 output is connected to registers with an asynchronous reset (division/s13_reciprocal/s4_mult/s2_mult_out_reg[7]). This is preventing the possibility of merging these registers in to the DSP Block since the DSP block registers only possess synchronous reset capability.  It is suggested to recode or change these registers to remove the reset or use a synchronous reset to get the best optimization for performance, power and area.
Related violations: <none>

DPOR-1#34 Warning
Asynchronous load check  
DSP division/s13_reciprocal/s4_mult/s2_mult_out0 output is connected to registers with an asynchronous reset (division/s13_reciprocal/s4_mult/s2_mult_out_reg[8]). This is preventing the possibility of merging these registers in to the DSP Block since the DSP block registers only possess synchronous reset capability.  It is suggested to recode or change these registers to remove the reset or use a synchronous reset to get the best optimization for performance, power and area.
Related violations: <none>

DPOR-1#35 Warning
Asynchronous load check  
DSP division/s13_reciprocal/s4_mult/s2_mult_out0 output is connected to registers with an asynchronous reset (division/s13_reciprocal/s4_mult/s2_mult_out_reg[9]). This is preventing the possibility of merging these registers in to the DSP Block since the DSP block registers only possess synchronous reset capability.  It is suggested to recode or change these registers to remove the reset or use a synchronous reset to get the best optimization for performance, power and area.
Related violations: <none>

DPOR-1#36 Warning
Asynchronous load check  
DSP division/s13_reciprocal/s4_mult/s2_mult_out0__1 output is connected to registers with an asynchronous reset (division/s13_reciprocal/s4_mult/s2_mult_out_reg[16]__1). This is preventing the possibility of merging these registers in to the DSP Block since the DSP block registers only possess synchronous reset capability.  It is suggested to recode or change these registers to remove the reset or use a synchronous reset to get the best optimization for performance, power and area.
Related violations: <none>

DPOR-1#37 Warning
Asynchronous load check  
DSP division/s13_reciprocal/s6_mult/s2_mult_out0 output is connected to registers with an asynchronous reset (division/s13_reciprocal/s6_mult/s2_mult_out_reg[0]). This is preventing the possibility of merging these registers in to the DSP Block since the DSP block registers only possess synchronous reset capability.  It is suggested to recode or change these registers to remove the reset or use a synchronous reset to get the best optimization for performance, power and area.
Related violations: <none>

DPOR-1#38 Warning
Asynchronous load check  
DSP division/s13_reciprocal/s6_mult/s2_mult_out0 output is connected to registers with an asynchronous reset (division/s13_reciprocal/s6_mult/s2_mult_out_reg[10]). This is preventing the possibility of merging these registers in to the DSP Block since the DSP block registers only possess synchronous reset capability.  It is suggested to recode or change these registers to remove the reset or use a synchronous reset to get the best optimization for performance, power and area.
Related violations: <none>

DPOR-1#39 Warning
Asynchronous load check  
DSP division/s13_reciprocal/s6_mult/s2_mult_out0 output is connected to registers with an asynchronous reset (division/s13_reciprocal/s6_mult/s2_mult_out_reg[11]). This is preventing the possibility of merging these registers in to the DSP Block since the DSP block registers only possess synchronous reset capability.  It is suggested to recode or change these registers to remove the reset or use a synchronous reset to get the best optimization for performance, power and area.
Related violations: <none>

DPOR-1#40 Warning
Asynchronous load check  
DSP division/s13_reciprocal/s6_mult/s2_mult_out0 output is connected to registers with an asynchronous reset (division/s13_reciprocal/s6_mult/s2_mult_out_reg[12]). This is preventing the possibility of merging these registers in to the DSP Block since the DSP block registers only possess synchronous reset capability.  It is suggested to recode or change these registers to remove the reset or use a synchronous reset to get the best optimization for performance, power and area.
Related violations: <none>

DPOR-1#41 Warning
Asynchronous load check  
DSP division/s13_reciprocal/s6_mult/s2_mult_out0 output is connected to registers with an asynchronous reset (division/s13_reciprocal/s6_mult/s2_mult_out_reg[13]). This is preventing the possibility of merging these registers in to the DSP Block since the DSP block registers only possess synchronous reset capability.  It is suggested to recode or change these registers to remove the reset or use a synchronous reset to get the best optimization for performance, power and area.
Related violations: <none>

DPOR-1#42 Warning
Asynchronous load check  
DSP division/s13_reciprocal/s6_mult/s2_mult_out0 output is connected to registers with an asynchronous reset (division/s13_reciprocal/s6_mult/s2_mult_out_reg[14]). This is preventing the possibility of merging these registers in to the DSP Block since the DSP block registers only possess synchronous reset capability.  It is suggested to recode or change these registers to remove the reset or use a synchronous reset to get the best optimization for performance, power and area.
Related violations: <none>

DPOR-1#43 Warning
Asynchronous load check  
DSP division/s13_reciprocal/s6_mult/s2_mult_out0 output is connected to registers with an asynchronous reset (division/s13_reciprocal/s6_mult/s2_mult_out_reg[15]). This is preventing the possibility of merging these registers in to the DSP Block since the DSP block registers only possess synchronous reset capability.  It is suggested to recode or change these registers to remove the reset or use a synchronous reset to get the best optimization for performance, power and area.
Related violations: <none>

DPOR-1#44 Warning
Asynchronous load check  
DSP division/s13_reciprocal/s6_mult/s2_mult_out0 output is connected to registers with an asynchronous reset (division/s13_reciprocal/s6_mult/s2_mult_out_reg[16]). This is preventing the possibility of merging these registers in to the DSP Block since the DSP block registers only possess synchronous reset capability.  It is suggested to recode or change these registers to remove the reset or use a synchronous reset to get the best optimization for performance, power and area.
Related violations: <none>

DPOR-1#45 Warning
Asynchronous load check  
DSP division/s13_reciprocal/s6_mult/s2_mult_out0 output is connected to registers with an asynchronous reset (division/s13_reciprocal/s6_mult/s2_mult_out_reg[1]). This is preventing the possibility of merging these registers in to the DSP Block since the DSP block registers only possess synchronous reset capability.  It is suggested to recode or change these registers to remove the reset or use a synchronous reset to get the best optimization for performance, power and area.
Related violations: <none>

DPOR-1#46 Warning
Asynchronous load check  
DSP division/s13_reciprocal/s6_mult/s2_mult_out0 output is connected to registers with an asynchronous reset (division/s13_reciprocal/s6_mult/s2_mult_out_reg[2]). This is preventing the possibility of merging these registers in to the DSP Block since the DSP block registers only possess synchronous reset capability.  It is suggested to recode or change these registers to remove the reset or use a synchronous reset to get the best optimization for performance, power and area.
Related violations: <none>

DPOR-1#47 Warning
Asynchronous load check  
DSP division/s13_reciprocal/s6_mult/s2_mult_out0 output is connected to registers with an asynchronous reset (division/s13_reciprocal/s6_mult/s2_mult_out_reg[3]). This is preventing the possibility of merging these registers in to the DSP Block since the DSP block registers only possess synchronous reset capability.  It is suggested to recode or change these registers to remove the reset or use a synchronous reset to get the best optimization for performance, power and area.
Related violations: <none>

DPOR-1#48 Warning
Asynchronous load check  
DSP division/s13_reciprocal/s6_mult/s2_mult_out0 output is connected to registers with an asynchronous reset (division/s13_reciprocal/s6_mult/s2_mult_out_reg[4]). This is preventing the possibility of merging these registers in to the DSP Block since the DSP block registers only possess synchronous reset capability.  It is suggested to recode or change these registers to remove the reset or use a synchronous reset to get the best optimization for performance, power and area.
Related violations: <none>

DPOR-1#49 Warning
Asynchronous load check  
DSP division/s13_reciprocal/s6_mult/s2_mult_out0 output is connected to registers with an asynchronous reset (division/s13_reciprocal/s6_mult/s2_mult_out_reg[5]). This is preventing the possibility of merging these registers in to the DSP Block since the DSP block registers only possess synchronous reset capability.  It is suggested to recode or change these registers to remove the reset or use a synchronous reset to get the best optimization for performance, power and area.
Related violations: <none>

DPOR-1#50 Warning
Asynchronous load check  
DSP division/s13_reciprocal/s6_mult/s2_mult_out0 output is connected to registers with an asynchronous reset (division/s13_reciprocal/s6_mult/s2_mult_out_reg[6]). This is preventing the possibility of merging these registers in to the DSP Block since the DSP block registers only possess synchronous reset capability.  It is suggested to recode or change these registers to remove the reset or use a synchronous reset to get the best optimization for performance, power and area.
Related violations: <none>

DPOR-1#51 Warning
Asynchronous load check  
DSP division/s13_reciprocal/s6_mult/s2_mult_out0 output is connected to registers with an asynchronous reset (division/s13_reciprocal/s6_mult/s2_mult_out_reg[7]). This is preventing the possibility of merging these registers in to the DSP Block since the DSP block registers only possess synchronous reset capability.  It is suggested to recode or change these registers to remove the reset or use a synchronous reset to get the best optimization for performance, power and area.
Related violations: <none>

DPOR-1#52 Warning
Asynchronous load check  
DSP division/s13_reciprocal/s6_mult/s2_mult_out0 output is connected to registers with an asynchronous reset (division/s13_reciprocal/s6_mult/s2_mult_out_reg[8]). This is preventing the possibility of merging these registers in to the DSP Block since the DSP block registers only possess synchronous reset capability.  It is suggested to recode or change these registers to remove the reset or use a synchronous reset to get the best optimization for performance, power and area.
Related violations: <none>

DPOR-1#53 Warning
Asynchronous load check  
DSP division/s13_reciprocal/s6_mult/s2_mult_out0 output is connected to registers with an asynchronous reset (division/s13_reciprocal/s6_mult/s2_mult_out_reg[9]). This is preventing the possibility of merging these registers in to the DSP Block since the DSP block registers only possess synchronous reset capability.  It is suggested to recode or change these registers to remove the reset or use a synchronous reset to get the best optimization for performance, power and area.
Related violations: <none>

DPOR-1#54 Warning
Asynchronous load check  
DSP division/s13_reciprocal/s6_mult/s2_mult_out0__1 output is connected to registers with an asynchronous reset (division/s13_reciprocal/s6_mult/s2_mult_out_reg[16]__1). This is preventing the possibility of merging these registers in to the DSP Block since the DSP block registers only possess synchronous reset capability.  It is suggested to recode or change these registers to remove the reset or use a synchronous reset to get the best optimization for performance, power and area.
Related violations: <none>

DPOR-1#55 Warning
Asynchronous load check  
DSP division/s13_reciprocal/s9_mult/s2_mult_out0 output is connected to registers with an asynchronous reset (division/s13_reciprocal/s9_mult/s2_mult_out_reg[0]). This is preventing the possibility of merging these registers in to the DSP Block since the DSP block registers only possess synchronous reset capability.  It is suggested to recode or change these registers to remove the reset or use a synchronous reset to get the best optimization for performance, power and area.
Related violations: <none>

DPOR-1#56 Warning
Asynchronous load check  
DSP division/s13_reciprocal/s9_mult/s2_mult_out0 output is connected to registers with an asynchronous reset (division/s13_reciprocal/s9_mult/s2_mult_out_reg[10]). This is preventing the possibility of merging these registers in to the DSP Block since the DSP block registers only possess synchronous reset capability.  It is suggested to recode or change these registers to remove the reset or use a synchronous reset to get the best optimization for performance, power and area.
Related violations: <none>

DPOR-1#57 Warning
Asynchronous load check  
DSP division/s13_reciprocal/s9_mult/s2_mult_out0 output is connected to registers with an asynchronous reset (division/s13_reciprocal/s9_mult/s2_mult_out_reg[11]). This is preventing the possibility of merging these registers in to the DSP Block since the DSP block registers only possess synchronous reset capability.  It is suggested to recode or change these registers to remove the reset or use a synchronous reset to get the best optimization for performance, power and area.
Related violations: <none>

DPOR-1#58 Warning
Asynchronous load check  
DSP division/s13_reciprocal/s9_mult/s2_mult_out0 output is connected to registers with an asynchronous reset (division/s13_reciprocal/s9_mult/s2_mult_out_reg[12]). This is preventing the possibility of merging these registers in to the DSP Block since the DSP block registers only possess synchronous reset capability.  It is suggested to recode or change these registers to remove the reset or use a synchronous reset to get the best optimization for performance, power and area.
Related violations: <none>

DPOR-1#59 Warning
Asynchronous load check  
DSP division/s13_reciprocal/s9_mult/s2_mult_out0 output is connected to registers with an asynchronous reset (division/s13_reciprocal/s9_mult/s2_mult_out_reg[13]). This is preventing the possibility of merging these registers in to the DSP Block since the DSP block registers only possess synchronous reset capability.  It is suggested to recode or change these registers to remove the reset or use a synchronous reset to get the best optimization for performance, power and area.
Related violations: <none>

DPOR-1#60 Warning
Asynchronous load check  
DSP division/s13_reciprocal/s9_mult/s2_mult_out0 output is connected to registers with an asynchronous reset (division/s13_reciprocal/s9_mult/s2_mult_out_reg[14]). This is preventing the possibility of merging these registers in to the DSP Block since the DSP block registers only possess synchronous reset capability.  It is suggested to recode or change these registers to remove the reset or use a synchronous reset to get the best optimization for performance, power and area.
Related violations: <none>

DPOR-1#61 Warning
Asynchronous load check  
DSP division/s13_reciprocal/s9_mult/s2_mult_out0 output is connected to registers with an asynchronous reset (division/s13_reciprocal/s9_mult/s2_mult_out_reg[15]). This is preventing the possibility of merging these registers in to the DSP Block since the DSP block registers only possess synchronous reset capability.  It is suggested to recode or change these registers to remove the reset or use a synchronous reset to get the best optimization for performance, power and area.
Related violations: <none>

DPOR-1#62 Warning
Asynchronous load check  
DSP division/s13_reciprocal/s9_mult/s2_mult_out0 output is connected to registers with an asynchronous reset (division/s13_reciprocal/s9_mult/s2_mult_out_reg[16]). This is preventing the possibility of merging these registers in to the DSP Block since the DSP block registers only possess synchronous reset capability.  It is suggested to recode or change these registers to remove the reset or use a synchronous reset to get the best optimization for performance, power and area.
Related violations: <none>

DPOR-1#63 Warning
Asynchronous load check  
DSP division/s13_reciprocal/s9_mult/s2_mult_out0 output is connected to registers with an asynchronous reset (division/s13_reciprocal/s9_mult/s2_mult_out_reg[1]). This is preventing the possibility of merging these registers in to the DSP Block since the DSP block registers only possess synchronous reset capability.  It is suggested to recode or change these registers to remove the reset or use a synchronous reset to get the best optimization for performance, power and area.
Related violations: <none>

DPOR-1#64 Warning
Asynchronous load check  
DSP division/s13_reciprocal/s9_mult/s2_mult_out0 output is connected to registers with an asynchronous reset (division/s13_reciprocal/s9_mult/s2_mult_out_reg[2]). This is preventing the possibility of merging these registers in to the DSP Block since the DSP block registers only possess synchronous reset capability.  It is suggested to recode or change these registers to remove the reset or use a synchronous reset to get the best optimization for performance, power and area.
Related violations: <none>

DPOR-1#65 Warning
Asynchronous load check  
DSP division/s13_reciprocal/s9_mult/s2_mult_out0 output is connected to registers with an asynchronous reset (division/s13_reciprocal/s9_mult/s2_mult_out_reg[3]). This is preventing the possibility of merging these registers in to the DSP Block since the DSP block registers only possess synchronous reset capability.  It is suggested to recode or change these registers to remove the reset or use a synchronous reset to get the best optimization for performance, power and area.
Related violations: <none>

DPOR-1#66 Warning
Asynchronous load check  
DSP division/s13_reciprocal/s9_mult/s2_mult_out0 output is connected to registers with an asynchronous reset (division/s13_reciprocal/s9_mult/s2_mult_out_reg[4]). This is preventing the possibility of merging these registers in to the DSP Block since the DSP block registers only possess synchronous reset capability.  It is suggested to recode or change these registers to remove the reset or use a synchronous reset to get the best optimization for performance, power and area.
Related violations: <none>

DPOR-1#67 Warning
Asynchronous load check  
DSP division/s13_reciprocal/s9_mult/s2_mult_out0 output is connected to registers with an asynchronous reset (division/s13_reciprocal/s9_mult/s2_mult_out_reg[5]). This is preventing the possibility of merging these registers in to the DSP Block since the DSP block registers only possess synchronous reset capability.  It is suggested to recode or change these registers to remove the reset or use a synchronous reset to get the best optimization for performance, power and area.
Related violations: <none>

DPOR-1#68 Warning
Asynchronous load check  
DSP division/s13_reciprocal/s9_mult/s2_mult_out0 output is connected to registers with an asynchronous reset (division/s13_reciprocal/s9_mult/s2_mult_out_reg[6]). This is preventing the possibility of merging these registers in to the DSP Block since the DSP block registers only possess synchronous reset capability.  It is suggested to recode or change these registers to remove the reset or use a synchronous reset to get the best optimization for performance, power and area.
Related violations: <none>

DPOR-1#69 Warning
Asynchronous load check  
DSP division/s13_reciprocal/s9_mult/s2_mult_out0 output is connected to registers with an asynchronous reset (division/s13_reciprocal/s9_mult/s2_mult_out_reg[7]). This is preventing the possibility of merging these registers in to the DSP Block since the DSP block registers only possess synchronous reset capability.  It is suggested to recode or change these registers to remove the reset or use a synchronous reset to get the best optimization for performance, power and area.
Related violations: <none>

DPOR-1#70 Warning
Asynchronous load check  
DSP division/s13_reciprocal/s9_mult/s2_mult_out0 output is connected to registers with an asynchronous reset (division/s13_reciprocal/s9_mult/s2_mult_out_reg[8]). This is preventing the possibility of merging these registers in to the DSP Block since the DSP block registers only possess synchronous reset capability.  It is suggested to recode or change these registers to remove the reset or use a synchronous reset to get the best optimization for performance, power and area.
Related violations: <none>

DPOR-1#71 Warning
Asynchronous load check  
DSP division/s13_reciprocal/s9_mult/s2_mult_out0 output is connected to registers with an asynchronous reset (division/s13_reciprocal/s9_mult/s2_mult_out_reg[9]). This is preventing the possibility of merging these registers in to the DSP Block since the DSP block registers only possess synchronous reset capability.  It is suggested to recode or change these registers to remove the reset or use a synchronous reset to get the best optimization for performance, power and area.
Related violations: <none>

DPOR-1#72 Warning
Asynchronous load check  
DSP division/s13_reciprocal/s9_mult/s2_mult_out0__1 output is connected to registers with an asynchronous reset (division/s13_reciprocal/s9_mult/s2_mult_out_reg[16]__1). This is preventing the possibility of merging these registers in to the DSP Block since the DSP block registers only possess synchronous reset capability.  It is suggested to recode or change these registers to remove the reset or use a synchronous reset to get the best optimization for performance, power and area.
Related violations: <none>

DPOR-1#73 Warning
Asynchronous load check  
DSP division/s13_s15_mult/s2_mult_out0 output is connected to registers with an asynchronous reset (division/s13_s15_mult/s2_mult_out_reg[0]). This is preventing the possibility of merging these registers in to the DSP Block since the DSP block registers only possess synchronous reset capability.  It is suggested to recode or change these registers to remove the reset or use a synchronous reset to get the best optimization for performance, power and area.
Related violations: <none>

DPOR-1#74 Warning
Asynchronous load check  
DSP division/s13_s15_mult/s2_mult_out0 output is connected to registers with an asynchronous reset (division/s13_s15_mult/s2_mult_out_reg[10]). This is preventing the possibility of merging these registers in to the DSP Block since the DSP block registers only possess synchronous reset capability.  It is suggested to recode or change these registers to remove the reset or use a synchronous reset to get the best optimization for performance, power and area.
Related violations: <none>

DPOR-1#75 Warning
Asynchronous load check  
DSP division/s13_s15_mult/s2_mult_out0 output is connected to registers with an asynchronous reset (division/s13_s15_mult/s2_mult_out_reg[11]). This is preventing the possibility of merging these registers in to the DSP Block since the DSP block registers only possess synchronous reset capability.  It is suggested to recode or change these registers to remove the reset or use a synchronous reset to get the best optimization for performance, power and area.
Related violations: <none>

DPOR-1#76 Warning
Asynchronous load check  
DSP division/s13_s15_mult/s2_mult_out0 output is connected to registers with an asynchronous reset (division/s13_s15_mult/s2_mult_out_reg[12]). This is preventing the possibility of merging these registers in to the DSP Block since the DSP block registers only possess synchronous reset capability.  It is suggested to recode or change these registers to remove the reset or use a synchronous reset to get the best optimization for performance, power and area.
Related violations: <none>

DPOR-1#77 Warning
Asynchronous load check  
DSP division/s13_s15_mult/s2_mult_out0 output is connected to registers with an asynchronous reset (division/s13_s15_mult/s2_mult_out_reg[13]). This is preventing the possibility of merging these registers in to the DSP Block since the DSP block registers only possess synchronous reset capability.  It is suggested to recode or change these registers to remove the reset or use a synchronous reset to get the best optimization for performance, power and area.
Related violations: <none>

DPOR-1#78 Warning
Asynchronous load check  
DSP division/s13_s15_mult/s2_mult_out0 output is connected to registers with an asynchronous reset (division/s13_s15_mult/s2_mult_out_reg[14]). This is preventing the possibility of merging these registers in to the DSP Block since the DSP block registers only possess synchronous reset capability.  It is suggested to recode or change these registers to remove the reset or use a synchronous reset to get the best optimization for performance, power and area.
Related violations: <none>

DPOR-1#79 Warning
Asynchronous load check  
DSP division/s13_s15_mult/s2_mult_out0 output is connected to registers with an asynchronous reset (division/s13_s15_mult/s2_mult_out_reg[15]). This is preventing the possibility of merging these registers in to the DSP Block since the DSP block registers only possess synchronous reset capability.  It is suggested to recode or change these registers to remove the reset or use a synchronous reset to get the best optimization for performance, power and area.
Related violations: <none>

DPOR-1#80 Warning
Asynchronous load check  
DSP division/s13_s15_mult/s2_mult_out0 output is connected to registers with an asynchronous reset (division/s13_s15_mult/s2_mult_out_reg[16]). This is preventing the possibility of merging these registers in to the DSP Block since the DSP block registers only possess synchronous reset capability.  It is suggested to recode or change these registers to remove the reset or use a synchronous reset to get the best optimization for performance, power and area.
Related violations: <none>

DPOR-1#81 Warning
Asynchronous load check  
DSP division/s13_s15_mult/s2_mult_out0 output is connected to registers with an asynchronous reset (division/s13_s15_mult/s2_mult_out_reg[1]). This is preventing the possibility of merging these registers in to the DSP Block since the DSP block registers only possess synchronous reset capability.  It is suggested to recode or change these registers to remove the reset or use a synchronous reset to get the best optimization for performance, power and area.
Related violations: <none>

DPOR-1#82 Warning
Asynchronous load check  
DSP division/s13_s15_mult/s2_mult_out0 output is connected to registers with an asynchronous reset (division/s13_s15_mult/s2_mult_out_reg[2]). This is preventing the possibility of merging these registers in to the DSP Block since the DSP block registers only possess synchronous reset capability.  It is suggested to recode or change these registers to remove the reset or use a synchronous reset to get the best optimization for performance, power and area.
Related violations: <none>

DPOR-1#83 Warning
Asynchronous load check  
DSP division/s13_s15_mult/s2_mult_out0 output is connected to registers with an asynchronous reset (division/s13_s15_mult/s2_mult_out_reg[3]). This is preventing the possibility of merging these registers in to the DSP Block since the DSP block registers only possess synchronous reset capability.  It is suggested to recode or change these registers to remove the reset or use a synchronous reset to get the best optimization for performance, power and area.
Related violations: <none>

DPOR-1#84 Warning
Asynchronous load check  
DSP division/s13_s15_mult/s2_mult_out0 output is connected to registers with an asynchronous reset (division/s13_s15_mult/s2_mult_out_reg[4]). This is preventing the possibility of merging these registers in to the DSP Block since the DSP block registers only possess synchronous reset capability.  It is suggested to recode or change these registers to remove the reset or use a synchronous reset to get the best optimization for performance, power and area.
Related violations: <none>

DPOR-1#85 Warning
Asynchronous load check  
DSP division/s13_s15_mult/s2_mult_out0 output is connected to registers with an asynchronous reset (division/s13_s15_mult/s2_mult_out_reg[5]). This is preventing the possibility of merging these registers in to the DSP Block since the DSP block registers only possess synchronous reset capability.  It is suggested to recode or change these registers to remove the reset or use a synchronous reset to get the best optimization for performance, power and area.
Related violations: <none>

DPOR-1#86 Warning
Asynchronous load check  
DSP division/s13_s15_mult/s2_mult_out0 output is connected to registers with an asynchronous reset (division/s13_s15_mult/s2_mult_out_reg[6]). This is preventing the possibility of merging these registers in to the DSP Block since the DSP block registers only possess synchronous reset capability.  It is suggested to recode or change these registers to remove the reset or use a synchronous reset to get the best optimization for performance, power and area.
Related violations: <none>

DPOR-1#87 Warning
Asynchronous load check  
DSP division/s13_s15_mult/s2_mult_out0 output is connected to registers with an asynchronous reset (division/s13_s15_mult/s2_mult_out_reg[7]). This is preventing the possibility of merging these registers in to the DSP Block since the DSP block registers only possess synchronous reset capability.  It is suggested to recode or change these registers to remove the reset or use a synchronous reset to get the best optimization for performance, power and area.
Related violations: <none>

DPOR-1#88 Warning
Asynchronous load check  
DSP division/s13_s15_mult/s2_mult_out0 output is connected to registers with an asynchronous reset (division/s13_s15_mult/s2_mult_out_reg[8]). This is preventing the possibility of merging these registers in to the DSP Block since the DSP block registers only possess synchronous reset capability.  It is suggested to recode or change these registers to remove the reset or use a synchronous reset to get the best optimization for performance, power and area.
Related violations: <none>

DPOR-1#89 Warning
Asynchronous load check  
DSP division/s13_s15_mult/s2_mult_out0 output is connected to registers with an asynchronous reset (division/s13_s15_mult/s2_mult_out_reg[9]). This is preventing the possibility of merging these registers in to the DSP Block since the DSP block registers only possess synchronous reset capability.  It is suggested to recode or change these registers to remove the reset or use a synchronous reset to get the best optimization for performance, power and area.
Related violations: <none>

DPOR-1#90 Warning
Asynchronous load check  
DSP division/s13_s15_mult/s2_mult_out0__1 output is connected to registers with an asynchronous reset (division/s13_s15_mult/s2_mult_out_reg[0]__1). This is preventing the possibility of merging these registers in to the DSP Block since the DSP block registers only possess synchronous reset capability.  It is suggested to recode or change these registers to remove the reset or use a synchronous reset to get the best optimization for performance, power and area.
Related violations: <none>

DPOR-1#91 Warning
Asynchronous load check  
DSP division/s13_s15_mult/s2_mult_out0__1 output is connected to registers with an asynchronous reset (division/s13_s15_mult/s2_mult_out_reg[10]__1). This is preventing the possibility of merging these registers in to the DSP Block since the DSP block registers only possess synchronous reset capability.  It is suggested to recode or change these registers to remove the reset or use a synchronous reset to get the best optimization for performance, power and area.
Related violations: <none>

DPOR-1#92 Warning
Asynchronous load check  
DSP division/s13_s15_mult/s2_mult_out0__1 output is connected to registers with an asynchronous reset (division/s13_s15_mult/s2_mult_out_reg[11]__1). This is preventing the possibility of merging these registers in to the DSP Block since the DSP block registers only possess synchronous reset capability.  It is suggested to recode or change these registers to remove the reset or use a synchronous reset to get the best optimization for performance, power and area.
Related violations: <none>

DPOR-1#93 Warning
Asynchronous load check  
DSP division/s13_s15_mult/s2_mult_out0__1 output is connected to registers with an asynchronous reset (division/s13_s15_mult/s2_mult_out_reg[12]__1). This is preventing the possibility of merging these registers in to the DSP Block since the DSP block registers only possess synchronous reset capability.  It is suggested to recode or change these registers to remove the reset or use a synchronous reset to get the best optimization for performance, power and area.
Related violations: <none>

DPOR-1#94 Warning
Asynchronous load check  
DSP division/s13_s15_mult/s2_mult_out0__1 output is connected to registers with an asynchronous reset (division/s13_s15_mult/s2_mult_out_reg[13]__1). This is preventing the possibility of merging these registers in to the DSP Block since the DSP block registers only possess synchronous reset capability.  It is suggested to recode or change these registers to remove the reset or use a synchronous reset to get the best optimization for performance, power and area.
Related violations: <none>

DPOR-1#95 Warning
Asynchronous load check  
DSP division/s13_s15_mult/s2_mult_out0__1 output is connected to registers with an asynchronous reset (division/s13_s15_mult/s2_mult_out_reg[14]__1). This is preventing the possibility of merging these registers in to the DSP Block since the DSP block registers only possess synchronous reset capability.  It is suggested to recode or change these registers to remove the reset or use a synchronous reset to get the best optimization for performance, power and area.
Related violations: <none>

DPOR-1#96 Warning
Asynchronous load check  
DSP division/s13_s15_mult/s2_mult_out0__1 output is connected to registers with an asynchronous reset (division/s13_s15_mult/s2_mult_out_reg[15]__1). This is preventing the possibility of merging these registers in to the DSP Block since the DSP block registers only possess synchronous reset capability.  It is suggested to recode or change these registers to remove the reset or use a synchronous reset to get the best optimization for performance, power and area.
Related violations: <none>

DPOR-1#97 Warning
Asynchronous load check  
DSP division/s13_s15_mult/s2_mult_out0__1 output is connected to registers with an asynchronous reset (division/s13_s15_mult/s2_mult_out_reg[16]__1). This is preventing the possibility of merging these registers in to the DSP Block since the DSP block registers only possess synchronous reset capability.  It is suggested to recode or change these registers to remove the reset or use a synchronous reset to get the best optimization for performance, power and area.
Related violations: <none>

DPOR-1#98 Warning
Asynchronous load check  
DSP division/s13_s15_mult/s2_mult_out0__1 output is connected to registers with an asynchronous reset (division/s13_s15_mult/s2_mult_out_reg[1]__1). This is preventing the possibility of merging these registers in to the DSP Block since the DSP block registers only possess synchronous reset capability.  It is suggested to recode or change these registers to remove the reset or use a synchronous reset to get the best optimization for performance, power and area.
Related violations: <none>

DPOR-1#99 Warning
Asynchronous load check  
DSP division/s13_s15_mult/s2_mult_out0__1 output is connected to registers with an asynchronous reset (division/s13_s15_mult/s2_mult_out_reg[2]__1). This is preventing the possibility of merging these registers in to the DSP Block since the DSP block registers only possess synchronous reset capability.  It is suggested to recode or change these registers to remove the reset or use a synchronous reset to get the best optimization for performance, power and area.
Related violations: <none>

DPOR-1#100 Warning
Asynchronous load check  
DSP division/s13_s15_mult/s2_mult_out0__1 output is connected to registers with an asynchronous reset (division/s13_s15_mult/s2_mult_out_reg[3]__1). This is preventing the possibility of merging these registers in to the DSP Block since the DSP block registers only possess synchronous reset capability.  It is suggested to recode or change these registers to remove the reset or use a synchronous reset to get the best optimization for performance, power and area.
Related violations: <none>

DPOR-1#101 Warning
Asynchronous load check  
DSP division/s13_s15_mult/s2_mult_out0__1 output is connected to registers with an asynchronous reset (division/s13_s15_mult/s2_mult_out_reg[4]__1). This is preventing the possibility of merging these registers in to the DSP Block since the DSP block registers only possess synchronous reset capability.  It is suggested to recode or change these registers to remove the reset or use a synchronous reset to get the best optimization for performance, power and area.
Related violations: <none>

DPOR-1#102 Warning
Asynchronous load check  
DSP division/s13_s15_mult/s2_mult_out0__1 output is connected to registers with an asynchronous reset (division/s13_s15_mult/s2_mult_out_reg[5]__1). This is preventing the possibility of merging these registers in to the DSP Block since the DSP block registers only possess synchronous reset capability.  It is suggested to recode or change these registers to remove the reset or use a synchronous reset to get the best optimization for performance, power and area.
Related violations: <none>

DPOR-1#103 Warning
Asynchronous load check  
DSP division/s13_s15_mult/s2_mult_out0__1 output is connected to registers with an asynchronous reset (division/s13_s15_mult/s2_mult_out_reg[6]__1). This is preventing the possibility of merging these registers in to the DSP Block since the DSP block registers only possess synchronous reset capability.  It is suggested to recode or change these registers to remove the reset or use a synchronous reset to get the best optimization for performance, power and area.
Related violations: <none>

DPOR-1#104 Warning
Asynchronous load check  
DSP division/s13_s15_mult/s2_mult_out0__1 output is connected to registers with an asynchronous reset (division/s13_s15_mult/s2_mult_out_reg[7]__1). This is preventing the possibility of merging these registers in to the DSP Block since the DSP block registers only possess synchronous reset capability.  It is suggested to recode or change these registers to remove the reset or use a synchronous reset to get the best optimization for performance, power and area.
Related violations: <none>

DPOR-1#105 Warning
Asynchronous load check  
DSP division/s13_s15_mult/s2_mult_out0__1 output is connected to registers with an asynchronous reset (division/s13_s15_mult/s2_mult_out_reg[8]__1). This is preventing the possibility of merging these registers in to the DSP Block since the DSP block registers only possess synchronous reset capability.  It is suggested to recode or change these registers to remove the reset or use a synchronous reset to get the best optimization for performance, power and area.
Related violations: <none>

DPOR-1#106 Warning
Asynchronous load check  
DSP division/s13_s15_mult/s2_mult_out0__1 output is connected to registers with an asynchronous reset (division/s13_s15_mult/s2_mult_out_reg[9]__1). This is preventing the possibility of merging these registers in to the DSP Block since the DSP block registers only possess synchronous reset capability.  It is suggested to recode or change these registers to remove the reset or use a synchronous reset to get the best optimization for performance, power and area.
Related violations: <none>

DPOR-1#107 Warning
Asynchronous load check  
DSP sqrt/s17_inverse_square_root/s10_mult/s2_mult_out0 output is connected to registers with an asynchronous reset (sqrt/s17_inverse_square_root/s10_mult/s2_mult_out_reg[0]). This is preventing the possibility of merging these registers in to the DSP Block since the DSP block registers only possess synchronous reset capability.  It is suggested to recode or change these registers to remove the reset or use a synchronous reset to get the best optimization for performance, power and area.
Related violations: <none>

DPOR-1#108 Warning
Asynchronous load check  
DSP sqrt/s17_inverse_square_root/s10_mult/s2_mult_out0 output is connected to registers with an asynchronous reset (sqrt/s17_inverse_square_root/s10_mult/s2_mult_out_reg[10]). This is preventing the possibility of merging these registers in to the DSP Block since the DSP block registers only possess synchronous reset capability.  It is suggested to recode or change these registers to remove the reset or use a synchronous reset to get the best optimization for performance, power and area.
Related violations: <none>

DPOR-1#109 Warning
Asynchronous load check  
DSP sqrt/s17_inverse_square_root/s10_mult/s2_mult_out0 output is connected to registers with an asynchronous reset (sqrt/s17_inverse_square_root/s10_mult/s2_mult_out_reg[11]). This is preventing the possibility of merging these registers in to the DSP Block since the DSP block registers only possess synchronous reset capability.  It is suggested to recode or change these registers to remove the reset or use a synchronous reset to get the best optimization for performance, power and area.
Related violations: <none>

DPOR-1#110 Warning
Asynchronous load check  
DSP sqrt/s17_inverse_square_root/s10_mult/s2_mult_out0 output is connected to registers with an asynchronous reset (sqrt/s17_inverse_square_root/s10_mult/s2_mult_out_reg[12]). This is preventing the possibility of merging these registers in to the DSP Block since the DSP block registers only possess synchronous reset capability.  It is suggested to recode or change these registers to remove the reset or use a synchronous reset to get the best optimization for performance, power and area.
Related violations: <none>

DPOR-1#111 Warning
Asynchronous load check  
DSP sqrt/s17_inverse_square_root/s10_mult/s2_mult_out0 output is connected to registers with an asynchronous reset (sqrt/s17_inverse_square_root/s10_mult/s2_mult_out_reg[13]). This is preventing the possibility of merging these registers in to the DSP Block since the DSP block registers only possess synchronous reset capability.  It is suggested to recode or change these registers to remove the reset or use a synchronous reset to get the best optimization for performance, power and area.
Related violations: <none>

DPOR-1#112 Warning
Asynchronous load check  
DSP sqrt/s17_inverse_square_root/s10_mult/s2_mult_out0 output is connected to registers with an asynchronous reset (sqrt/s17_inverse_square_root/s10_mult/s2_mult_out_reg[14]). This is preventing the possibility of merging these registers in to the DSP Block since the DSP block registers only possess synchronous reset capability.  It is suggested to recode or change these registers to remove the reset or use a synchronous reset to get the best optimization for performance, power and area.
Related violations: <none>

DPOR-1#113 Warning
Asynchronous load check  
DSP sqrt/s17_inverse_square_root/s10_mult/s2_mult_out0 output is connected to registers with an asynchronous reset (sqrt/s17_inverse_square_root/s10_mult/s2_mult_out_reg[15]). This is preventing the possibility of merging these registers in to the DSP Block since the DSP block registers only possess synchronous reset capability.  It is suggested to recode or change these registers to remove the reset or use a synchronous reset to get the best optimization for performance, power and area.
Related violations: <none>

DPOR-1#114 Warning
Asynchronous load check  
DSP sqrt/s17_inverse_square_root/s10_mult/s2_mult_out0 output is connected to registers with an asynchronous reset (sqrt/s17_inverse_square_root/s10_mult/s2_mult_out_reg[16]). This is preventing the possibility of merging these registers in to the DSP Block since the DSP block registers only possess synchronous reset capability.  It is suggested to recode or change these registers to remove the reset or use a synchronous reset to get the best optimization for performance, power and area.
Related violations: <none>

DPOR-1#115 Warning
Asynchronous load check  
DSP sqrt/s17_inverse_square_root/s10_mult/s2_mult_out0 output is connected to registers with an asynchronous reset (sqrt/s17_inverse_square_root/s10_mult/s2_mult_out_reg[1]). This is preventing the possibility of merging these registers in to the DSP Block since the DSP block registers only possess synchronous reset capability.  It is suggested to recode or change these registers to remove the reset or use a synchronous reset to get the best optimization for performance, power and area.
Related violations: <none>

DPOR-1#116 Warning
Asynchronous load check  
DSP sqrt/s17_inverse_square_root/s10_mult/s2_mult_out0 output is connected to registers with an asynchronous reset (sqrt/s17_inverse_square_root/s10_mult/s2_mult_out_reg[2]). This is preventing the possibility of merging these registers in to the DSP Block since the DSP block registers only possess synchronous reset capability.  It is suggested to recode or change these registers to remove the reset or use a synchronous reset to get the best optimization for performance, power and area.
Related violations: <none>

DPOR-1#117 Warning
Asynchronous load check  
DSP sqrt/s17_inverse_square_root/s10_mult/s2_mult_out0 output is connected to registers with an asynchronous reset (sqrt/s17_inverse_square_root/s10_mult/s2_mult_out_reg[3]). This is preventing the possibility of merging these registers in to the DSP Block since the DSP block registers only possess synchronous reset capability.  It is suggested to recode or change these registers to remove the reset or use a synchronous reset to get the best optimization for performance, power and area.
Related violations: <none>

DPOR-1#118 Warning
Asynchronous load check  
DSP sqrt/s17_inverse_square_root/s10_mult/s2_mult_out0 output is connected to registers with an asynchronous reset (sqrt/s17_inverse_square_root/s10_mult/s2_mult_out_reg[4]). This is preventing the possibility of merging these registers in to the DSP Block since the DSP block registers only possess synchronous reset capability.  It is suggested to recode or change these registers to remove the reset or use a synchronous reset to get the best optimization for performance, power and area.
Related violations: <none>

DPOR-1#119 Warning
Asynchronous load check  
DSP sqrt/s17_inverse_square_root/s10_mult/s2_mult_out0 output is connected to registers with an asynchronous reset (sqrt/s17_inverse_square_root/s10_mult/s2_mult_out_reg[5]). This is preventing the possibility of merging these registers in to the DSP Block since the DSP block registers only possess synchronous reset capability.  It is suggested to recode or change these registers to remove the reset or use a synchronous reset to get the best optimization for performance, power and area.
Related violations: <none>

DPOR-1#120 Warning
Asynchronous load check  
DSP sqrt/s17_inverse_square_root/s10_mult/s2_mult_out0 output is connected to registers with an asynchronous reset (sqrt/s17_inverse_square_root/s10_mult/s2_mult_out_reg[6]). This is preventing the possibility of merging these registers in to the DSP Block since the DSP block registers only possess synchronous reset capability.  It is suggested to recode or change these registers to remove the reset or use a synchronous reset to get the best optimization for performance, power and area.
Related violations: <none>

DPOR-1#121 Warning
Asynchronous load check  
DSP sqrt/s17_inverse_square_root/s10_mult/s2_mult_out0 output is connected to registers with an asynchronous reset (sqrt/s17_inverse_square_root/s10_mult/s2_mult_out_reg[7]). This is preventing the possibility of merging these registers in to the DSP Block since the DSP block registers only possess synchronous reset capability.  It is suggested to recode or change these registers to remove the reset or use a synchronous reset to get the best optimization for performance, power and area.
Related violations: <none>

DPOR-1#122 Warning
Asynchronous load check  
DSP sqrt/s17_inverse_square_root/s10_mult/s2_mult_out0 output is connected to registers with an asynchronous reset (sqrt/s17_inverse_square_root/s10_mult/s2_mult_out_reg[8]). This is preventing the possibility of merging these registers in to the DSP Block since the DSP block registers only possess synchronous reset capability.  It is suggested to recode or change these registers to remove the reset or use a synchronous reset to get the best optimization for performance, power and area.
Related violations: <none>

DPOR-1#123 Warning
Asynchronous load check  
DSP sqrt/s17_inverse_square_root/s10_mult/s2_mult_out0 output is connected to registers with an asynchronous reset (sqrt/s17_inverse_square_root/s10_mult/s2_mult_out_reg[9]). This is preventing the possibility of merging these registers in to the DSP Block since the DSP block registers only possess synchronous reset capability.  It is suggested to recode or change these registers to remove the reset or use a synchronous reset to get the best optimization for performance, power and area.
Related violations: <none>

DPOR-1#124 Warning
Asynchronous load check  
DSP sqrt/s17_inverse_square_root/s10_mult/s2_mult_out0__1 output is connected to registers with an asynchronous reset (sqrt/s17_inverse_square_root/s10_mult/s2_mult_out_reg[16]__1). This is preventing the possibility of merging these registers in to the DSP Block since the DSP block registers only possess synchronous reset capability.  It is suggested to recode or change these registers to remove the reset or use a synchronous reset to get the best optimization for performance, power and area.
Related violations: <none>

DPOR-1#125 Warning
Asynchronous load check  
DSP sqrt/s17_inverse_square_root/s13_mult/s2_mult_out0 output is connected to registers with an asynchronous reset (sqrt/s17_inverse_square_root/s13_mult/s2_mult_out_reg[0]). This is preventing the possibility of merging these registers in to the DSP Block since the DSP block registers only possess synchronous reset capability.  It is suggested to recode or change these registers to remove the reset or use a synchronous reset to get the best optimization for performance, power and area.
Related violations: <none>

DPOR-1#126 Warning
Asynchronous load check  
DSP sqrt/s17_inverse_square_root/s13_mult/s2_mult_out0 output is connected to registers with an asynchronous reset (sqrt/s17_inverse_square_root/s13_mult/s2_mult_out_reg[10]). This is preventing the possibility of merging these registers in to the DSP Block since the DSP block registers only possess synchronous reset capability.  It is suggested to recode or change these registers to remove the reset or use a synchronous reset to get the best optimization for performance, power and area.
Related violations: <none>

DPOR-1#127 Warning
Asynchronous load check  
DSP sqrt/s17_inverse_square_root/s13_mult/s2_mult_out0 output is connected to registers with an asynchronous reset (sqrt/s17_inverse_square_root/s13_mult/s2_mult_out_reg[11]). This is preventing the possibility of merging these registers in to the DSP Block since the DSP block registers only possess synchronous reset capability.  It is suggested to recode or change these registers to remove the reset or use a synchronous reset to get the best optimization for performance, power and area.
Related violations: <none>

DPOR-1#128 Warning
Asynchronous load check  
DSP sqrt/s17_inverse_square_root/s13_mult/s2_mult_out0 output is connected to registers with an asynchronous reset (sqrt/s17_inverse_square_root/s13_mult/s2_mult_out_reg[12]). This is preventing the possibility of merging these registers in to the DSP Block since the DSP block registers only possess synchronous reset capability.  It is suggested to recode or change these registers to remove the reset or use a synchronous reset to get the best optimization for performance, power and area.
Related violations: <none>

DPOR-1#129 Warning
Asynchronous load check  
DSP sqrt/s17_inverse_square_root/s13_mult/s2_mult_out0 output is connected to registers with an asynchronous reset (sqrt/s17_inverse_square_root/s13_mult/s2_mult_out_reg[13]). This is preventing the possibility of merging these registers in to the DSP Block since the DSP block registers only possess synchronous reset capability.  It is suggested to recode or change these registers to remove the reset or use a synchronous reset to get the best optimization for performance, power and area.
Related violations: <none>

DPOR-1#130 Warning
Asynchronous load check  
DSP sqrt/s17_inverse_square_root/s13_mult/s2_mult_out0 output is connected to registers with an asynchronous reset (sqrt/s17_inverse_square_root/s13_mult/s2_mult_out_reg[14]). This is preventing the possibility of merging these registers in to the DSP Block since the DSP block registers only possess synchronous reset capability.  It is suggested to recode or change these registers to remove the reset or use a synchronous reset to get the best optimization for performance, power and area.
Related violations: <none>

DPOR-1#131 Warning
Asynchronous load check  
DSP sqrt/s17_inverse_square_root/s13_mult/s2_mult_out0 output is connected to registers with an asynchronous reset (sqrt/s17_inverse_square_root/s13_mult/s2_mult_out_reg[15]). This is preventing the possibility of merging these registers in to the DSP Block since the DSP block registers only possess synchronous reset capability.  It is suggested to recode or change these registers to remove the reset or use a synchronous reset to get the best optimization for performance, power and area.
Related violations: <none>

DPOR-1#132 Warning
Asynchronous load check  
DSP sqrt/s17_inverse_square_root/s13_mult/s2_mult_out0 output is connected to registers with an asynchronous reset (sqrt/s17_inverse_square_root/s13_mult/s2_mult_out_reg[16]). This is preventing the possibility of merging these registers in to the DSP Block since the DSP block registers only possess synchronous reset capability.  It is suggested to recode or change these registers to remove the reset or use a synchronous reset to get the best optimization for performance, power and area.
Related violations: <none>

DPOR-1#133 Warning
Asynchronous load check  
DSP sqrt/s17_inverse_square_root/s13_mult/s2_mult_out0 output is connected to registers with an asynchronous reset (sqrt/s17_inverse_square_root/s13_mult/s2_mult_out_reg[1]). This is preventing the possibility of merging these registers in to the DSP Block since the DSP block registers only possess synchronous reset capability.  It is suggested to recode or change these registers to remove the reset or use a synchronous reset to get the best optimization for performance, power and area.
Related violations: <none>

DPOR-1#134 Warning
Asynchronous load check  
DSP sqrt/s17_inverse_square_root/s13_mult/s2_mult_out0 output is connected to registers with an asynchronous reset (sqrt/s17_inverse_square_root/s13_mult/s2_mult_out_reg[2]). This is preventing the possibility of merging these registers in to the DSP Block since the DSP block registers only possess synchronous reset capability.  It is suggested to recode or change these registers to remove the reset or use a synchronous reset to get the best optimization for performance, power and area.
Related violations: <none>

DPOR-1#135 Warning
Asynchronous load check  
DSP sqrt/s17_inverse_square_root/s13_mult/s2_mult_out0 output is connected to registers with an asynchronous reset (sqrt/s17_inverse_square_root/s13_mult/s2_mult_out_reg[3]). This is preventing the possibility of merging these registers in to the DSP Block since the DSP block registers only possess synchronous reset capability.  It is suggested to recode or change these registers to remove the reset or use a synchronous reset to get the best optimization for performance, power and area.
Related violations: <none>

DPOR-1#136 Warning
Asynchronous load check  
DSP sqrt/s17_inverse_square_root/s13_mult/s2_mult_out0 output is connected to registers with an asynchronous reset (sqrt/s17_inverse_square_root/s13_mult/s2_mult_out_reg[4]). This is preventing the possibility of merging these registers in to the DSP Block since the DSP block registers only possess synchronous reset capability.  It is suggested to recode or change these registers to remove the reset or use a synchronous reset to get the best optimization for performance, power and area.
Related violations: <none>

DPOR-1#137 Warning
Asynchronous load check  
DSP sqrt/s17_inverse_square_root/s13_mult/s2_mult_out0 output is connected to registers with an asynchronous reset (sqrt/s17_inverse_square_root/s13_mult/s2_mult_out_reg[5]). This is preventing the possibility of merging these registers in to the DSP Block since the DSP block registers only possess synchronous reset capability.  It is suggested to recode or change these registers to remove the reset or use a synchronous reset to get the best optimization for performance, power and area.
Related violations: <none>

DPOR-1#138 Warning
Asynchronous load check  
DSP sqrt/s17_inverse_square_root/s13_mult/s2_mult_out0 output is connected to registers with an asynchronous reset (sqrt/s17_inverse_square_root/s13_mult/s2_mult_out_reg[6]). This is preventing the possibility of merging these registers in to the DSP Block since the DSP block registers only possess synchronous reset capability.  It is suggested to recode or change these registers to remove the reset or use a synchronous reset to get the best optimization for performance, power and area.
Related violations: <none>

DPOR-1#139 Warning
Asynchronous load check  
DSP sqrt/s17_inverse_square_root/s13_mult/s2_mult_out0 output is connected to registers with an asynchronous reset (sqrt/s17_inverse_square_root/s13_mult/s2_mult_out_reg[7]). This is preventing the possibility of merging these registers in to the DSP Block since the DSP block registers only possess synchronous reset capability.  It is suggested to recode or change these registers to remove the reset or use a synchronous reset to get the best optimization for performance, power and area.
Related violations: <none>

DPOR-1#140 Warning
Asynchronous load check  
DSP sqrt/s17_inverse_square_root/s13_mult/s2_mult_out0 output is connected to registers with an asynchronous reset (sqrt/s17_inverse_square_root/s13_mult/s2_mult_out_reg[8]). This is preventing the possibility of merging these registers in to the DSP Block since the DSP block registers only possess synchronous reset capability.  It is suggested to recode or change these registers to remove the reset or use a synchronous reset to get the best optimization for performance, power and area.
Related violations: <none>

DPOR-1#141 Warning
Asynchronous load check  
DSP sqrt/s17_inverse_square_root/s13_mult/s2_mult_out0 output is connected to registers with an asynchronous reset (sqrt/s17_inverse_square_root/s13_mult/s2_mult_out_reg[9]). This is preventing the possibility of merging these registers in to the DSP Block since the DSP block registers only possess synchronous reset capability.  It is suggested to recode or change these registers to remove the reset or use a synchronous reset to get the best optimization for performance, power and area.
Related violations: <none>

DPOR-1#142 Warning
Asynchronous load check  
DSP sqrt/s17_inverse_square_root/s13_mult/s2_mult_out0__1 output is connected to registers with an asynchronous reset (sqrt/s17_inverse_square_root/s13_mult/s2_mult_out_reg[16]__1). This is preventing the possibility of merging these registers in to the DSP Block since the DSP block registers only possess synchronous reset capability.  It is suggested to recode or change these registers to remove the reset or use a synchronous reset to get the best optimization for performance, power and area.
Related violations: <none>

DPOR-1#143 Warning
Asynchronous load check  
DSP sqrt/s17_inverse_square_root/s1_mult/s2_mult_out0 output is connected to registers with an asynchronous reset (sqrt/s17_inverse_square_root/s1_mult/s2_mult_out_reg[0]). This is preventing the possibility of merging these registers in to the DSP Block since the DSP block registers only possess synchronous reset capability.  It is suggested to recode or change these registers to remove the reset or use a synchronous reset to get the best optimization for performance, power and area.
Related violations: <none>

DPOR-1#144 Warning
Asynchronous load check  
DSP sqrt/s17_inverse_square_root/s1_mult/s2_mult_out0 output is connected to registers with an asynchronous reset (sqrt/s17_inverse_square_root/s1_mult/s2_mult_out_reg[10]). This is preventing the possibility of merging these registers in to the DSP Block since the DSP block registers only possess synchronous reset capability.  It is suggested to recode or change these registers to remove the reset or use a synchronous reset to get the best optimization for performance, power and area.
Related violations: <none>

DPOR-1#145 Warning
Asynchronous load check  
DSP sqrt/s17_inverse_square_root/s1_mult/s2_mult_out0 output is connected to registers with an asynchronous reset (sqrt/s17_inverse_square_root/s1_mult/s2_mult_out_reg[11]). This is preventing the possibility of merging these registers in to the DSP Block since the DSP block registers only possess synchronous reset capability.  It is suggested to recode or change these registers to remove the reset or use a synchronous reset to get the best optimization for performance, power and area.
Related violations: <none>

DPOR-1#146 Warning
Asynchronous load check  
DSP sqrt/s17_inverse_square_root/s1_mult/s2_mult_out0 output is connected to registers with an asynchronous reset (sqrt/s17_inverse_square_root/s1_mult/s2_mult_out_reg[12]). This is preventing the possibility of merging these registers in to the DSP Block since the DSP block registers only possess synchronous reset capability.  It is suggested to recode or change these registers to remove the reset or use a synchronous reset to get the best optimization for performance, power and area.
Related violations: <none>

DPOR-1#147 Warning
Asynchronous load check  
DSP sqrt/s17_inverse_square_root/s1_mult/s2_mult_out0 output is connected to registers with an asynchronous reset (sqrt/s17_inverse_square_root/s1_mult/s2_mult_out_reg[13]). This is preventing the possibility of merging these registers in to the DSP Block since the DSP block registers only possess synchronous reset capability.  It is suggested to recode or change these registers to remove the reset or use a synchronous reset to get the best optimization for performance, power and area.
Related violations: <none>

DPOR-1#148 Warning
Asynchronous load check  
DSP sqrt/s17_inverse_square_root/s1_mult/s2_mult_out0 output is connected to registers with an asynchronous reset (sqrt/s17_inverse_square_root/s1_mult/s2_mult_out_reg[14]). This is preventing the possibility of merging these registers in to the DSP Block since the DSP block registers only possess synchronous reset capability.  It is suggested to recode or change these registers to remove the reset or use a synchronous reset to get the best optimization for performance, power and area.
Related violations: <none>

DPOR-1#149 Warning
Asynchronous load check  
DSP sqrt/s17_inverse_square_root/s1_mult/s2_mult_out0 output is connected to registers with an asynchronous reset (sqrt/s17_inverse_square_root/s1_mult/s2_mult_out_reg[15]). This is preventing the possibility of merging these registers in to the DSP Block since the DSP block registers only possess synchronous reset capability.  It is suggested to recode or change these registers to remove the reset or use a synchronous reset to get the best optimization for performance, power and area.
Related violations: <none>

DPOR-1#150 Warning
Asynchronous load check  
DSP sqrt/s17_inverse_square_root/s1_mult/s2_mult_out0 output is connected to registers with an asynchronous reset (sqrt/s17_inverse_square_root/s1_mult/s2_mult_out_reg[16]). This is preventing the possibility of merging these registers in to the DSP Block since the DSP block registers only possess synchronous reset capability.  It is suggested to recode or change these registers to remove the reset or use a synchronous reset to get the best optimization for performance, power and area.
Related violations: <none>

DPOR-1#151 Warning
Asynchronous load check  
DSP sqrt/s17_inverse_square_root/s1_mult/s2_mult_out0 output is connected to registers with an asynchronous reset (sqrt/s17_inverse_square_root/s1_mult/s2_mult_out_reg[1]). This is preventing the possibility of merging these registers in to the DSP Block since the DSP block registers only possess synchronous reset capability.  It is suggested to recode or change these registers to remove the reset or use a synchronous reset to get the best optimization for performance, power and area.
Related violations: <none>

DPOR-1#152 Warning
Asynchronous load check  
DSP sqrt/s17_inverse_square_root/s1_mult/s2_mult_out0 output is connected to registers with an asynchronous reset (sqrt/s17_inverse_square_root/s1_mult/s2_mult_out_reg[2]). This is preventing the possibility of merging these registers in to the DSP Block since the DSP block registers only possess synchronous reset capability.  It is suggested to recode or change these registers to remove the reset or use a synchronous reset to get the best optimization for performance, power and area.
Related violations: <none>

DPOR-1#153 Warning
Asynchronous load check  
DSP sqrt/s17_inverse_square_root/s1_mult/s2_mult_out0 output is connected to registers with an asynchronous reset (sqrt/s17_inverse_square_root/s1_mult/s2_mult_out_reg[3]). This is preventing the possibility of merging these registers in to the DSP Block since the DSP block registers only possess synchronous reset capability.  It is suggested to recode or change these registers to remove the reset or use a synchronous reset to get the best optimization for performance, power and area.
Related violations: <none>

DPOR-1#154 Warning
Asynchronous load check  
DSP sqrt/s17_inverse_square_root/s1_mult/s2_mult_out0 output is connected to registers with an asynchronous reset (sqrt/s17_inverse_square_root/s1_mult/s2_mult_out_reg[4]). This is preventing the possibility of merging these registers in to the DSP Block since the DSP block registers only possess synchronous reset capability.  It is suggested to recode or change these registers to remove the reset or use a synchronous reset to get the best optimization for performance, power and area.
Related violations: <none>

DPOR-1#155 Warning
Asynchronous load check  
DSP sqrt/s17_inverse_square_root/s1_mult/s2_mult_out0 output is connected to registers with an asynchronous reset (sqrt/s17_inverse_square_root/s1_mult/s2_mult_out_reg[5]). This is preventing the possibility of merging these registers in to the DSP Block since the DSP block registers only possess synchronous reset capability.  It is suggested to recode or change these registers to remove the reset or use a synchronous reset to get the best optimization for performance, power and area.
Related violations: <none>

DPOR-1#156 Warning
Asynchronous load check  
DSP sqrt/s17_inverse_square_root/s1_mult/s2_mult_out0 output is connected to registers with an asynchronous reset (sqrt/s17_inverse_square_root/s1_mult/s2_mult_out_reg[6]). This is preventing the possibility of merging these registers in to the DSP Block since the DSP block registers only possess synchronous reset capability.  It is suggested to recode or change these registers to remove the reset or use a synchronous reset to get the best optimization for performance, power and area.
Related violations: <none>

DPOR-1#157 Warning
Asynchronous load check  
DSP sqrt/s17_inverse_square_root/s1_mult/s2_mult_out0 output is connected to registers with an asynchronous reset (sqrt/s17_inverse_square_root/s1_mult/s2_mult_out_reg[7]). This is preventing the possibility of merging these registers in to the DSP Block since the DSP block registers only possess synchronous reset capability.  It is suggested to recode or change these registers to remove the reset or use a synchronous reset to get the best optimization for performance, power and area.
Related violations: <none>

DPOR-1#158 Warning
Asynchronous load check  
DSP sqrt/s17_inverse_square_root/s1_mult/s2_mult_out0 output is connected to registers with an asynchronous reset (sqrt/s17_inverse_square_root/s1_mult/s2_mult_out_reg[8]). This is preventing the possibility of merging these registers in to the DSP Block since the DSP block registers only possess synchronous reset capability.  It is suggested to recode or change these registers to remove the reset or use a synchronous reset to get the best optimization for performance, power and area.
Related violations: <none>

DPOR-1#159 Warning
Asynchronous load check  
DSP sqrt/s17_inverse_square_root/s1_mult/s2_mult_out0 output is connected to registers with an asynchronous reset (sqrt/s17_inverse_square_root/s1_mult/s2_mult_out_reg[9]). This is preventing the possibility of merging these registers in to the DSP Block since the DSP block registers only possess synchronous reset capability.  It is suggested to recode or change these registers to remove the reset or use a synchronous reset to get the best optimization for performance, power and area.
Related violations: <none>

DPOR-1#160 Warning
Asynchronous load check  
DSP sqrt/s17_inverse_square_root/s1_mult/s2_mult_out0__1 output is connected to registers with an asynchronous reset (sqrt/s17_inverse_square_root/s1_mult/s2_mult_out_reg[16]__1). This is preventing the possibility of merging these registers in to the DSP Block since the DSP block registers only possess synchronous reset capability.  It is suggested to recode or change these registers to remove the reset or use a synchronous reset to get the best optimization for performance, power and area.
Related violations: <none>

DPOR-1#161 Warning
Asynchronous load check  
DSP sqrt/s17_inverse_square_root/s3_mult/s2_mult_out0 output is connected to registers with an asynchronous reset (sqrt/s17_inverse_square_root/s3_mult/s2_mult_out_reg[0]). This is preventing the possibility of merging these registers in to the DSP Block since the DSP block registers only possess synchronous reset capability.  It is suggested to recode or change these registers to remove the reset or use a synchronous reset to get the best optimization for performance, power and area.
Related violations: <none>

DPOR-1#162 Warning
Asynchronous load check  
DSP sqrt/s17_inverse_square_root/s3_mult/s2_mult_out0 output is connected to registers with an asynchronous reset (sqrt/s17_inverse_square_root/s3_mult/s2_mult_out_reg[10]). This is preventing the possibility of merging these registers in to the DSP Block since the DSP block registers only possess synchronous reset capability.  It is suggested to recode or change these registers to remove the reset or use a synchronous reset to get the best optimization for performance, power and area.
Related violations: <none>

DPOR-1#163 Warning
Asynchronous load check  
DSP sqrt/s17_inverse_square_root/s3_mult/s2_mult_out0 output is connected to registers with an asynchronous reset (sqrt/s17_inverse_square_root/s3_mult/s2_mult_out_reg[11]). This is preventing the possibility of merging these registers in to the DSP Block since the DSP block registers only possess synchronous reset capability.  It is suggested to recode or change these registers to remove the reset or use a synchronous reset to get the best optimization for performance, power and area.
Related violations: <none>

DPOR-1#164 Warning
Asynchronous load check  
DSP sqrt/s17_inverse_square_root/s3_mult/s2_mult_out0 output is connected to registers with an asynchronous reset (sqrt/s17_inverse_square_root/s3_mult/s2_mult_out_reg[12]). This is preventing the possibility of merging these registers in to the DSP Block since the DSP block registers only possess synchronous reset capability.  It is suggested to recode or change these registers to remove the reset or use a synchronous reset to get the best optimization for performance, power and area.
Related violations: <none>

DPOR-1#165 Warning
Asynchronous load check  
DSP sqrt/s17_inverse_square_root/s3_mult/s2_mult_out0 output is connected to registers with an asynchronous reset (sqrt/s17_inverse_square_root/s3_mult/s2_mult_out_reg[13]). This is preventing the possibility of merging these registers in to the DSP Block since the DSP block registers only possess synchronous reset capability.  It is suggested to recode or change these registers to remove the reset or use a synchronous reset to get the best optimization for performance, power and area.
Related violations: <none>

DPOR-1#166 Warning
Asynchronous load check  
DSP sqrt/s17_inverse_square_root/s3_mult/s2_mult_out0 output is connected to registers with an asynchronous reset (sqrt/s17_inverse_square_root/s3_mult/s2_mult_out_reg[14]). This is preventing the possibility of merging these registers in to the DSP Block since the DSP block registers only possess synchronous reset capability.  It is suggested to recode or change these registers to remove the reset or use a synchronous reset to get the best optimization for performance, power and area.
Related violations: <none>

DPOR-1#167 Warning
Asynchronous load check  
DSP sqrt/s17_inverse_square_root/s3_mult/s2_mult_out0 output is connected to registers with an asynchronous reset (sqrt/s17_inverse_square_root/s3_mult/s2_mult_out_reg[15]). This is preventing the possibility of merging these registers in to the DSP Block since the DSP block registers only possess synchronous reset capability.  It is suggested to recode or change these registers to remove the reset or use a synchronous reset to get the best optimization for performance, power and area.
Related violations: <none>

DPOR-1#168 Warning
Asynchronous load check  
DSP sqrt/s17_inverse_square_root/s3_mult/s2_mult_out0 output is connected to registers with an asynchronous reset (sqrt/s17_inverse_square_root/s3_mult/s2_mult_out_reg[16]). This is preventing the possibility of merging these registers in to the DSP Block since the DSP block registers only possess synchronous reset capability.  It is suggested to recode or change these registers to remove the reset or use a synchronous reset to get the best optimization for performance, power and area.
Related violations: <none>

DPOR-1#169 Warning
Asynchronous load check  
DSP sqrt/s17_inverse_square_root/s3_mult/s2_mult_out0 output is connected to registers with an asynchronous reset (sqrt/s17_inverse_square_root/s3_mult/s2_mult_out_reg[1]). This is preventing the possibility of merging these registers in to the DSP Block since the DSP block registers only possess synchronous reset capability.  It is suggested to recode or change these registers to remove the reset or use a synchronous reset to get the best optimization for performance, power and area.
Related violations: <none>

DPOR-1#170 Warning
Asynchronous load check  
DSP sqrt/s17_inverse_square_root/s3_mult/s2_mult_out0 output is connected to registers with an asynchronous reset (sqrt/s17_inverse_square_root/s3_mult/s2_mult_out_reg[2]). This is preventing the possibility of merging these registers in to the DSP Block since the DSP block registers only possess synchronous reset capability.  It is suggested to recode or change these registers to remove the reset or use a synchronous reset to get the best optimization for performance, power and area.
Related violations: <none>

DPOR-1#171 Warning
Asynchronous load check  
DSP sqrt/s17_inverse_square_root/s3_mult/s2_mult_out0 output is connected to registers with an asynchronous reset (sqrt/s17_inverse_square_root/s3_mult/s2_mult_out_reg[3]). This is preventing the possibility of merging these registers in to the DSP Block since the DSP block registers only possess synchronous reset capability.  It is suggested to recode or change these registers to remove the reset or use a synchronous reset to get the best optimization for performance, power and area.
Related violations: <none>

DPOR-1#172 Warning
Asynchronous load check  
DSP sqrt/s17_inverse_square_root/s3_mult/s2_mult_out0 output is connected to registers with an asynchronous reset (sqrt/s17_inverse_square_root/s3_mult/s2_mult_out_reg[4]). This is preventing the possibility of merging these registers in to the DSP Block since the DSP block registers only possess synchronous reset capability.  It is suggested to recode or change these registers to remove the reset or use a synchronous reset to get the best optimization for performance, power and area.
Related violations: <none>

DPOR-1#173 Warning
Asynchronous load check  
DSP sqrt/s17_inverse_square_root/s3_mult/s2_mult_out0 output is connected to registers with an asynchronous reset (sqrt/s17_inverse_square_root/s3_mult/s2_mult_out_reg[5]). This is preventing the possibility of merging these registers in to the DSP Block since the DSP block registers only possess synchronous reset capability.  It is suggested to recode or change these registers to remove the reset or use a synchronous reset to get the best optimization for performance, power and area.
Related violations: <none>

DPOR-1#174 Warning
Asynchronous load check  
DSP sqrt/s17_inverse_square_root/s3_mult/s2_mult_out0 output is connected to registers with an asynchronous reset (sqrt/s17_inverse_square_root/s3_mult/s2_mult_out_reg[6]). This is preventing the possibility of merging these registers in to the DSP Block since the DSP block registers only possess synchronous reset capability.  It is suggested to recode or change these registers to remove the reset or use a synchronous reset to get the best optimization for performance, power and area.
Related violations: <none>

DPOR-1#175 Warning
Asynchronous load check  
DSP sqrt/s17_inverse_square_root/s3_mult/s2_mult_out0 output is connected to registers with an asynchronous reset (sqrt/s17_inverse_square_root/s3_mult/s2_mult_out_reg[7]). This is preventing the possibility of merging these registers in to the DSP Block since the DSP block registers only possess synchronous reset capability.  It is suggested to recode or change these registers to remove the reset or use a synchronous reset to get the best optimization for performance, power and area.
Related violations: <none>

DPOR-1#176 Warning
Asynchronous load check  
DSP sqrt/s17_inverse_square_root/s3_mult/s2_mult_out0 output is connected to registers with an asynchronous reset (sqrt/s17_inverse_square_root/s3_mult/s2_mult_out_reg[8]). This is preventing the possibility of merging these registers in to the DSP Block since the DSP block registers only possess synchronous reset capability.  It is suggested to recode or change these registers to remove the reset or use a synchronous reset to get the best optimization for performance, power and area.
Related violations: <none>

DPOR-1#177 Warning
Asynchronous load check  
DSP sqrt/s17_inverse_square_root/s3_mult/s2_mult_out0 output is connected to registers with an asynchronous reset (sqrt/s17_inverse_square_root/s3_mult/s2_mult_out_reg[9]). This is preventing the possibility of merging these registers in to the DSP Block since the DSP block registers only possess synchronous reset capability.  It is suggested to recode or change these registers to remove the reset or use a synchronous reset to get the best optimization for performance, power and area.
Related violations: <none>

DPOR-1#178 Warning
Asynchronous load check  
DSP sqrt/s17_inverse_square_root/s3_mult/s2_mult_out0__1 output is connected to registers with an asynchronous reset (sqrt/s17_inverse_square_root/s3_mult/s2_mult_out_reg[16]__1). This is preventing the possibility of merging these registers in to the DSP Block since the DSP block registers only possess synchronous reset capability.  It is suggested to recode or change these registers to remove the reset or use a synchronous reset to get the best optimization for performance, power and area.
Related violations: <none>

DPOR-1#179 Warning
Asynchronous load check  
DSP sqrt/s17_inverse_square_root/s6_mult/s2_mult_out0 output is connected to registers with an asynchronous reset (sqrt/s17_inverse_square_root/s6_mult/s2_mult_out_reg[0]). This is preventing the possibility of merging these registers in to the DSP Block since the DSP block registers only possess synchronous reset capability.  It is suggested to recode or change these registers to remove the reset or use a synchronous reset to get the best optimization for performance, power and area.
Related violations: <none>

DPOR-1#180 Warning
Asynchronous load check  
DSP sqrt/s17_inverse_square_root/s6_mult/s2_mult_out0 output is connected to registers with an asynchronous reset (sqrt/s17_inverse_square_root/s6_mult/s2_mult_out_reg[10]). This is preventing the possibility of merging these registers in to the DSP Block since the DSP block registers only possess synchronous reset capability.  It is suggested to recode or change these registers to remove the reset or use a synchronous reset to get the best optimization for performance, power and area.
Related violations: <none>

DPOR-1#181 Warning
Asynchronous load check  
DSP sqrt/s17_inverse_square_root/s6_mult/s2_mult_out0 output is connected to registers with an asynchronous reset (sqrt/s17_inverse_square_root/s6_mult/s2_mult_out_reg[11]). This is preventing the possibility of merging these registers in to the DSP Block since the DSP block registers only possess synchronous reset capability.  It is suggested to recode or change these registers to remove the reset or use a synchronous reset to get the best optimization for performance, power and area.
Related violations: <none>

DPOR-1#182 Warning
Asynchronous load check  
DSP sqrt/s17_inverse_square_root/s6_mult/s2_mult_out0 output is connected to registers with an asynchronous reset (sqrt/s17_inverse_square_root/s6_mult/s2_mult_out_reg[12]). This is preventing the possibility of merging these registers in to the DSP Block since the DSP block registers only possess synchronous reset capability.  It is suggested to recode or change these registers to remove the reset or use a synchronous reset to get the best optimization for performance, power and area.
Related violations: <none>

DPOR-1#183 Warning
Asynchronous load check  
DSP sqrt/s17_inverse_square_root/s6_mult/s2_mult_out0 output is connected to registers with an asynchronous reset (sqrt/s17_inverse_square_root/s6_mult/s2_mult_out_reg[13]). This is preventing the possibility of merging these registers in to the DSP Block since the DSP block registers only possess synchronous reset capability.  It is suggested to recode or change these registers to remove the reset or use a synchronous reset to get the best optimization for performance, power and area.
Related violations: <none>

DPOR-1#184 Warning
Asynchronous load check  
DSP sqrt/s17_inverse_square_root/s6_mult/s2_mult_out0 output is connected to registers with an asynchronous reset (sqrt/s17_inverse_square_root/s6_mult/s2_mult_out_reg[14]). This is preventing the possibility of merging these registers in to the DSP Block since the DSP block registers only possess synchronous reset capability.  It is suggested to recode or change these registers to remove the reset or use a synchronous reset to get the best optimization for performance, power and area.
Related violations: <none>

DPOR-1#185 Warning
Asynchronous load check  
DSP sqrt/s17_inverse_square_root/s6_mult/s2_mult_out0 output is connected to registers with an asynchronous reset (sqrt/s17_inverse_square_root/s6_mult/s2_mult_out_reg[15]). This is preventing the possibility of merging these registers in to the DSP Block since the DSP block registers only possess synchronous reset capability.  It is suggested to recode or change these registers to remove the reset or use a synchronous reset to get the best optimization for performance, power and area.
Related violations: <none>

DPOR-1#186 Warning
Asynchronous load check  
DSP sqrt/s17_inverse_square_root/s6_mult/s2_mult_out0 output is connected to registers with an asynchronous reset (sqrt/s17_inverse_square_root/s6_mult/s2_mult_out_reg[16]). This is preventing the possibility of merging these registers in to the DSP Block since the DSP block registers only possess synchronous reset capability.  It is suggested to recode or change these registers to remove the reset or use a synchronous reset to get the best optimization for performance, power and area.
Related violations: <none>

DPOR-1#187 Warning
Asynchronous load check  
DSP sqrt/s17_inverse_square_root/s6_mult/s2_mult_out0 output is connected to registers with an asynchronous reset (sqrt/s17_inverse_square_root/s6_mult/s2_mult_out_reg[1]). This is preventing the possibility of merging these registers in to the DSP Block since the DSP block registers only possess synchronous reset capability.  It is suggested to recode or change these registers to remove the reset or use a synchronous reset to get the best optimization for performance, power and area.
Related violations: <none>

DPOR-1#188 Warning
Asynchronous load check  
DSP sqrt/s17_inverse_square_root/s6_mult/s2_mult_out0 output is connected to registers with an asynchronous reset (sqrt/s17_inverse_square_root/s6_mult/s2_mult_out_reg[2]). This is preventing the possibility of merging these registers in to the DSP Block since the DSP block registers only possess synchronous reset capability.  It is suggested to recode or change these registers to remove the reset or use a synchronous reset to get the best optimization for performance, power and area.
Related violations: <none>

DPOR-1#189 Warning
Asynchronous load check  
DSP sqrt/s17_inverse_square_root/s6_mult/s2_mult_out0 output is connected to registers with an asynchronous reset (sqrt/s17_inverse_square_root/s6_mult/s2_mult_out_reg[3]). This is preventing the possibility of merging these registers in to the DSP Block since the DSP block registers only possess synchronous reset capability.  It is suggested to recode or change these registers to remove the reset or use a synchronous reset to get the best optimization for performance, power and area.
Related violations: <none>

DPOR-1#190 Warning
Asynchronous load check  
DSP sqrt/s17_inverse_square_root/s6_mult/s2_mult_out0 output is connected to registers with an asynchronous reset (sqrt/s17_inverse_square_root/s6_mult/s2_mult_out_reg[4]). This is preventing the possibility of merging these registers in to the DSP Block since the DSP block registers only possess synchronous reset capability.  It is suggested to recode or change these registers to remove the reset or use a synchronous reset to get the best optimization for performance, power and area.
Related violations: <none>

DPOR-1#191 Warning
Asynchronous load check  
DSP sqrt/s17_inverse_square_root/s6_mult/s2_mult_out0 output is connected to registers with an asynchronous reset (sqrt/s17_inverse_square_root/s6_mult/s2_mult_out_reg[5]). This is preventing the possibility of merging these registers in to the DSP Block since the DSP block registers only possess synchronous reset capability.  It is suggested to recode or change these registers to remove the reset or use a synchronous reset to get the best optimization for performance, power and area.
Related violations: <none>

DPOR-1#192 Warning
Asynchronous load check  
DSP sqrt/s17_inverse_square_root/s6_mult/s2_mult_out0 output is connected to registers with an asynchronous reset (sqrt/s17_inverse_square_root/s6_mult/s2_mult_out_reg[6]). This is preventing the possibility of merging these registers in to the DSP Block since the DSP block registers only possess synchronous reset capability.  It is suggested to recode or change these registers to remove the reset or use a synchronous reset to get the best optimization for performance, power and area.
Related violations: <none>

DPOR-1#193 Warning
Asynchronous load check  
DSP sqrt/s17_inverse_square_root/s6_mult/s2_mult_out0 output is connected to registers with an asynchronous reset (sqrt/s17_inverse_square_root/s6_mult/s2_mult_out_reg[7]). This is preventing the possibility of merging these registers in to the DSP Block since the DSP block registers only possess synchronous reset capability.  It is suggested to recode or change these registers to remove the reset or use a synchronous reset to get the best optimization for performance, power and area.
Related violations: <none>

DPOR-1#194 Warning
Asynchronous load check  
DSP sqrt/s17_inverse_square_root/s6_mult/s2_mult_out0 output is connected to registers with an asynchronous reset (sqrt/s17_inverse_square_root/s6_mult/s2_mult_out_reg[8]). This is preventing the possibility of merging these registers in to the DSP Block since the DSP block registers only possess synchronous reset capability.  It is suggested to recode or change these registers to remove the reset or use a synchronous reset to get the best optimization for performance, power and area.
Related violations: <none>

DPOR-1#195 Warning
Asynchronous load check  
DSP sqrt/s17_inverse_square_root/s6_mult/s2_mult_out0 output is connected to registers with an asynchronous reset (sqrt/s17_inverse_square_root/s6_mult/s2_mult_out_reg[9]). This is preventing the possibility of merging these registers in to the DSP Block since the DSP block registers only possess synchronous reset capability.  It is suggested to recode or change these registers to remove the reset or use a synchronous reset to get the best optimization for performance, power and area.
Related violations: <none>

DPOR-1#196 Warning
Asynchronous load check  
DSP sqrt/s17_inverse_square_root/s6_mult/s2_mult_out0__1 output is connected to registers with an asynchronous reset (sqrt/s17_inverse_square_root/s6_mult/s2_mult_out_reg[16]__1). This is preventing the possibility of merging these registers in to the DSP Block since the DSP block registers only possess synchronous reset capability.  It is suggested to recode or change these registers to remove the reset or use a synchronous reset to get the best optimization for performance, power and area.
Related violations: <none>

DPOR-1#197 Warning
Asynchronous load check  
DSP sqrt/s17_inverse_square_root/s8_mult/s2_mult_out0 output is connected to registers with an asynchronous reset (sqrt/s17_inverse_square_root/s8_mult/s2_mult_out_reg[0]). This is preventing the possibility of merging these registers in to the DSP Block since the DSP block registers only possess synchronous reset capability.  It is suggested to recode or change these registers to remove the reset or use a synchronous reset to get the best optimization for performance, power and area.
Related violations: <none>

DPOR-1#198 Warning
Asynchronous load check  
DSP sqrt/s17_inverse_square_root/s8_mult/s2_mult_out0 output is connected to registers with an asynchronous reset (sqrt/s17_inverse_square_root/s8_mult/s2_mult_out_reg[10]). This is preventing the possibility of merging these registers in to the DSP Block since the DSP block registers only possess synchronous reset capability.  It is suggested to recode or change these registers to remove the reset or use a synchronous reset to get the best optimization for performance, power and area.
Related violations: <none>

DPOR-1#199 Warning
Asynchronous load check  
DSP sqrt/s17_inverse_square_root/s8_mult/s2_mult_out0 output is connected to registers with an asynchronous reset (sqrt/s17_inverse_square_root/s8_mult/s2_mult_out_reg[11]). This is preventing the possibility of merging these registers in to the DSP Block since the DSP block registers only possess synchronous reset capability.  It is suggested to recode or change these registers to remove the reset or use a synchronous reset to get the best optimization for performance, power and area.
Related violations: <none>

DPOR-1#200 Warning
Asynchronous load check  
DSP sqrt/s17_inverse_square_root/s8_mult/s2_mult_out0 output is connected to registers with an asynchronous reset (sqrt/s17_inverse_square_root/s8_mult/s2_mult_out_reg[12]). This is preventing the possibility of merging these registers in to the DSP Block since the DSP block registers only possess synchronous reset capability.  It is suggested to recode or change these registers to remove the reset or use a synchronous reset to get the best optimization for performance, power and area.
Related violations: <none>

DPOR-1#201 Warning
Asynchronous load check  
DSP sqrt/s17_inverse_square_root/s8_mult/s2_mult_out0 output is connected to registers with an asynchronous reset (sqrt/s17_inverse_square_root/s8_mult/s2_mult_out_reg[13]). This is preventing the possibility of merging these registers in to the DSP Block since the DSP block registers only possess synchronous reset capability.  It is suggested to recode or change these registers to remove the reset or use a synchronous reset to get the best optimization for performance, power and area.
Related violations: <none>

DPOR-1#202 Warning
Asynchronous load check  
DSP sqrt/s17_inverse_square_root/s8_mult/s2_mult_out0 output is connected to registers with an asynchronous reset (sqrt/s17_inverse_square_root/s8_mult/s2_mult_out_reg[14]). This is preventing the possibility of merging these registers in to the DSP Block since the DSP block registers only possess synchronous reset capability.  It is suggested to recode or change these registers to remove the reset or use a synchronous reset to get the best optimization for performance, power and area.
Related violations: <none>

DPOR-1#203 Warning
Asynchronous load check  
DSP sqrt/s17_inverse_square_root/s8_mult/s2_mult_out0 output is connected to registers with an asynchronous reset (sqrt/s17_inverse_square_root/s8_mult/s2_mult_out_reg[15]). This is preventing the possibility of merging these registers in to the DSP Block since the DSP block registers only possess synchronous reset capability.  It is suggested to recode or change these registers to remove the reset or use a synchronous reset to get the best optimization for performance, power and area.
Related violations: <none>

DPOR-1#204 Warning
Asynchronous load check  
DSP sqrt/s17_inverse_square_root/s8_mult/s2_mult_out0 output is connected to registers with an asynchronous reset (sqrt/s17_inverse_square_root/s8_mult/s2_mult_out_reg[16]). This is preventing the possibility of merging these registers in to the DSP Block since the DSP block registers only possess synchronous reset capability.  It is suggested to recode or change these registers to remove the reset or use a synchronous reset to get the best optimization for performance, power and area.
Related violations: <none>

DPOR-1#205 Warning
Asynchronous load check  
DSP sqrt/s17_inverse_square_root/s8_mult/s2_mult_out0 output is connected to registers with an asynchronous reset (sqrt/s17_inverse_square_root/s8_mult/s2_mult_out_reg[1]). This is preventing the possibility of merging these registers in to the DSP Block since the DSP block registers only possess synchronous reset capability.  It is suggested to recode or change these registers to remove the reset or use a synchronous reset to get the best optimization for performance, power and area.
Related violations: <none>

DPOR-1#206 Warning
Asynchronous load check  
DSP sqrt/s17_inverse_square_root/s8_mult/s2_mult_out0 output is connected to registers with an asynchronous reset (sqrt/s17_inverse_square_root/s8_mult/s2_mult_out_reg[2]). This is preventing the possibility of merging these registers in to the DSP Block since the DSP block registers only possess synchronous reset capability.  It is suggested to recode or change these registers to remove the reset or use a synchronous reset to get the best optimization for performance, power and area.
Related violations: <none>

DPOR-1#207 Warning
Asynchronous load check  
DSP sqrt/s17_inverse_square_root/s8_mult/s2_mult_out0 output is connected to registers with an asynchronous reset (sqrt/s17_inverse_square_root/s8_mult/s2_mult_out_reg[3]). This is preventing the possibility of merging these registers in to the DSP Block since the DSP block registers only possess synchronous reset capability.  It is suggested to recode or change these registers to remove the reset or use a synchronous reset to get the best optimization for performance, power and area.
Related violations: <none>

DPOR-1#208 Warning
Asynchronous load check  
DSP sqrt/s17_inverse_square_root/s8_mult/s2_mult_out0 output is connected to registers with an asynchronous reset (sqrt/s17_inverse_square_root/s8_mult/s2_mult_out_reg[4]). This is preventing the possibility of merging these registers in to the DSP Block since the DSP block registers only possess synchronous reset capability.  It is suggested to recode or change these registers to remove the reset or use a synchronous reset to get the best optimization for performance, power and area.
Related violations: <none>

DPOR-1#209 Warning
Asynchronous load check  
DSP sqrt/s17_inverse_square_root/s8_mult/s2_mult_out0 output is connected to registers with an asynchronous reset (sqrt/s17_inverse_square_root/s8_mult/s2_mult_out_reg[5]). This is preventing the possibility of merging these registers in to the DSP Block since the DSP block registers only possess synchronous reset capability.  It is suggested to recode or change these registers to remove the reset or use a synchronous reset to get the best optimization for performance, power and area.
Related violations: <none>

DPOR-1#210 Warning
Asynchronous load check  
DSP sqrt/s17_inverse_square_root/s8_mult/s2_mult_out0 output is connected to registers with an asynchronous reset (sqrt/s17_inverse_square_root/s8_mult/s2_mult_out_reg[6]). This is preventing the possibility of merging these registers in to the DSP Block since the DSP block registers only possess synchronous reset capability.  It is suggested to recode or change these registers to remove the reset or use a synchronous reset to get the best optimization for performance, power and area.
Related violations: <none>

DPOR-1#211 Warning
Asynchronous load check  
DSP sqrt/s17_inverse_square_root/s8_mult/s2_mult_out0 output is connected to registers with an asynchronous reset (sqrt/s17_inverse_square_root/s8_mult/s2_mult_out_reg[7]). This is preventing the possibility of merging these registers in to the DSP Block since the DSP block registers only possess synchronous reset capability.  It is suggested to recode or change these registers to remove the reset or use a synchronous reset to get the best optimization for performance, power and area.
Related violations: <none>

DPOR-1#212 Warning
Asynchronous load check  
DSP sqrt/s17_inverse_square_root/s8_mult/s2_mult_out0 output is connected to registers with an asynchronous reset (sqrt/s17_inverse_square_root/s8_mult/s2_mult_out_reg[8]). This is preventing the possibility of merging these registers in to the DSP Block since the DSP block registers only possess synchronous reset capability.  It is suggested to recode or change these registers to remove the reset or use a synchronous reset to get the best optimization for performance, power and area.
Related violations: <none>

DPOR-1#213 Warning
Asynchronous load check  
DSP sqrt/s17_inverse_square_root/s8_mult/s2_mult_out0 output is connected to registers with an asynchronous reset (sqrt/s17_inverse_square_root/s8_mult/s2_mult_out_reg[9]). This is preventing the possibility of merging these registers in to the DSP Block since the DSP block registers only possess synchronous reset capability.  It is suggested to recode or change these registers to remove the reset or use a synchronous reset to get the best optimization for performance, power and area.
Related violations: <none>

DPOR-1#214 Warning
Asynchronous load check  
DSP sqrt/s17_inverse_square_root/s8_mult/s2_mult_out0__1 output is connected to registers with an asynchronous reset (sqrt/s17_inverse_square_root/s8_mult/s2_mult_out_reg[16]__1). This is preventing the possibility of merging these registers in to the DSP Block since the DSP block registers only possess synchronous reset capability.  It is suggested to recode or change these registers to remove the reset or use a synchronous reset to get the best optimization for performance, power and area.
Related violations: <none>

DPOR-1#215 Warning
Asynchronous load check  
DSP sqrt/s17_mult/s2_mult_out0 output is connected to registers with an asynchronous reset (sqrt/s17_mult/s2_mult_out_reg[0]). This is preventing the possibility of merging these registers in to the DSP Block since the DSP block registers only possess synchronous reset capability.  It is suggested to recode or change these registers to remove the reset or use a synchronous reset to get the best optimization for performance, power and area.
Related violations: <none>

DPOR-1#216 Warning
Asynchronous load check  
DSP sqrt/s17_mult/s2_mult_out0 output is connected to registers with an asynchronous reset (sqrt/s17_mult/s2_mult_out_reg[10]). This is preventing the possibility of merging these registers in to the DSP Block since the DSP block registers only possess synchronous reset capability.  It is suggested to recode or change these registers to remove the reset or use a synchronous reset to get the best optimization for performance, power and area.
Related violations: <none>

DPOR-1#217 Warning
Asynchronous load check  
DSP sqrt/s17_mult/s2_mult_out0 output is connected to registers with an asynchronous reset (sqrt/s17_mult/s2_mult_out_reg[11]). This is preventing the possibility of merging these registers in to the DSP Block since the DSP block registers only possess synchronous reset capability.  It is suggested to recode or change these registers to remove the reset or use a synchronous reset to get the best optimization for performance, power and area.
Related violations: <none>

DPOR-1#218 Warning
Asynchronous load check  
DSP sqrt/s17_mult/s2_mult_out0 output is connected to registers with an asynchronous reset (sqrt/s17_mult/s2_mult_out_reg[12]). This is preventing the possibility of merging these registers in to the DSP Block since the DSP block registers only possess synchronous reset capability.  It is suggested to recode or change these registers to remove the reset or use a synchronous reset to get the best optimization for performance, power and area.
Related violations: <none>

DPOR-1#219 Warning
Asynchronous load check  
DSP sqrt/s17_mult/s2_mult_out0 output is connected to registers with an asynchronous reset (sqrt/s17_mult/s2_mult_out_reg[13]). This is preventing the possibility of merging these registers in to the DSP Block since the DSP block registers only possess synchronous reset capability.  It is suggested to recode or change these registers to remove the reset or use a synchronous reset to get the best optimization for performance, power and area.
Related violations: <none>

DPOR-1#220 Warning
Asynchronous load check  
DSP sqrt/s17_mult/s2_mult_out0 output is connected to registers with an asynchronous reset (sqrt/s17_mult/s2_mult_out_reg[14]). This is preventing the possibility of merging these registers in to the DSP Block since the DSP block registers only possess synchronous reset capability.  It is suggested to recode or change these registers to remove the reset or use a synchronous reset to get the best optimization for performance, power and area.
Related violations: <none>

DPOR-1#221 Warning
Asynchronous load check  
DSP sqrt/s17_mult/s2_mult_out0 output is connected to registers with an asynchronous reset (sqrt/s17_mult/s2_mult_out_reg[15]). This is preventing the possibility of merging these registers in to the DSP Block since the DSP block registers only possess synchronous reset capability.  It is suggested to recode or change these registers to remove the reset or use a synchronous reset to get the best optimization for performance, power and area.
Related violations: <none>

DPOR-1#222 Warning
Asynchronous load check  
DSP sqrt/s17_mult/s2_mult_out0 output is connected to registers with an asynchronous reset (sqrt/s17_mult/s2_mult_out_reg[16]). This is preventing the possibility of merging these registers in to the DSP Block since the DSP block registers only possess synchronous reset capability.  It is suggested to recode or change these registers to remove the reset or use a synchronous reset to get the best optimization for performance, power and area.
Related violations: <none>

DPOR-1#223 Warning
Asynchronous load check  
DSP sqrt/s17_mult/s2_mult_out0 output is connected to registers with an asynchronous reset (sqrt/s17_mult/s2_mult_out_reg[1]). This is preventing the possibility of merging these registers in to the DSP Block since the DSP block registers only possess synchronous reset capability.  It is suggested to recode or change these registers to remove the reset or use a synchronous reset to get the best optimization for performance, power and area.
Related violations: <none>

DPOR-1#224 Warning
Asynchronous load check  
DSP sqrt/s17_mult/s2_mult_out0 output is connected to registers with an asynchronous reset (sqrt/s17_mult/s2_mult_out_reg[2]). This is preventing the possibility of merging these registers in to the DSP Block since the DSP block registers only possess synchronous reset capability.  It is suggested to recode or change these registers to remove the reset or use a synchronous reset to get the best optimization for performance, power and area.
Related violations: <none>

DPOR-1#225 Warning
Asynchronous load check  
DSP sqrt/s17_mult/s2_mult_out0 output is connected to registers with an asynchronous reset (sqrt/s17_mult/s2_mult_out_reg[3]). This is preventing the possibility of merging these registers in to the DSP Block since the DSP block registers only possess synchronous reset capability.  It is suggested to recode or change these registers to remove the reset or use a synchronous reset to get the best optimization for performance, power and area.
Related violations: <none>

DPOR-1#226 Warning
Asynchronous load check  
DSP sqrt/s17_mult/s2_mult_out0 output is connected to registers with an asynchronous reset (sqrt/s17_mult/s2_mult_out_reg[4]). This is preventing the possibility of merging these registers in to the DSP Block since the DSP block registers only possess synchronous reset capability.  It is suggested to recode or change these registers to remove the reset or use a synchronous reset to get the best optimization for performance, power and area.
Related violations: <none>

DPOR-1#227 Warning
Asynchronous load check  
DSP sqrt/s17_mult/s2_mult_out0 output is connected to registers with an asynchronous reset (sqrt/s17_mult/s2_mult_out_reg[5]). This is preventing the possibility of merging these registers in to the DSP Block since the DSP block registers only possess synchronous reset capability.  It is suggested to recode or change these registers to remove the reset or use a synchronous reset to get the best optimization for performance, power and area.
Related violations: <none>

DPOR-1#228 Warning
Asynchronous load check  
DSP sqrt/s17_mult/s2_mult_out0 output is connected to registers with an asynchronous reset (sqrt/s17_mult/s2_mult_out_reg[6]). This is preventing the possibility of merging these registers in to the DSP Block since the DSP block registers only possess synchronous reset capability.  It is suggested to recode or change these registers to remove the reset or use a synchronous reset to get the best optimization for performance, power and area.
Related violations: <none>

DPOR-1#229 Warning
Asynchronous load check  
DSP sqrt/s17_mult/s2_mult_out0 output is connected to registers with an asynchronous reset (sqrt/s17_mult/s2_mult_out_reg[7]). This is preventing the possibility of merging these registers in to the DSP Block since the DSP block registers only possess synchronous reset capability.  It is suggested to recode or change these registers to remove the reset or use a synchronous reset to get the best optimization for performance, power and area.
Related violations: <none>

DPOR-1#230 Warning
Asynchronous load check  
DSP sqrt/s17_mult/s2_mult_out0 output is connected to registers with an asynchronous reset (sqrt/s17_mult/s2_mult_out_reg[8]). This is preventing the possibility of merging these registers in to the DSP Block since the DSP block registers only possess synchronous reset capability.  It is suggested to recode or change these registers to remove the reset or use a synchronous reset to get the best optimization for performance, power and area.
Related violations: <none>

DPOR-1#231 Warning
Asynchronous load check  
DSP sqrt/s17_mult/s2_mult_out0 output is connected to registers with an asynchronous reset (sqrt/s17_mult/s2_mult_out_reg[9]). This is preventing the possibility of merging these registers in to the DSP Block since the DSP block registers only possess synchronous reset capability.  It is suggested to recode or change these registers to remove the reset or use a synchronous reset to get the best optimization for performance, power and area.
Related violations: <none>

DPOR-1#232 Warning
Asynchronous load check  
DSP sqrt/s17_mult/s2_mult_out0__1 output is connected to registers with an asynchronous reset (sqrt/s17_mult/s2_mult_out_reg[0]__1). This is preventing the possibility of merging these registers in to the DSP Block since the DSP block registers only possess synchronous reset capability.  It is suggested to recode or change these registers to remove the reset or use a synchronous reset to get the best optimization for performance, power and area.
Related violations: <none>

DPOR-1#233 Warning
Asynchronous load check  
DSP sqrt/s17_mult/s2_mult_out0__1 output is connected to registers with an asynchronous reset (sqrt/s17_mult/s2_mult_out_reg[10]__1). This is preventing the possibility of merging these registers in to the DSP Block since the DSP block registers only possess synchronous reset capability.  It is suggested to recode or change these registers to remove the reset or use a synchronous reset to get the best optimization for performance, power and area.
Related violations: <none>

DPOR-1#234 Warning
Asynchronous load check  
DSP sqrt/s17_mult/s2_mult_out0__1 output is connected to registers with an asynchronous reset (sqrt/s17_mult/s2_mult_out_reg[11]__1). This is preventing the possibility of merging these registers in to the DSP Block since the DSP block registers only possess synchronous reset capability.  It is suggested to recode or change these registers to remove the reset or use a synchronous reset to get the best optimization for performance, power and area.
Related violations: <none>

DPOR-1#235 Warning
Asynchronous load check  
DSP sqrt/s17_mult/s2_mult_out0__1 output is connected to registers with an asynchronous reset (sqrt/s17_mult/s2_mult_out_reg[12]__1). This is preventing the possibility of merging these registers in to the DSP Block since the DSP block registers only possess synchronous reset capability.  It is suggested to recode or change these registers to remove the reset or use a synchronous reset to get the best optimization for performance, power and area.
Related violations: <none>

DPOR-1#236 Warning
Asynchronous load check  
DSP sqrt/s17_mult/s2_mult_out0__1 output is connected to registers with an asynchronous reset (sqrt/s17_mult/s2_mult_out_reg[13]__1). This is preventing the possibility of merging these registers in to the DSP Block since the DSP block registers only possess synchronous reset capability.  It is suggested to recode or change these registers to remove the reset or use a synchronous reset to get the best optimization for performance, power and area.
Related violations: <none>

DPOR-1#237 Warning
Asynchronous load check  
DSP sqrt/s17_mult/s2_mult_out0__1 output is connected to registers with an asynchronous reset (sqrt/s17_mult/s2_mult_out_reg[14]__1). This is preventing the possibility of merging these registers in to the DSP Block since the DSP block registers only possess synchronous reset capability.  It is suggested to recode or change these registers to remove the reset or use a synchronous reset to get the best optimization for performance, power and area.
Related violations: <none>

DPOR-1#238 Warning
Asynchronous load check  
DSP sqrt/s17_mult/s2_mult_out0__1 output is connected to registers with an asynchronous reset (sqrt/s17_mult/s2_mult_out_reg[15]__1). This is preventing the possibility of merging these registers in to the DSP Block since the DSP block registers only possess synchronous reset capability.  It is suggested to recode or change these registers to remove the reset or use a synchronous reset to get the best optimization for performance, power and area.
Related violations: <none>

DPOR-1#239 Warning
Asynchronous load check  
DSP sqrt/s17_mult/s2_mult_out0__1 output is connected to registers with an asynchronous reset (sqrt/s17_mult/s2_mult_out_reg[16]__1). This is preventing the possibility of merging these registers in to the DSP Block since the DSP block registers only possess synchronous reset capability.  It is suggested to recode or change these registers to remove the reset or use a synchronous reset to get the best optimization for performance, power and area.
Related violations: <none>

DPOR-1#240 Warning
Asynchronous load check  
DSP sqrt/s17_mult/s2_mult_out0__1 output is connected to registers with an asynchronous reset (sqrt/s17_mult/s2_mult_out_reg[1]__1). This is preventing the possibility of merging these registers in to the DSP Block since the DSP block registers only possess synchronous reset capability.  It is suggested to recode or change these registers to remove the reset or use a synchronous reset to get the best optimization for performance, power and area.
Related violations: <none>

DPOR-1#241 Warning
Asynchronous load check  
DSP sqrt/s17_mult/s2_mult_out0__1 output is connected to registers with an asynchronous reset (sqrt/s17_mult/s2_mult_out_reg[2]__1). This is preventing the possibility of merging these registers in to the DSP Block since the DSP block registers only possess synchronous reset capability.  It is suggested to recode or change these registers to remove the reset or use a synchronous reset to get the best optimization for performance, power and area.
Related violations: <none>

DPOR-1#242 Warning
Asynchronous load check  
DSP sqrt/s17_mult/s2_mult_out0__1 output is connected to registers with an asynchronous reset (sqrt/s17_mult/s2_mult_out_reg[3]__1). This is preventing the possibility of merging these registers in to the DSP Block since the DSP block registers only possess synchronous reset capability.  It is suggested to recode or change these registers to remove the reset or use a synchronous reset to get the best optimization for performance, power and area.
Related violations: <none>

DPOR-1#243 Warning
Asynchronous load check  
DSP sqrt/s17_mult/s2_mult_out0__1 output is connected to registers with an asynchronous reset (sqrt/s17_mult/s2_mult_out_reg[4]__1). This is preventing the possibility of merging these registers in to the DSP Block since the DSP block registers only possess synchronous reset capability.  It is suggested to recode or change these registers to remove the reset or use a synchronous reset to get the best optimization for performance, power and area.
Related violations: <none>

DPOR-1#244 Warning
Asynchronous load check  
DSP sqrt/s17_mult/s2_mult_out0__1 output is connected to registers with an asynchronous reset (sqrt/s17_mult/s2_mult_out_reg[5]__1). This is preventing the possibility of merging these registers in to the DSP Block since the DSP block registers only possess synchronous reset capability.  It is suggested to recode or change these registers to remove the reset or use a synchronous reset to get the best optimization for performance, power and area.
Related violations: <none>

DPOR-1#245 Warning
Asynchronous load check  
DSP sqrt/s17_mult/s2_mult_out0__1 output is connected to registers with an asynchronous reset (sqrt/s17_mult/s2_mult_out_reg[6]__1). This is preventing the possibility of merging these registers in to the DSP Block since the DSP block registers only possess synchronous reset capability.  It is suggested to recode or change these registers to remove the reset or use a synchronous reset to get the best optimization for performance, power and area.
Related violations: <none>

DPOR-1#246 Warning
Asynchronous load check  
DSP sqrt/s17_mult/s2_mult_out0__1 output is connected to registers with an asynchronous reset (sqrt/s17_mult/s2_mult_out_reg[7]__1). This is preventing the possibility of merging these registers in to the DSP Block since the DSP block registers only possess synchronous reset capability.  It is suggested to recode or change these registers to remove the reset or use a synchronous reset to get the best optimization for performance, power and area.
Related violations: <none>

DPOR-1#247 Warning
Asynchronous load check  
DSP sqrt/s17_mult/s2_mult_out0__1 output is connected to registers with an asynchronous reset (sqrt/s17_mult/s2_mult_out_reg[8]__1). This is preventing the possibility of merging these registers in to the DSP Block since the DSP block registers only possess synchronous reset capability.  It is suggested to recode or change these registers to remove the reset or use a synchronous reset to get the best optimization for performance, power and area.
Related violations: <none>

DPOR-1#248 Warning
Asynchronous load check  
DSP sqrt/s17_mult/s2_mult_out0__1 output is connected to registers with an asynchronous reset (sqrt/s17_mult/s2_mult_out_reg[9]__1). This is preventing the possibility of merging these registers in to the DSP Block since the DSP block registers only possess synchronous reset capability.  It is suggested to recode or change these registers to remove the reset or use a synchronous reset to get the best optimization for performance, power and area.
Related violations: <none>

REQP-1840#1 Warning
RAMB18 async control check  
The RAMB18E1 division/s13_reciprocal/s0_reciprocal_lut/out_reg has an input control pin division/s13_reciprocal/s0_reciprocal_lut/out_reg/ADDRARDADDR[10] (net: division/s13_reciprocal/s0_reciprocal_lut/s2_multiplier_in2[6]) which is driven by a register (multiply/s2_in2_reg[mantissa][21]) that has an active asychronous set or reset. This may cause corruption of the memory contents and/or read values when the set/reset is asserted and is not analyzed by the default static timing analysis. It is suggested to eliminate the use of a set/reset to registers driving this RAMB pin or else use a synchronous reset in which the assertion of the reset is timed by default.
Related violations: <none>

REQP-1840#2 Warning
RAMB18 async control check  
The RAMB18E1 division/s13_reciprocal/s0_reciprocal_lut/out_reg has an input control pin division/s13_reciprocal/s0_reciprocal_lut/out_reg/ADDRARDADDR[11] (net: division/s13_reciprocal/s0_reciprocal_lut/s2_multiplier_in2[7]) which is driven by a register (multiply/s2_in2_reg[mantissa][22]) that has an active asychronous set or reset. This may cause corruption of the memory contents and/or read values when the set/reset is asserted and is not analyzed by the default static timing analysis. It is suggested to eliminate the use of a set/reset to registers driving this RAMB pin or else use a synchronous reset in which the assertion of the reset is timed by default.
Related violations: <none>

REQP-1840#3 Warning
RAMB18 async control check  
The RAMB18E1 division/s13_reciprocal/s0_reciprocal_lut/out_reg has an input control pin division/s13_reciprocal/s0_reciprocal_lut/out_reg/ADDRARDADDR[4] (net: division/s13_reciprocal/s0_reciprocal_lut/s2_multiplier_in2[0]) which is driven by a register (multiply/s2_in2_reg[mantissa][15]) that has an active asychronous set or reset. This may cause corruption of the memory contents and/or read values when the set/reset is asserted and is not analyzed by the default static timing analysis. It is suggested to eliminate the use of a set/reset to registers driving this RAMB pin or else use a synchronous reset in which the assertion of the reset is timed by default.
Related violations: <none>

REQP-1840#4 Warning
RAMB18 async control check  
The RAMB18E1 division/s13_reciprocal/s0_reciprocal_lut/out_reg has an input control pin division/s13_reciprocal/s0_reciprocal_lut/out_reg/ADDRARDADDR[5] (net: division/s13_reciprocal/s0_reciprocal_lut/s2_multiplier_in2[1]) which is driven by a register (multiply/s2_in2_reg[mantissa][16]) that has an active asychronous set or reset. This may cause corruption of the memory contents and/or read values when the set/reset is asserted and is not analyzed by the default static timing analysis. It is suggested to eliminate the use of a set/reset to registers driving this RAMB pin or else use a synchronous reset in which the assertion of the reset is timed by default.
Related violations: <none>

REQP-1840#5 Warning
RAMB18 async control check  
The RAMB18E1 division/s13_reciprocal/s0_reciprocal_lut/out_reg has an input control pin division/s13_reciprocal/s0_reciprocal_lut/out_reg/ADDRARDADDR[6] (net: division/s13_reciprocal/s0_reciprocal_lut/s2_multiplier_in2[2]) which is driven by a register (multiply/s2_in2_reg[mantissa][17]) that has an active asychronous set or reset. This may cause corruption of the memory contents and/or read values when the set/reset is asserted and is not analyzed by the default static timing analysis. It is suggested to eliminate the use of a set/reset to registers driving this RAMB pin or else use a synchronous reset in which the assertion of the reset is timed by default.
Related violations: <none>

REQP-1840#6 Warning
RAMB18 async control check  
The RAMB18E1 division/s13_reciprocal/s0_reciprocal_lut/out_reg has an input control pin division/s13_reciprocal/s0_reciprocal_lut/out_reg/ADDRARDADDR[7] (net: division/s13_reciprocal/s0_reciprocal_lut/s2_multiplier_in2[3]) which is driven by a register (multiply/s2_in2_reg[mantissa][18]) that has an active asychronous set or reset. This may cause corruption of the memory contents and/or read values when the set/reset is asserted and is not analyzed by the default static timing analysis. It is suggested to eliminate the use of a set/reset to registers driving this RAMB pin or else use a synchronous reset in which the assertion of the reset is timed by default.
Related violations: <none>

REQP-1840#7 Warning
RAMB18 async control check  
The RAMB18E1 division/s13_reciprocal/s0_reciprocal_lut/out_reg has an input control pin division/s13_reciprocal/s0_reciprocal_lut/out_reg/ADDRARDADDR[8] (net: division/s13_reciprocal/s0_reciprocal_lut/s2_multiplier_in2[4]) which is driven by a register (multiply/s2_in2_reg[mantissa][19]) that has an active asychronous set or reset. This may cause corruption of the memory contents and/or read values when the set/reset is asserted and is not analyzed by the default static timing analysis. It is suggested to eliminate the use of a set/reset to registers driving this RAMB pin or else use a synchronous reset in which the assertion of the reset is timed by default.
Related violations: <none>

REQP-1840#8 Warning
RAMB18 async control check  
The RAMB18E1 division/s13_reciprocal/s0_reciprocal_lut/out_reg has an input control pin division/s13_reciprocal/s0_reciprocal_lut/out_reg/ADDRARDADDR[9] (net: division/s13_reciprocal/s0_reciprocal_lut/s2_multiplier_in2[5]) which is driven by a register (multiply/s2_in2_reg[mantissa][20]) that has an active asychronous set or reset. This may cause corruption of the memory contents and/or read values when the set/reset is asserted and is not analyzed by the default static timing analysis. It is suggested to eliminate the use of a set/reset to registers driving this RAMB pin or else use a synchronous reset in which the assertion of the reset is timed by default.
Related violations: <none>

REQP-1840#9 Warning
RAMB18 async control check  
The RAMB18E1 division/s13_reciprocal/s0_reciprocal_lut/out_reg has an input control pin division/s13_reciprocal/s0_reciprocal_lut/out_reg/ADDRBWRADDR[10] (net: division/s13_reciprocal/s0_reciprocal_lut/s2_multiplier_in2[6]) which is driven by a register (multiply/s2_in2_reg[mantissa][21]) that has an active asychronous set or reset. This may cause corruption of the memory contents and/or read values when the set/reset is asserted and is not analyzed by the default static timing analysis. It is suggested to eliminate the use of a set/reset to registers driving this RAMB pin or else use a synchronous reset in which the assertion of the reset is timed by default.
Related violations: <none>

REQP-1840#10 Warning
RAMB18 async control check  
The RAMB18E1 division/s13_reciprocal/s0_reciprocal_lut/out_reg has an input control pin division/s13_reciprocal/s0_reciprocal_lut/out_reg/ADDRBWRADDR[11] (net: division/s13_reciprocal/s0_reciprocal_lut/s2_multiplier_in2[7]) which is driven by a register (multiply/s2_in2_reg[mantissa][22]) that has an active asychronous set or reset. This may cause corruption of the memory contents and/or read values when the set/reset is asserted and is not analyzed by the default static timing analysis. It is suggested to eliminate the use of a set/reset to registers driving this RAMB pin or else use a synchronous reset in which the assertion of the reset is timed by default.
Related violations: <none>

REQP-1840#11 Warning
RAMB18 async control check  
The RAMB18E1 division/s13_reciprocal/s0_reciprocal_lut/out_reg has an input control pin division/s13_reciprocal/s0_reciprocal_lut/out_reg/ADDRBWRADDR[4] (net: division/s13_reciprocal/s0_reciprocal_lut/s2_multiplier_in2[0]) which is driven by a register (multiply/s2_in2_reg[mantissa][15]) that has an active asychronous set or reset. This may cause corruption of the memory contents and/or read values when the set/reset is asserted and is not analyzed by the default static timing analysis. It is suggested to eliminate the use of a set/reset to registers driving this RAMB pin or else use a synchronous reset in which the assertion of the reset is timed by default.
Related violations: <none>

REQP-1840#12 Warning
RAMB18 async control check  
The RAMB18E1 division/s13_reciprocal/s0_reciprocal_lut/out_reg has an input control pin division/s13_reciprocal/s0_reciprocal_lut/out_reg/ADDRBWRADDR[5] (net: division/s13_reciprocal/s0_reciprocal_lut/s2_multiplier_in2[1]) which is driven by a register (multiply/s2_in2_reg[mantissa][16]) that has an active asychronous set or reset. This may cause corruption of the memory contents and/or read values when the set/reset is asserted and is not analyzed by the default static timing analysis. It is suggested to eliminate the use of a set/reset to registers driving this RAMB pin or else use a synchronous reset in which the assertion of the reset is timed by default.
Related violations: <none>

REQP-1840#13 Warning
RAMB18 async control check  
The RAMB18E1 division/s13_reciprocal/s0_reciprocal_lut/out_reg has an input control pin division/s13_reciprocal/s0_reciprocal_lut/out_reg/ADDRBWRADDR[6] (net: division/s13_reciprocal/s0_reciprocal_lut/s2_multiplier_in2[2]) which is driven by a register (multiply/s2_in2_reg[mantissa][17]) that has an active asychronous set or reset. This may cause corruption of the memory contents and/or read values when the set/reset is asserted and is not analyzed by the default static timing analysis. It is suggested to eliminate the use of a set/reset to registers driving this RAMB pin or else use a synchronous reset in which the assertion of the reset is timed by default.
Related violations: <none>

REQP-1840#14 Warning
RAMB18 async control check  
The RAMB18E1 division/s13_reciprocal/s0_reciprocal_lut/out_reg has an input control pin division/s13_reciprocal/s0_reciprocal_lut/out_reg/ADDRBWRADDR[7] (net: division/s13_reciprocal/s0_reciprocal_lut/s2_multiplier_in2[3]) which is driven by a register (multiply/s2_in2_reg[mantissa][18]) that has an active asychronous set or reset. This may cause corruption of the memory contents and/or read values when the set/reset is asserted and is not analyzed by the default static timing analysis. It is suggested to eliminate the use of a set/reset to registers driving this RAMB pin or else use a synchronous reset in which the assertion of the reset is timed by default.
Related violations: <none>

REQP-1840#15 Warning
RAMB18 async control check  
The RAMB18E1 division/s13_reciprocal/s0_reciprocal_lut/out_reg has an input control pin division/s13_reciprocal/s0_reciprocal_lut/out_reg/ADDRBWRADDR[8] (net: division/s13_reciprocal/s0_reciprocal_lut/s2_multiplier_in2[4]) which is driven by a register (multiply/s2_in2_reg[mantissa][19]) that has an active asychronous set or reset. This may cause corruption of the memory contents and/or read values when the set/reset is asserted and is not analyzed by the default static timing analysis. It is suggested to eliminate the use of a set/reset to registers driving this RAMB pin or else use a synchronous reset in which the assertion of the reset is timed by default.
Related violations: <none>

REQP-1840#16 Warning
RAMB18 async control check  
The RAMB18E1 division/s13_reciprocal/s0_reciprocal_lut/out_reg has an input control pin division/s13_reciprocal/s0_reciprocal_lut/out_reg/ADDRBWRADDR[9] (net: division/s13_reciprocal/s0_reciprocal_lut/s2_multiplier_in2[5]) which is driven by a register (multiply/s2_in2_reg[mantissa][20]) that has an active asychronous set or reset. This may cause corruption of the memory contents and/or read values when the set/reset is asserted and is not analyzed by the default static timing analysis. It is suggested to eliminate the use of a set/reset to registers driving this RAMB pin or else use a synchronous reset in which the assertion of the reset is timed by default.
Related violations: <none>

ZPS7-1#1 Warning
PS7 block required  
The PS7 cell must be used in this Zynq design in order to enable correct default configuration.
Related violations: <none>


