Copyright 1986-2022 Xilinx, Inc. All Rights Reserved. Copyright 2022-2025 Advanced Micro Devices, Inc. All Rights Reserved.
------------------------------------------------------------------------------------------------------------------------------------------------------------------------------------------------------------------------------------------------------------------
| Tool Version : Vivado v.2025.1 (win64) Build 6140274 Thu May 22 00:12:29 MDT 2025
| Date         : Thu Nov 20 17:13:08 2025
| Host         : dantop running 64-bit major release  (build 9200)
| Command      : report_timing_summary -max_paths 10 -routable_nets -report_unconstrained -file floating_point_alu_timing_summary_routed.rpt -pb floating_point_alu_timing_summary_routed.pb -rpx floating_point_alu_timing_summary_routed.rpx -warn_on_violation
| Design       : floating_point_alu
| Device       : 7z020-clg484
| Speed File   : -1  PRODUCTION 1.12 2019-11-22
| Design State : Routed
------------------------------------------------------------------------------------------------------------------------------------------------------------------------------------------------------------------------------------------------------------------

Timing Summary Report

------------------------------------------------------------------------------------------------
| Timer Settings
| --------------
------------------------------------------------------------------------------------------------

  Enable Multi Corner Analysis               :  Yes
  Enable Pessimism Removal                   :  Yes
  Pessimism Removal Resolution               :  Nearest Common Node
  Enable Input Delay Default Clock           :  No
  Enable Preset / Clear Arcs                 :  No
  Disable Flight Delays                      :  No
  Ignore I/O Paths                           :  No
  Timing Early Launch at Borrowing Latches   :  No
  Borrow Time for Max Delay Exceptions       :  Yes
  Merge Timing Exceptions                    :  Yes
  Inter-SLR Compensation                     :  Conservative

  Corner  Analyze    Analyze    
  Name    Max Paths  Min Paths  
  ------  ---------  ---------  
  Slow    Yes        Yes        
  Fast    Yes        Yes        


------------------------------------------------------------------------------------------------
| Report Methodology
| ------------------
------------------------------------------------------------------------------------------------

Rule       Severity  Description                                 Violations  
---------  --------  ------------------------------------------  ----------  
DPIR-1     Warning   Asynchronous driver check                   946         
SYNTH-6    Warning   Timing of a RAM block might be sub-optimal  1           
SYNTH-10   Warning   Wide multiplier                             48          
TIMING-18  Warning   Missing input or output delay               139         

Note: This report is based on the most recent report_methodology run and may not be up-to-date. Run report_methodology on the current design for the latest report.



check_timing report

Table of Contents
-----------------
1. checking no_clock (0)
2. checking constant_clock (0)
3. checking pulse_width_clock (0)
4. checking unconstrained_internal_endpoints (0)
5. checking no_input_delay (101)
6. checking no_output_delay (38)
7. checking multiple_clock (0)
8. checking generated_clocks (0)
9. checking loops (0)
10. checking partial_input_delay (0)
11. checking partial_output_delay (0)
12. checking latch_loops (0)

1. checking no_clock (0)
------------------------
 There are 0 register/latch pins with no clock.


2. checking constant_clock (0)
------------------------------
 There are 0 register/latch pins with constant_clock.


3. checking pulse_width_clock (0)
---------------------------------
 There are 0 register/latch pins which need pulse_width check


4. checking unconstrained_internal_endpoints (0)
------------------------------------------------
 There are 0 pins that are not constrained for maximum delay.

 There are 0 pins that are not constrained for maximum delay due to constant clock.


5. checking no_input_delay (101)
--------------------------------
 There are 101 input ports with no input delay specified. (HIGH)

 There are 0 input ports with no input delay but user has a false path constraint.


6. checking no_output_delay (38)
--------------------------------
 There are 38 ports with no output delay specified. (HIGH)

 There are 0 ports with no output delay but user has a false path constraint

 There are 0 ports with no output delay but with a timing clock defined on it or propagating through it


7. checking multiple_clock (0)
------------------------------
 There are 0 register/latch pins with multiple clocks.


8. checking generated_clocks (0)
--------------------------------
 There are 0 generated clocks that are not connected to a clock source.


9. checking loops (0)
---------------------
 There are 0 combinational loops in the design.


10. checking partial_input_delay (0)
------------------------------------
 There are 0 input ports with partial input delay specified.


11. checking partial_output_delay (0)
-------------------------------------
 There are 0 ports with partial output delay specified.


12. checking latch_loops (0)
----------------------------
 There are 0 combinational latch loops in the design through latch input



------------------------------------------------------------------------------------------------
| Design Timing Summary
| ---------------------
------------------------------------------------------------------------------------------------

    WNS(ns)      TNS(ns)  TNS Failing Endpoints  TNS Total Endpoints      WHS(ns)      THS(ns)  THS Failing Endpoints  THS Total Endpoints     WPWS(ns)     TPWS(ns)  TPWS Failing Endpoints  TPWS Total Endpoints  
    -------      -------  ---------------------  -------------------      -------      -------  ---------------------  -------------------     --------     --------  ----------------------  --------------------  
     -0.943      -71.948                    139                 4586        0.060        0.000                      0                 4586        4.020        0.000                       0                  3232  


Timing constraints are not met.


------------------------------------------------------------------------------------------------
| Clock Summary
| -------------
------------------------------------------------------------------------------------------------

Clock    Waveform(ns)       Period(ns)      Frequency(MHz)
-----    ------------       ----------      --------------
sys_clk  {0.000 5.000}      10.000          100.000         


------------------------------------------------------------------------------------------------
| Intra Clock Table
| -----------------
------------------------------------------------------------------------------------------------

Clock             WNS(ns)      TNS(ns)  TNS Failing Endpoints  TNS Total Endpoints      WHS(ns)      THS(ns)  THS Failing Endpoints  THS Total Endpoints     WPWS(ns)     TPWS(ns)  TPWS Failing Endpoints  TPWS Total Endpoints  
-----             -------      -------  ---------------------  -------------------      -------      -------  ---------------------  -------------------     --------     --------  ----------------------  --------------------  
sys_clk            -0.943      -71.948                    139                 4586        0.060        0.000                      0                 4586        4.020        0.000                       0                  3232  


------------------------------------------------------------------------------------------------
| Inter Clock Table
| -----------------
------------------------------------------------------------------------------------------------

From Clock    To Clock          WNS(ns)      TNS(ns)  TNS Failing Endpoints  TNS Total Endpoints      WHS(ns)      THS(ns)  THS Failing Endpoints  THS Total Endpoints  
----------    --------          -------      -------  ---------------------  -------------------      -------      -------  ---------------------  -------------------  


------------------------------------------------------------------------------------------------
| Other Path Groups Table
| -----------------------
------------------------------------------------------------------------------------------------

Path Group    From Clock    To Clock          WNS(ns)      TNS(ns)  TNS Failing Endpoints  TNS Total Endpoints      WHS(ns)      THS(ns)  THS Failing Endpoints  THS Total Endpoints  
----------    ----------    --------          -------      -------  ---------------------  -------------------      -------      -------  ---------------------  -------------------  


------------------------------------------------------------------------------------------------
| User Ignored Path Table
| -----------------------
------------------------------------------------------------------------------------------------

Path Group    From Clock    To Clock    
----------    ----------    --------    


------------------------------------------------------------------------------------------------
| Unconstrained Path Table
| ------------------------
------------------------------------------------------------------------------------------------

Path Group    From Clock    To Clock    
----------    ----------    --------    
(none)                                    
(none)        sys_clk                     
(none)                      sys_clk       


------------------------------------------------------------------------------------------------
| Timing Details
| --------------
------------------------------------------------------------------------------------------------


---------------------------------------------------------------------------------------------------
From Clock:  sys_clk
  To Clock:  sys_clk

Setup :          139  Failing Endpoints,  Worst Slack       -0.943ns,  Total Violation      -71.948ns
Hold  :            0  Failing Endpoints,  Worst Slack        0.060ns,  Total Violation        0.000ns
PW    :            0  Failing Endpoints,  Worst Slack        4.020ns,  Total Violation        0.000ns
---------------------------------------------------------------------------------------------------


Max Delay Paths
--------------------------------------------------------------------------------------
Slack (VIOLATED) :        -0.943ns  (required time - arrival time)
  Source:                 addsub/s4_subtraction_result_reg[10]/C
                            (rising edge-triggered cell FDCE clocked by sys_clk  {rise@0.000ns fall@5.000ns period=10.000ns})
  Destination:            addsub/out_reg[22]/D
                            (rising edge-triggered cell FDCE clocked by sys_clk  {rise@0.000ns fall@5.000ns period=10.000ns})
  Path Group:             sys_clk
  Path Type:              Setup (Max at Slow Process Corner)
  Requirement:            10.000ns  (sys_clk rise@10.000ns - sys_clk rise@0.000ns)
  Data Path Delay:        10.880ns  (logic 4.066ns (37.372%)  route 6.814ns (62.628%))
  Logic Levels:           20  (CARRY4=8 LUT2=2 LUT4=1 LUT6=9)
  Clock Path Skew:        -0.059ns (DCD - SCD + CPR)
    Destination Clock Delay (DCD):    4.501ns = ( 14.501 - 10.000 ) 
    Source Clock Delay      (SCD):    5.018ns
    Clock Pessimism Removal (CPR):    0.457ns
  Clock Uncertainty:      0.035ns  ((TSJ^2 + TIJ^2)^1/2 + DJ) / 2 + PE
    Total System Jitter     (TSJ):    0.071ns
    Total Input Jitter      (TIJ):    0.000ns
    Discrete Jitter          (DJ):    0.000ns
    Phase Error              (PE):    0.000ns

    Location             Delay type                Incr(ns)  Path(ns)    Netlist Resource(s)
  -------------------------------------------------------------------    -------------------
                         (clock sys_clk rise edge)    0.000     0.000 r  
    Y19                                               0.000     0.000 r  clk (IN)
                         net (fo=0)                   0.000     0.000    clk
    Y19                  IBUF (Prop_ibuf_I_O)         0.984     0.984 r  clk_IBUF_inst/O
                         net (fo=1, routed)           2.205     3.189    clk_IBUF
    BUFGCTRL_X0Y0        BUFG (Prop_bufg_I_O)         0.101     3.290 r  clk_IBUF_BUFG_inst/O
                         net (fo=3231, routed)        1.728     5.018    addsub/clk_IBUF_BUFG
    SLICE_X80Y34         FDCE                                         r  addsub/s4_subtraction_result_reg[10]/C
  -------------------------------------------------------------------    -------------------
    SLICE_X80Y34         FDCE (Prop_fdce_C_Q)         0.456     5.474 r  addsub/s4_subtraction_result_reg[10]/Q
                         net (fo=8, routed)           0.351     5.825    addsub/s4_subtraction_result[10]
    SLICE_X79Y34         LUT2 (Prop_lut2_I1_O)        0.124     5.949 r  addsub/out[30]_i_18/O
                         net (fo=4, routed)           0.585     6.534    addsub/out[30]_i_18_n_0
    SLICE_X76Y35         LUT6 (Prop_lut6_I0_O)        0.124     6.658 f  addsub/out[26]_i_23/O
                         net (fo=1, routed)           0.339     6.997    addsub/out[26]_i_23_n_0
    SLICE_X77Y35         LUT6 (Prop_lut6_I3_O)        0.124     7.121 f  addsub/out[26]_i_19/O
                         net (fo=1, routed)           0.154     7.275    addsub/out[26]_i_19_n_0
    SLICE_X77Y35         LUT6 (Prop_lut6_I5_O)        0.124     7.399 f  addsub/out[26]_i_12/O
                         net (fo=37, routed)          0.680     8.079    addsub/s4_sub_shift_amount[1]
    SLICE_X74Y32         LUT2 (Prop_lut2_I1_O)        0.124     8.203 r  addsub/out[3]_i_14_comp/O
                         net (fo=1, routed)           0.820     9.023    addsub/out[3]_i_14_n_0_repN
    SLICE_X77Y33         LUT6 (Prop_lut6_I5_O)        0.124     9.147 r  addsub/out[3]_i_3_comp_4/O
                         net (fo=2, routed)           0.164     9.311    addsub/s4_normalized_mantissa[0]
    SLICE_X77Y33         LUT6 (Prop_lut6_I1_O)        0.124     9.435 r  addsub/out[3]_i_13/O
                         net (fo=1, routed)           0.506     9.941    addsub/out[3]_i_13_n_0
    SLICE_X75Y33         LUT6 (Prop_lut6_I2_O)        0.124    10.065 r  addsub/out[3]_i_7_comp/O
                         net (fo=1, routed)           0.000    10.065    addsub/out[3]_i_7_n_0
    SLICE_X75Y33         CARRY4 (Prop_carry4_S[0]_CO[3])
                                                      0.532    10.597 r  addsub/out_reg[3]_i_2/CO[3]
                         net (fo=1, routed)           0.000    10.597    addsub/out_reg[3]_i_2_n_0
    SLICE_X75Y34         CARRY4 (Prop_carry4_CI_CO[3])
                                                      0.114    10.711 r  addsub/out_reg[7]_i_2/CO[3]
                         net (fo=1, routed)           0.000    10.711    addsub/out_reg[7]_i_2_n_0
    SLICE_X75Y35         CARRY4 (Prop_carry4_CI_CO[3])
                                                      0.114    10.825 r  addsub/out_reg[11]_i_2/CO[3]
                         net (fo=1, routed)           0.000    10.825    addsub/out_reg[11]_i_2_n_0
    SLICE_X75Y36         CARRY4 (Prop_carry4_CI_CO[3])
                                                      0.114    10.939 r  addsub/out_reg[15]_i_2/CO[3]
                         net (fo=1, routed)           0.000    10.939    addsub/out_reg[15]_i_2_n_0
    SLICE_X75Y37         CARRY4 (Prop_carry4_CI_CO[3])
                                                      0.114    11.053 r  addsub/out_reg[19]_i_2/CO[3]
                         net (fo=1, routed)           0.000    11.053    addsub/out_reg[19]_i_2_n_0
    SLICE_X75Y38         CARRY4 (Prop_carry4_CI_CO[3])
                                                      0.114    11.167 r  addsub/out_reg[22]_i_3/CO[3]
                         net (fo=5, routed)           0.653    11.820    addsub/p_0_in1_in
    SLICE_X74Y37         LUT4 (Prop_lut4_I0_O)        0.124    11.944 r  addsub/out[26]_i_5/O
                         net (fo=1, routed)           0.336    12.280    addsub/out[26]_i_5_n_0
    SLICE_X76Y37         CARRY4 (Prop_carry4_DI[1]_CO[3])
                                                      0.507    12.787 r  addsub/out_reg[26]_i_2/CO[3]
                         net (fo=1, routed)           0.000    12.787    addsub/out_reg[26]_i_2_n_0
    SLICE_X76Y38         CARRY4 (Prop_carry4_CI_O[1])
                                                      0.334    13.121 f  addsub/out_reg[30]_i_2/O[1]
                         net (fo=4, routed)           0.871    13.992    addsub/s4_rounded_exponent[5]
    SLICE_X75Y39         LUT6 (Prop_lut6_I3_O)        0.303    14.295 f  addsub/out[31]_i_6/O
                         net (fo=2, routed)           0.652    14.948    addsub/out[31]_i_6_n_0
    SLICE_X74Y39         LUT6 (Prop_lut6_I3_O)        0.124    15.072 r  addsub/out[22]_i_4__4_comp_1/O
                         net (fo=23, routed)          0.702    15.773    addsub/out[22]_i_4__4_n_0
    SLICE_X74Y40         LUT6 (Prop_lut6_I3_O)        0.124    15.897 r  addsub/out[22]_i_1_comp/O
                         net (fo=1, routed)           0.000    15.897    addsub/out[22]_i_1_n_0
    SLICE_X74Y40         FDCE                                         r  addsub/out_reg[22]/D
  -------------------------------------------------------------------    -------------------

                         (clock sys_clk rise edge)   10.000    10.000 r  
    Y19                                               0.000    10.000 r  clk (IN)
                         net (fo=0)                   0.000    10.000    clk
    Y19                  IBUF (Prop_ibuf_I_O)         0.850    10.850 r  clk_IBUF_inst/O
                         net (fo=1, routed)           2.006    12.856    clk_IBUF
    BUFGCTRL_X0Y0        BUFG (Prop_bufg_I_O)         0.091    12.947 r  clk_IBUF_BUFG_inst/O
                         net (fo=3231, routed)        1.554    14.501    addsub/clk_IBUF_BUFG
    SLICE_X74Y40         FDCE                                         r  addsub/out_reg[22]/C
                         clock pessimism              0.457    14.959    
                         clock uncertainty           -0.035    14.923    
    SLICE_X74Y40         FDCE (Setup_fdce_C_D)        0.031    14.954    addsub/out_reg[22]
  -------------------------------------------------------------------
                         required time                         14.954    
                         arrival time                         -15.897    
  -------------------------------------------------------------------
                         slack                                 -0.943    

Slack (VIOLATED) :        -0.937ns  (required time - arrival time)
  Source:                 addsub/s4_subtraction_result_reg[10]/C
                            (rising edge-triggered cell FDCE clocked by sys_clk  {rise@0.000ns fall@5.000ns period=10.000ns})
  Destination:            addsub/out_reg[21]/D
                            (rising edge-triggered cell FDCE clocked by sys_clk  {rise@0.000ns fall@5.000ns period=10.000ns})
  Path Group:             sys_clk
  Path Type:              Setup (Max at Slow Process Corner)
  Requirement:            10.000ns  (sys_clk rise@10.000ns - sys_clk rise@0.000ns)
  Data Path Delay:        10.875ns  (logic 4.066ns (37.389%)  route 6.809ns (62.611%))
  Logic Levels:           20  (CARRY4=8 LUT2=2 LUT4=1 LUT5=1 LUT6=8)
  Clock Path Skew:        -0.059ns (DCD - SCD + CPR)
    Destination Clock Delay (DCD):    4.501ns = ( 14.501 - 10.000 ) 
    Source Clock Delay      (SCD):    5.018ns
    Clock Pessimism Removal (CPR):    0.457ns
  Clock Uncertainty:      0.035ns  ((TSJ^2 + TIJ^2)^1/2 + DJ) / 2 + PE
    Total System Jitter     (TSJ):    0.071ns
    Total Input Jitter      (TIJ):    0.000ns
    Discrete Jitter          (DJ):    0.000ns
    Phase Error              (PE):    0.000ns

    Location             Delay type                Incr(ns)  Path(ns)    Netlist Resource(s)
  -------------------------------------------------------------------    -------------------
                         (clock sys_clk rise edge)    0.000     0.000 r  
    Y19                                               0.000     0.000 r  clk (IN)
                         net (fo=0)                   0.000     0.000    clk
    Y19                  IBUF (Prop_ibuf_I_O)         0.984     0.984 r  clk_IBUF_inst/O
                         net (fo=1, routed)           2.205     3.189    clk_IBUF
    BUFGCTRL_X0Y0        BUFG (Prop_bufg_I_O)         0.101     3.290 r  clk_IBUF_BUFG_inst/O
                         net (fo=3231, routed)        1.728     5.018    addsub/clk_IBUF_BUFG
    SLICE_X80Y34         FDCE                                         r  addsub/s4_subtraction_result_reg[10]/C
  -------------------------------------------------------------------    -------------------
    SLICE_X80Y34         FDCE (Prop_fdce_C_Q)         0.456     5.474 r  addsub/s4_subtraction_result_reg[10]/Q
                         net (fo=8, routed)           0.351     5.825    addsub/s4_subtraction_result[10]
    SLICE_X79Y34         LUT2 (Prop_lut2_I1_O)        0.124     5.949 r  addsub/out[30]_i_18/O
                         net (fo=4, routed)           0.585     6.534    addsub/out[30]_i_18_n_0
    SLICE_X76Y35         LUT6 (Prop_lut6_I0_O)        0.124     6.658 f  addsub/out[26]_i_23/O
                         net (fo=1, routed)           0.339     6.997    addsub/out[26]_i_23_n_0
    SLICE_X77Y35         LUT6 (Prop_lut6_I3_O)        0.124     7.121 f  addsub/out[26]_i_19/O
                         net (fo=1, routed)           0.154     7.275    addsub/out[26]_i_19_n_0
    SLICE_X77Y35         LUT6 (Prop_lut6_I5_O)        0.124     7.399 f  addsub/out[26]_i_12/O
                         net (fo=37, routed)          0.680     8.079    addsub/s4_sub_shift_amount[1]
    SLICE_X74Y32         LUT2 (Prop_lut2_I1_O)        0.124     8.203 r  addsub/out[3]_i_14_comp/O
                         net (fo=1, routed)           0.820     9.023    addsub/out[3]_i_14_n_0_repN
    SLICE_X77Y33         LUT6 (Prop_lut6_I5_O)        0.124     9.147 r  addsub/out[3]_i_3_comp_4/O
                         net (fo=2, routed)           0.164     9.311    addsub/s4_normalized_mantissa[0]
    SLICE_X77Y33         LUT6 (Prop_lut6_I1_O)        0.124     9.435 r  addsub/out[3]_i_13/O
                         net (fo=1, routed)           0.506     9.941    addsub/out[3]_i_13_n_0
    SLICE_X75Y33         LUT6 (Prop_lut6_I2_O)        0.124    10.065 r  addsub/out[3]_i_7_comp/O
                         net (fo=1, routed)           0.000    10.065    addsub/out[3]_i_7_n_0
    SLICE_X75Y33         CARRY4 (Prop_carry4_S[0]_CO[3])
                                                      0.532    10.597 r  addsub/out_reg[3]_i_2/CO[3]
                         net (fo=1, routed)           0.000    10.597    addsub/out_reg[3]_i_2_n_0
    SLICE_X75Y34         CARRY4 (Prop_carry4_CI_CO[3])
                                                      0.114    10.711 r  addsub/out_reg[7]_i_2/CO[3]
                         net (fo=1, routed)           0.000    10.711    addsub/out_reg[7]_i_2_n_0
    SLICE_X75Y35         CARRY4 (Prop_carry4_CI_CO[3])
                                                      0.114    10.825 r  addsub/out_reg[11]_i_2/CO[3]
                         net (fo=1, routed)           0.000    10.825    addsub/out_reg[11]_i_2_n_0
    SLICE_X75Y36         CARRY4 (Prop_carry4_CI_CO[3])
                                                      0.114    10.939 r  addsub/out_reg[15]_i_2/CO[3]
                         net (fo=1, routed)           0.000    10.939    addsub/out_reg[15]_i_2_n_0
    SLICE_X75Y37         CARRY4 (Prop_carry4_CI_CO[3])
                                                      0.114    11.053 r  addsub/out_reg[19]_i_2/CO[3]
                         net (fo=1, routed)           0.000    11.053    addsub/out_reg[19]_i_2_n_0
    SLICE_X75Y38         CARRY4 (Prop_carry4_CI_CO[3])
                                                      0.114    11.167 r  addsub/out_reg[22]_i_3/CO[3]
                         net (fo=5, routed)           0.653    11.820    addsub/p_0_in1_in
    SLICE_X74Y37         LUT4 (Prop_lut4_I0_O)        0.124    11.944 r  addsub/out[26]_i_5/O
                         net (fo=1, routed)           0.336    12.280    addsub/out[26]_i_5_n_0
    SLICE_X76Y37         CARRY4 (Prop_carry4_DI[1]_CO[3])
                                                      0.507    12.787 r  addsub/out_reg[26]_i_2/CO[3]
                         net (fo=1, routed)           0.000    12.787    addsub/out_reg[26]_i_2_n_0
    SLICE_X76Y38         CARRY4 (Prop_carry4_CI_O[1])
                                                      0.334    13.121 f  addsub/out_reg[30]_i_2/O[1]
                         net (fo=4, routed)           0.871    13.992    addsub/s4_rounded_exponent[5]
    SLICE_X75Y39         LUT6 (Prop_lut6_I3_O)        0.303    14.295 f  addsub/out[31]_i_6/O
                         net (fo=2, routed)           0.652    14.948    addsub/out[31]_i_6_n_0
    SLICE_X74Y39         LUT6 (Prop_lut6_I3_O)        0.124    15.072 r  addsub/out[22]_i_4__4_comp_1/O
                         net (fo=23, routed)          0.697    15.769    addsub/out[22]_i_4__4_n_0
    SLICE_X74Y40         LUT5 (Prop_lut5_I4_O)        0.124    15.893 r  addsub/out[21]_i_1/O
                         net (fo=1, routed)           0.000    15.893    addsub/out[21]_i_1_n_0
    SLICE_X74Y40         FDCE                                         r  addsub/out_reg[21]/D
  -------------------------------------------------------------------    -------------------

                         (clock sys_clk rise edge)   10.000    10.000 r  
    Y19                                               0.000    10.000 r  clk (IN)
                         net (fo=0)                   0.000    10.000    clk
    Y19                  IBUF (Prop_ibuf_I_O)         0.850    10.850 r  clk_IBUF_inst/O
                         net (fo=1, routed)           2.006    12.856    clk_IBUF
    BUFGCTRL_X0Y0        BUFG (Prop_bufg_I_O)         0.091    12.947 r  clk_IBUF_BUFG_inst/O
                         net (fo=3231, routed)        1.554    14.501    addsub/clk_IBUF_BUFG
    SLICE_X74Y40         FDCE                                         r  addsub/out_reg[21]/C
                         clock pessimism              0.457    14.959    
                         clock uncertainty           -0.035    14.923    
    SLICE_X74Y40         FDCE (Setup_fdce_C_D)        0.032    14.955    addsub/out_reg[21]
  -------------------------------------------------------------------
                         required time                         14.955    
                         arrival time                         -15.893    
  -------------------------------------------------------------------
                         slack                                 -0.937    

Slack (VIOLATED) :        -0.923ns  (required time - arrival time)
  Source:                 addsub/s4_subtraction_result_reg[19]_replica_2/C
                            (rising edge-triggered cell FDCE clocked by sys_clk  {rise@0.000ns fall@5.000ns period=10.000ns})
  Destination:            addsub/out_reg[12]/D
                            (rising edge-triggered cell FDCE clocked by sys_clk  {rise@0.000ns fall@5.000ns period=10.000ns})
  Path Group:             sys_clk
  Path Type:              Setup (Max at Slow Process Corner)
  Requirement:            10.000ns  (sys_clk rise@10.000ns - sys_clk rise@0.000ns)
  Data Path Delay:        10.864ns  (logic 3.504ns (32.255%)  route 7.360ns (67.745%))
  Logic Levels:           15  (CARRY4=4 LUT2=1 LUT3=1 LUT4=2 LUT5=2 LUT6=5)
  Clock Path Skew:        -0.055ns (DCD - SCD + CPR)
    Destination Clock Delay (DCD):    4.504ns = ( 14.504 - 10.000 ) 
    Source Clock Delay      (SCD):    5.017ns
    Clock Pessimism Removal (CPR):    0.457ns
  Clock Uncertainty:      0.035ns  ((TSJ^2 + TIJ^2)^1/2 + DJ) / 2 + PE
    Total System Jitter     (TSJ):    0.071ns
    Total Input Jitter      (TIJ):    0.000ns
    Discrete Jitter          (DJ):    0.000ns
    Phase Error              (PE):    0.000ns

    Location             Delay type                Incr(ns)  Path(ns)    Netlist Resource(s)
  -------------------------------------------------------------------    -------------------
                         (clock sys_clk rise edge)    0.000     0.000 r  
    Y19                                               0.000     0.000 r  clk (IN)
                         net (fo=0)                   0.000     0.000    clk
    Y19                  IBUF (Prop_ibuf_I_O)         0.984     0.984 r  clk_IBUF_inst/O
                         net (fo=1, routed)           2.205     3.189    clk_IBUF
    BUFGCTRL_X0Y0        BUFG (Prop_bufg_I_O)         0.101     3.290 r  clk_IBUF_BUFG_inst/O
                         net (fo=3231, routed)        1.727     5.017    addsub/clk_IBUF_BUFG
    SLICE_X76Y35         FDCE                                         r  addsub/s4_subtraction_result_reg[19]_replica_2/C
  -------------------------------------------------------------------    -------------------
    SLICE_X76Y35         FDCE (Prop_fdce_C_Q)         0.456     5.473 r  addsub/s4_subtraction_result_reg[19]_replica_2/Q
                         net (fo=2, routed)           0.589     6.062    addsub/s4_subtraction_result[19]_repN_2
    SLICE_X76Y36         LUT4 (Prop_lut4_I1_O)        0.124     6.186 r  addsub/out[26]_i_16/O
                         net (fo=2, routed)           0.466     6.652    addsub/out[26]_i_16_n_0
    SLICE_X77Y36         LUT5 (Prop_lut5_I0_O)        0.124     6.776 f  addsub/out[30]_i_12/O
                         net (fo=2, routed)           0.407     7.183    addsub/out[30]_i_12_n_0
    SLICE_X79Y36         LUT5 (Prop_lut5_I4_O)        0.124     7.307 f  addsub/out[30]_i_11/O
                         net (fo=6, routed)           0.468     7.774    addsub/s4_sub_shift_amount[4]
    SLICE_X78Y37         LUT2 (Prop_lut2_I0_O)        0.124     7.898 r  addsub/out[11]_i_16/O
                         net (fo=36, routed)          1.092     8.990    addsub/out[11]_i_16_n_0
    SLICE_X73Y37         LUT6 (Prop_lut6_I3_O)        0.124     9.114 r  addsub/out[19]_i_16_comp/O
                         net (fo=4, routed)           0.330     9.444    addsub/out[19]_i_16_n_0
    SLICE_X72Y38         LUT3 (Prop_lut3_I2_O)        0.124     9.568 r  addsub/out[19]_i_9_comp/O
                         net (fo=1, routed)           0.803    10.371    addsub/out[19]_i_9_n_0_repN
    SLICE_X75Y37         LUT6 (Prop_lut6_I3_O)        0.124    10.495 r  addsub/out[19]_i_5_comp_1/O
                         net (fo=1, routed)           0.000    10.495    addsub/s4_normalized_mantissa__0[17]
    SLICE_X75Y37         CARRY4 (Prop_carry4_S[1]_CO[3])
                                                      0.550    11.045 r  addsub/out_reg[19]_i_2/CO[3]
                         net (fo=1, routed)           0.000    11.045    addsub/out_reg[19]_i_2_n_0
    SLICE_X75Y38         CARRY4 (Prop_carry4_CI_CO[3])
                                                      0.114    11.159 r  addsub/out_reg[22]_i_3/CO[3]
                         net (fo=5, routed)           0.653    11.812    addsub/p_0_in1_in
    SLICE_X74Y37         LUT4 (Prop_lut4_I0_O)        0.124    11.936 r  addsub/out[26]_i_5/O
                         net (fo=1, routed)           0.336    12.272    addsub/out[26]_i_5_n_0
    SLICE_X76Y37         CARRY4 (Prop_carry4_DI[1]_CO[3])
                                                      0.507    12.779 r  addsub/out_reg[26]_i_2/CO[3]
                         net (fo=1, routed)           0.000    12.779    addsub/out_reg[26]_i_2_n_0
    SLICE_X76Y38         CARRY4 (Prop_carry4_CI_O[1])
                                                      0.334    13.113 f  addsub/out_reg[30]_i_2/O[1]
                         net (fo=4, routed)           0.871    13.984    addsub/s4_rounded_exponent[5]
    SLICE_X75Y39         LUT6 (Prop_lut6_I3_O)        0.303    14.287 f  addsub/out[31]_i_6/O
                         net (fo=2, routed)           0.652    14.940    addsub/out[31]_i_6_n_0
    SLICE_X74Y39         LUT6 (Prop_lut6_I3_O)        0.124    15.064 r  addsub/out[22]_i_4__4_comp_1/O
                         net (fo=23, routed)          0.692    15.756    addsub/out[22]_i_4__4_n_0
    SLICE_X80Y40         LUT6 (Prop_lut6_I3_O)        0.124    15.880 r  addsub/out[12]_i_1_comp/O
                         net (fo=1, routed)           0.000    15.880    addsub/out[12]_i_1_n_0
    SLICE_X80Y40         FDCE                                         r  addsub/out_reg[12]/D
  -------------------------------------------------------------------    -------------------

                         (clock sys_clk rise edge)   10.000    10.000 r  
    Y19                                               0.000    10.000 r  clk (IN)
                         net (fo=0)                   0.000    10.000    clk
    Y19                  IBUF (Prop_ibuf_I_O)         0.850    10.850 r  clk_IBUF_inst/O
                         net (fo=1, routed)           2.006    12.856    clk_IBUF
    BUFGCTRL_X0Y0        BUFG (Prop_bufg_I_O)         0.091    12.947 r  clk_IBUF_BUFG_inst/O
                         net (fo=3231, routed)        1.557    14.504    addsub/clk_IBUF_BUFG
    SLICE_X80Y40         FDCE                                         r  addsub/out_reg[12]/C
                         clock pessimism              0.457    14.962    
                         clock uncertainty           -0.035    14.926    
    SLICE_X80Y40         FDCE (Setup_fdce_C_D)        0.031    14.957    addsub/out_reg[12]
  -------------------------------------------------------------------
                         required time                         14.957    
                         arrival time                         -15.880    
  -------------------------------------------------------------------
                         slack                                 -0.923    

Slack (VIOLATED) :        -0.895ns  (required time - arrival time)
  Source:                 addsub/s4_subtraction_result_reg[10]/C
                            (rising edge-triggered cell FDCE clocked by sys_clk  {rise@0.000ns fall@5.000ns period=10.000ns})
  Destination:            addsub/out_reg[10]/D
                            (rising edge-triggered cell FDCE clocked by sys_clk  {rise@0.000ns fall@5.000ns period=10.000ns})
  Path Group:             sys_clk
  Path Type:              Setup (Max at Slow Process Corner)
  Requirement:            10.000ns  (sys_clk rise@10.000ns - sys_clk rise@0.000ns)
  Data Path Delay:        10.835ns  (logic 4.066ns (37.528%)  route 6.769ns (62.472%))
  Logic Levels:           20  (CARRY4=8 LUT2=2 LUT4=1 LUT6=9)
  Clock Path Skew:        -0.057ns (DCD - SCD + CPR)
    Destination Clock Delay (DCD):    4.503ns = ( 14.503 - 10.000 ) 
    Source Clock Delay      (SCD):    5.018ns
    Clock Pessimism Removal (CPR):    0.457ns
  Clock Uncertainty:      0.035ns  ((TSJ^2 + TIJ^2)^1/2 + DJ) / 2 + PE
    Total System Jitter     (TSJ):    0.071ns
    Total Input Jitter      (TIJ):    0.000ns
    Discrete Jitter          (DJ):    0.000ns
    Phase Error              (PE):    0.000ns

    Location             Delay type                Incr(ns)  Path(ns)    Netlist Resource(s)
  -------------------------------------------------------------------    -------------------
                         (clock sys_clk rise edge)    0.000     0.000 r  
    Y19                                               0.000     0.000 r  clk (IN)
                         net (fo=0)                   0.000     0.000    clk
    Y19                  IBUF (Prop_ibuf_I_O)         0.984     0.984 r  clk_IBUF_inst/O
                         net (fo=1, routed)           2.205     3.189    clk_IBUF
    BUFGCTRL_X0Y0        BUFG (Prop_bufg_I_O)         0.101     3.290 r  clk_IBUF_BUFG_inst/O
                         net (fo=3231, routed)        1.728     5.018    addsub/clk_IBUF_BUFG
    SLICE_X80Y34         FDCE                                         r  addsub/s4_subtraction_result_reg[10]/C
  -------------------------------------------------------------------    -------------------
    SLICE_X80Y34         FDCE (Prop_fdce_C_Q)         0.456     5.474 r  addsub/s4_subtraction_result_reg[10]/Q
                         net (fo=8, routed)           0.351     5.825    addsub/s4_subtraction_result[10]
    SLICE_X79Y34         LUT2 (Prop_lut2_I1_O)        0.124     5.949 r  addsub/out[30]_i_18/O
                         net (fo=4, routed)           0.585     6.534    addsub/out[30]_i_18_n_0
    SLICE_X76Y35         LUT6 (Prop_lut6_I0_O)        0.124     6.658 f  addsub/out[26]_i_23/O
                         net (fo=1, routed)           0.339     6.997    addsub/out[26]_i_23_n_0
    SLICE_X77Y35         LUT6 (Prop_lut6_I3_O)        0.124     7.121 f  addsub/out[26]_i_19/O
                         net (fo=1, routed)           0.154     7.275    addsub/out[26]_i_19_n_0
    SLICE_X77Y35         LUT6 (Prop_lut6_I5_O)        0.124     7.399 f  addsub/out[26]_i_12/O
                         net (fo=37, routed)          0.680     8.079    addsub/s4_sub_shift_amount[1]
    SLICE_X74Y32         LUT2 (Prop_lut2_I1_O)        0.124     8.203 r  addsub/out[3]_i_14_comp/O
                         net (fo=1, routed)           0.820     9.023    addsub/out[3]_i_14_n_0_repN
    SLICE_X77Y33         LUT6 (Prop_lut6_I5_O)        0.124     9.147 r  addsub/out[3]_i_3_comp_4/O
                         net (fo=2, routed)           0.164     9.311    addsub/s4_normalized_mantissa[0]
    SLICE_X77Y33         LUT6 (Prop_lut6_I1_O)        0.124     9.435 r  addsub/out[3]_i_13/O
                         net (fo=1, routed)           0.506     9.941    addsub/out[3]_i_13_n_0
    SLICE_X75Y33         LUT6 (Prop_lut6_I2_O)        0.124    10.065 r  addsub/out[3]_i_7_comp/O
                         net (fo=1, routed)           0.000    10.065    addsub/out[3]_i_7_n_0
    SLICE_X75Y33         CARRY4 (Prop_carry4_S[0]_CO[3])
                                                      0.532    10.597 r  addsub/out_reg[3]_i_2/CO[3]
                         net (fo=1, routed)           0.000    10.597    addsub/out_reg[3]_i_2_n_0
    SLICE_X75Y34         CARRY4 (Prop_carry4_CI_CO[3])
                                                      0.114    10.711 r  addsub/out_reg[7]_i_2/CO[3]
                         net (fo=1, routed)           0.000    10.711    addsub/out_reg[7]_i_2_n_0
    SLICE_X75Y35         CARRY4 (Prop_carry4_CI_CO[3])
                                                      0.114    10.825 r  addsub/out_reg[11]_i_2/CO[3]
                         net (fo=1, routed)           0.000    10.825    addsub/out_reg[11]_i_2_n_0
    SLICE_X75Y36         CARRY4 (Prop_carry4_CI_CO[3])
                                                      0.114    10.939 r  addsub/out_reg[15]_i_2/CO[3]
                         net (fo=1, routed)           0.000    10.939    addsub/out_reg[15]_i_2_n_0
    SLICE_X75Y37         CARRY4 (Prop_carry4_CI_CO[3])
                                                      0.114    11.053 r  addsub/out_reg[19]_i_2/CO[3]
                         net (fo=1, routed)           0.000    11.053    addsub/out_reg[19]_i_2_n_0
    SLICE_X75Y38         CARRY4 (Prop_carry4_CI_CO[3])
                                                      0.114    11.167 r  addsub/out_reg[22]_i_3/CO[3]
                         net (fo=5, routed)           0.653    11.820    addsub/p_0_in1_in
    SLICE_X74Y37         LUT4 (Prop_lut4_I0_O)        0.124    11.944 r  addsub/out[26]_i_5/O
                         net (fo=1, routed)           0.336    12.280    addsub/out[26]_i_5_n_0
    SLICE_X76Y37         CARRY4 (Prop_carry4_DI[1]_CO[3])
                                                      0.507    12.787 r  addsub/out_reg[26]_i_2/CO[3]
                         net (fo=1, routed)           0.000    12.787    addsub/out_reg[26]_i_2_n_0
    SLICE_X76Y38         CARRY4 (Prop_carry4_CI_O[1])
                                                      0.334    13.121 f  addsub/out_reg[30]_i_2/O[1]
                         net (fo=4, routed)           0.871    13.992    addsub/s4_rounded_exponent[5]
    SLICE_X75Y39         LUT6 (Prop_lut6_I3_O)        0.303    14.295 f  addsub/out[31]_i_6/O
                         net (fo=2, routed)           0.652    14.948    addsub/out[31]_i_6_n_0
    SLICE_X74Y39         LUT6 (Prop_lut6_I3_O)        0.124    15.072 r  addsub/out[22]_i_4__4_comp_1/O
                         net (fo=23, routed)          0.657    15.728    addsub/out[22]_i_4__4_n_0
    SLICE_X78Y39         LUT6 (Prop_lut6_I3_O)        0.124    15.852 r  addsub/out[10]_i_1_comp/O
                         net (fo=1, routed)           0.000    15.852    addsub/out[10]_i_1_n_0
    SLICE_X78Y39         FDCE                                         r  addsub/out_reg[10]/D
  -------------------------------------------------------------------    -------------------

                         (clock sys_clk rise edge)   10.000    10.000 r  
    Y19                                               0.000    10.000 r  clk (IN)
                         net (fo=0)                   0.000    10.000    clk
    Y19                  IBUF (Prop_ibuf_I_O)         0.850    10.850 r  clk_IBUF_inst/O
                         net (fo=1, routed)           2.006    12.856    clk_IBUF
    BUFGCTRL_X0Y0        BUFG (Prop_bufg_I_O)         0.091    12.947 r  clk_IBUF_BUFG_inst/O
                         net (fo=3231, routed)        1.556    14.503    addsub/clk_IBUF_BUFG
    SLICE_X78Y39         FDCE                                         r  addsub/out_reg[10]/C
                         clock pessimism              0.457    14.961    
                         clock uncertainty           -0.035    14.925    
    SLICE_X78Y39         FDCE (Setup_fdce_C_D)        0.032    14.957    addsub/out_reg[10]
  -------------------------------------------------------------------
                         required time                         14.957    
                         arrival time                         -15.852    
  -------------------------------------------------------------------
                         slack                                 -0.895    

Slack (VIOLATED) :        -0.889ns  (required time - arrival time)
  Source:                 fused_mult_add/s4_mult_exponent_add_reg[3]/C
                            (rising edge-triggered cell FDCE clocked by sys_clk  {rise@0.000ns fall@5.000ns period=10.000ns})
  Destination:            fused_mult_add/s5_alignment_sticky_bit_reg/D
                            (rising edge-triggered cell FDCE clocked by sys_clk  {rise@0.000ns fall@5.000ns period=10.000ns})
  Path Group:             sys_clk
  Path Type:              Setup (Max at Slow Process Corner)
  Requirement:            10.000ns  (sys_clk rise@10.000ns - sys_clk rise@0.000ns)
  Data Path Delay:        10.822ns  (logic 3.028ns (27.980%)  route 7.794ns (72.020%))
  Logic Levels:           13  (CARRY4=3 LUT3=1 LUT4=1 LUT5=1 LUT6=7)
  Clock Path Skew:        -0.061ns (DCD - SCD + CPR)
    Destination Clock Delay (DCD):    4.492ns = ( 14.492 - 10.000 ) 
    Source Clock Delay      (SCD):    5.011ns
    Clock Pessimism Removal (CPR):    0.457ns
  Clock Uncertainty:      0.035ns  ((TSJ^2 + TIJ^2)^1/2 + DJ) / 2 + PE
    Total System Jitter     (TSJ):    0.071ns
    Total Input Jitter      (TIJ):    0.000ns
    Discrete Jitter          (DJ):    0.000ns
    Phase Error              (PE):    0.000ns

    Location             Delay type                Incr(ns)  Path(ns)    Netlist Resource(s)
  -------------------------------------------------------------------    -------------------
                         (clock sys_clk rise edge)    0.000     0.000 r  
    Y19                                               0.000     0.000 r  clk (IN)
                         net (fo=0)                   0.000     0.000    clk
    Y19                  IBUF (Prop_ibuf_I_O)         0.984     0.984 r  clk_IBUF_inst/O
                         net (fo=1, routed)           2.205     3.189    clk_IBUF
    BUFGCTRL_X0Y0        BUFG (Prop_bufg_I_O)         0.101     3.290 r  clk_IBUF_BUFG_inst/O
                         net (fo=3231, routed)        1.721     5.011    fused_mult_add/clk_IBUF_BUFG
    SLICE_X64Y33         FDCE                                         r  fused_mult_add/s4_mult_exponent_add_reg[3]/C
  -------------------------------------------------------------------    -------------------
    SLICE_X64Y33         FDCE (Prop_fdce_C_Q)         0.456     5.467 r  fused_mult_add/s4_mult_exponent_add_reg[3]/Q
                         net (fo=6, routed)           1.043     6.510    fused_mult_add/s2_s4_multiplier/Q[3]
    SLICE_X63Y33         LUT5 (Prop_lut5_I0_O)        0.124     6.634 r  fused_mult_add/s2_s4_multiplier/s5_larger_sign_i_27/O
                         net (fo=3, routed)           0.600     7.234    fused_mult_add/s2_s4_multiplier/s5_larger_sign_i_27_n_0
    SLICE_X63Y32         LUT6 (Prop_lut6_I3_O)        0.124     7.358 r  fused_mult_add/s2_s4_multiplier/s5_larger_sign_i_11/O
                         net (fo=1, routed)           0.000     7.358    fused_mult_add/s2_s4_multiplier/s5_larger_sign_i_11_n_0
    SLICE_X63Y32         CARRY4 (Prop_carry4_S[1]_CO[3])
                                                      0.550     7.908 r  fused_mult_add/s2_s4_multiplier/s5_larger_sign_reg_i_3/CO[3]
                         net (fo=22, routed)          1.167     9.075    fused_mult_add/s2_s4_multiplier/s4_smaller_mantissa3
    SLICE_X65Y34         LUT3 (Prop_lut3_I1_O)        0.124     9.199 r  fused_mult_add/s2_s4_multiplier/s5_larger_number_exponent[2]_i_2/O
                         net (fo=69, routed)          0.402     9.600    fused_mult_add/s2_s4_multiplier/s4_mult_out_is_larger
    SLICE_X63Y34         LUT6 (Prop_lut6_I0_O)        0.124     9.724 r  fused_mult_add/s2_s4_multiplier/s5_aligned_smaller_mantissa[25]_i_6/O
                         net (fo=1, routed)           0.532    10.256    fused_mult_add/s2_s4_multiplier/s5_aligned_smaller_mantissa[25]_i_6_n_0
    SLICE_X59Y34         CARRY4 (Prop_carry4_DI[3]_CO[3])
                                                      0.385    10.641 r  fused_mult_add/s2_s4_multiplier/s5_aligned_smaller_mantissa_reg[25]_i_4/CO[3]
                         net (fo=1, routed)           0.000    10.641    fused_mult_add/s2_s4_multiplier/s5_aligned_smaller_mantissa_reg[25]_i_4_n_0
    SLICE_X59Y35         CARRY4 (Prop_carry4_CI_O[0])
                                                      0.222    10.863 r  fused_mult_add/s2_s4_multiplier/s5_aligned_smaller_mantissa_reg[26]_i_6/O[0]
                         net (fo=41, routed)          0.783    11.647    fused_mult_add/s2_s4_multiplier/s4_shift_amount[4]
    SLICE_X59Y33         LUT6 (Prop_lut6_I2_O)        0.299    11.946 r  fused_mult_add/s2_s4_multiplier/s5_aligned_smaller_mantissa[5]_i_4/O
                         net (fo=1, routed)           0.303    12.249    fused_mult_add/s2_s4_multiplier/s5_aligned_smaller_mantissa[5]_i_4_n_0
    SLICE_X58Y34         LUT6 (Prop_lut6_I5_O)        0.124    12.373 r  fused_mult_add/s2_s4_multiplier/s5_aligned_smaller_mantissa[5]_i_3/O
                         net (fo=3, routed)           0.825    13.198    fused_mult_add/s2_s4_multiplier/s5_aligned_smaller_mantissa[5]_i_3_n_0
    SLICE_X58Y36         LUT6 (Prop_lut6_I1_O)        0.124    13.322 r  fused_mult_add/s2_s4_multiplier/s5_aligned_smaller_mantissa[1]_i_2/O
                         net (fo=2, routed)           0.640    13.962    fused_mult_add/s2_s4_multiplier/s5_aligned_smaller_mantissa[1]_i_2_n_0
    SLICE_X57Y36         LUT6 (Prop_lut6_I0_O)        0.124    14.086 r  fused_mult_add/s2_s4_multiplier/s5_aligned_smaller_mantissa[0]_i_1/O
                         net (fo=2, routed)           0.825    14.910    fused_mult_add/s2_s4_multiplier/out_reg[47]_0[0]
    SLICE_X56Y34         LUT4 (Prop_lut4_I3_O)        0.124    15.034 r  fused_mult_add/s2_s4_multiplier/s5_alignment_sticky_bit_i_4/O
                         net (fo=1, routed)           0.674    15.709    fused_mult_add/s2_s4_multiplier/s5_alignment_sticky_bit_i_4_n_0
    SLICE_X56Y34         LUT6 (Prop_lut6_I2_O)        0.124    15.833 r  fused_mult_add/s2_s4_multiplier/s5_alignment_sticky_bit_i_1/O
                         net (fo=1, routed)           0.000    15.833    fused_mult_add/s4_alignment_sticky_bit
    SLICE_X56Y34         FDCE                                         r  fused_mult_add/s5_alignment_sticky_bit_reg/D
  -------------------------------------------------------------------    -------------------

                         (clock sys_clk rise edge)   10.000    10.000 r  
    Y19                                               0.000    10.000 r  clk (IN)
                         net (fo=0)                   0.000    10.000    clk
    Y19                  IBUF (Prop_ibuf_I_O)         0.850    10.850 r  clk_IBUF_inst/O
                         net (fo=1, routed)           2.006    12.856    clk_IBUF
    BUFGCTRL_X0Y0        BUFG (Prop_bufg_I_O)         0.091    12.947 r  clk_IBUF_BUFG_inst/O
                         net (fo=3231, routed)        1.545    14.492    fused_mult_add/clk_IBUF_BUFG
    SLICE_X56Y34         FDCE                                         r  fused_mult_add/s5_alignment_sticky_bit_reg/C
                         clock pessimism              0.457    14.950    
                         clock uncertainty           -0.035    14.914    
    SLICE_X56Y34         FDCE (Setup_fdce_C_D)        0.029    14.943    fused_mult_add/s5_alignment_sticky_bit_reg
  -------------------------------------------------------------------
                         required time                         14.943    
                         arrival time                         -15.833    
  -------------------------------------------------------------------
                         slack                                 -0.889    

Slack (VIOLATED) :        -0.868ns  (required time - arrival time)
  Source:                 addsub/s4_subtraction_result_reg[10]/C
                            (rising edge-triggered cell FDCE clocked by sys_clk  {rise@0.000ns fall@5.000ns period=10.000ns})
  Destination:            addsub/out_reg[19]/D
                            (rising edge-triggered cell FDCE clocked by sys_clk  {rise@0.000ns fall@5.000ns period=10.000ns})
  Path Group:             sys_clk
  Path Type:              Setup (Max at Slow Process Corner)
  Requirement:            10.000ns  (sys_clk rise@10.000ns - sys_clk rise@0.000ns)
  Data Path Delay:        10.807ns  (logic 4.066ns (37.622%)  route 6.741ns (62.378%))
  Logic Levels:           20  (CARRY4=8 LUT2=2 LUT4=1 LUT5=1 LUT6=8)
  Clock Path Skew:        -0.057ns (DCD - SCD + CPR)
    Destination Clock Delay (DCD):    4.503ns = ( 14.503 - 10.000 ) 
    Source Clock Delay      (SCD):    5.018ns
    Clock Pessimism Removal (CPR):    0.457ns
  Clock Uncertainty:      0.035ns  ((TSJ^2 + TIJ^2)^1/2 + DJ) / 2 + PE
    Total System Jitter     (TSJ):    0.071ns
    Total Input Jitter      (TIJ):    0.000ns
    Discrete Jitter          (DJ):    0.000ns
    Phase Error              (PE):    0.000ns

    Location             Delay type                Incr(ns)  Path(ns)    Netlist Resource(s)
  -------------------------------------------------------------------    -------------------
                         (clock sys_clk rise edge)    0.000     0.000 r  
    Y19                                               0.000     0.000 r  clk (IN)
                         net (fo=0)                   0.000     0.000    clk
    Y19                  IBUF (Prop_ibuf_I_O)         0.984     0.984 r  clk_IBUF_inst/O
                         net (fo=1, routed)           2.205     3.189    clk_IBUF
    BUFGCTRL_X0Y0        BUFG (Prop_bufg_I_O)         0.101     3.290 r  clk_IBUF_BUFG_inst/O
                         net (fo=3231, routed)        1.728     5.018    addsub/clk_IBUF_BUFG
    SLICE_X80Y34         FDCE                                         r  addsub/s4_subtraction_result_reg[10]/C
  -------------------------------------------------------------------    -------------------
    SLICE_X80Y34         FDCE (Prop_fdce_C_Q)         0.456     5.474 r  addsub/s4_subtraction_result_reg[10]/Q
                         net (fo=8, routed)           0.351     5.825    addsub/s4_subtraction_result[10]
    SLICE_X79Y34         LUT2 (Prop_lut2_I1_O)        0.124     5.949 r  addsub/out[30]_i_18/O
                         net (fo=4, routed)           0.585     6.534    addsub/out[30]_i_18_n_0
    SLICE_X76Y35         LUT6 (Prop_lut6_I0_O)        0.124     6.658 f  addsub/out[26]_i_23/O
                         net (fo=1, routed)           0.339     6.997    addsub/out[26]_i_23_n_0
    SLICE_X77Y35         LUT6 (Prop_lut6_I3_O)        0.124     7.121 f  addsub/out[26]_i_19/O
                         net (fo=1, routed)           0.154     7.275    addsub/out[26]_i_19_n_0
    SLICE_X77Y35         LUT6 (Prop_lut6_I5_O)        0.124     7.399 f  addsub/out[26]_i_12/O
                         net (fo=37, routed)          0.680     8.079    addsub/s4_sub_shift_amount[1]
    SLICE_X74Y32         LUT2 (Prop_lut2_I1_O)        0.124     8.203 r  addsub/out[3]_i_14_comp/O
                         net (fo=1, routed)           0.820     9.023    addsub/out[3]_i_14_n_0_repN
    SLICE_X77Y33         LUT6 (Prop_lut6_I5_O)        0.124     9.147 r  addsub/out[3]_i_3_comp_4/O
                         net (fo=2, routed)           0.164     9.311    addsub/s4_normalized_mantissa[0]
    SLICE_X77Y33         LUT6 (Prop_lut6_I1_O)        0.124     9.435 r  addsub/out[3]_i_13/O
                         net (fo=1, routed)           0.506     9.941    addsub/out[3]_i_13_n_0
    SLICE_X75Y33         LUT6 (Prop_lut6_I2_O)        0.124    10.065 r  addsub/out[3]_i_7_comp/O
                         net (fo=1, routed)           0.000    10.065    addsub/out[3]_i_7_n_0
    SLICE_X75Y33         CARRY4 (Prop_carry4_S[0]_CO[3])
                                                      0.532    10.597 r  addsub/out_reg[3]_i_2/CO[3]
                         net (fo=1, routed)           0.000    10.597    addsub/out_reg[3]_i_2_n_0
    SLICE_X75Y34         CARRY4 (Prop_carry4_CI_CO[3])
                                                      0.114    10.711 r  addsub/out_reg[7]_i_2/CO[3]
                         net (fo=1, routed)           0.000    10.711    addsub/out_reg[7]_i_2_n_0
    SLICE_X75Y35         CARRY4 (Prop_carry4_CI_CO[3])
                                                      0.114    10.825 r  addsub/out_reg[11]_i_2/CO[3]
                         net (fo=1, routed)           0.000    10.825    addsub/out_reg[11]_i_2_n_0
    SLICE_X75Y36         CARRY4 (Prop_carry4_CI_CO[3])
                                                      0.114    10.939 r  addsub/out_reg[15]_i_2/CO[3]
                         net (fo=1, routed)           0.000    10.939    addsub/out_reg[15]_i_2_n_0
    SLICE_X75Y37         CARRY4 (Prop_carry4_CI_CO[3])
                                                      0.114    11.053 r  addsub/out_reg[19]_i_2/CO[3]
                         net (fo=1, routed)           0.000    11.053    addsub/out_reg[19]_i_2_n_0
    SLICE_X75Y38         CARRY4 (Prop_carry4_CI_CO[3])
                                                      0.114    11.167 r  addsub/out_reg[22]_i_3/CO[3]
                         net (fo=5, routed)           0.653    11.820    addsub/p_0_in1_in
    SLICE_X74Y37         LUT4 (Prop_lut4_I0_O)        0.124    11.944 r  addsub/out[26]_i_5/O
                         net (fo=1, routed)           0.336    12.280    addsub/out[26]_i_5_n_0
    SLICE_X76Y37         CARRY4 (Prop_carry4_DI[1]_CO[3])
                                                      0.507    12.787 r  addsub/out_reg[26]_i_2/CO[3]
                         net (fo=1, routed)           0.000    12.787    addsub/out_reg[26]_i_2_n_0
    SLICE_X76Y38         CARRY4 (Prop_carry4_CI_O[1])
                                                      0.334    13.121 f  addsub/out_reg[30]_i_2/O[1]
                         net (fo=4, routed)           0.871    13.992    addsub/s4_rounded_exponent[5]
    SLICE_X75Y39         LUT6 (Prop_lut6_I3_O)        0.303    14.295 f  addsub/out[31]_i_6/O
                         net (fo=2, routed)           0.652    14.948    addsub/out[31]_i_6_n_0
    SLICE_X74Y39         LUT6 (Prop_lut6_I3_O)        0.124    15.072 r  addsub/out[22]_i_4__4_comp_1/O
                         net (fo=23, routed)          0.629    15.701    addsub/out[22]_i_4__4_n_0
    SLICE_X79Y40         LUT5 (Prop_lut5_I4_O)        0.124    15.825 r  addsub/out[19]_i_1/O
                         net (fo=1, routed)           0.000    15.825    addsub/out[19]_i_1_n_0
    SLICE_X79Y40         FDCE                                         r  addsub/out_reg[19]/D
  -------------------------------------------------------------------    -------------------

                         (clock sys_clk rise edge)   10.000    10.000 r  
    Y19                                               0.000    10.000 r  clk (IN)
                         net (fo=0)                   0.000    10.000    clk
    Y19                  IBUF (Prop_ibuf_I_O)         0.850    10.850 r  clk_IBUF_inst/O
                         net (fo=1, routed)           2.006    12.856    clk_IBUF
    BUFGCTRL_X0Y0        BUFG (Prop_bufg_I_O)         0.091    12.947 r  clk_IBUF_BUFG_inst/O
                         net (fo=3231, routed)        1.556    14.503    addsub/clk_IBUF_BUFG
    SLICE_X79Y40         FDCE                                         r  addsub/out_reg[19]/C
                         clock pessimism              0.457    14.961    
                         clock uncertainty           -0.035    14.925    
    SLICE_X79Y40         FDCE (Setup_fdce_C_D)        0.032    14.957    addsub/out_reg[19]
  -------------------------------------------------------------------
                         required time                         14.957    
                         arrival time                         -15.825    
  -------------------------------------------------------------------
                         slack                                 -0.868    

Slack (VIOLATED) :        -0.866ns  (required time - arrival time)
  Source:                 addsub/s4_subtraction_result_reg[10]/C
                            (rising edge-triggered cell FDCE clocked by sys_clk  {rise@0.000ns fall@5.000ns period=10.000ns})
  Destination:            addsub/out_reg[8]/D
                            (rising edge-triggered cell FDCE clocked by sys_clk  {rise@0.000ns fall@5.000ns period=10.000ns})
  Path Group:             sys_clk
  Path Type:              Setup (Max at Slow Process Corner)
  Requirement:            10.000ns  (sys_clk rise@10.000ns - sys_clk rise@0.000ns)
  Data Path Delay:        10.806ns  (logic 4.066ns (37.627%)  route 6.740ns (62.373%))
  Logic Levels:           20  (CARRY4=8 LUT2=2 LUT4=1 LUT5=1 LUT6=8)
  Clock Path Skew:        -0.056ns (DCD - SCD + CPR)
    Destination Clock Delay (DCD):    4.504ns = ( 14.504 - 10.000 ) 
    Source Clock Delay      (SCD):    5.018ns
    Clock Pessimism Removal (CPR):    0.457ns
  Clock Uncertainty:      0.035ns  ((TSJ^2 + TIJ^2)^1/2 + DJ) / 2 + PE
    Total System Jitter     (TSJ):    0.071ns
    Total Input Jitter      (TIJ):    0.000ns
    Discrete Jitter          (DJ):    0.000ns
    Phase Error              (PE):    0.000ns

    Location             Delay type                Incr(ns)  Path(ns)    Netlist Resource(s)
  -------------------------------------------------------------------    -------------------
                         (clock sys_clk rise edge)    0.000     0.000 r  
    Y19                                               0.000     0.000 r  clk (IN)
                         net (fo=0)                   0.000     0.000    clk
    Y19                  IBUF (Prop_ibuf_I_O)         0.984     0.984 r  clk_IBUF_inst/O
                         net (fo=1, routed)           2.205     3.189    clk_IBUF
    BUFGCTRL_X0Y0        BUFG (Prop_bufg_I_O)         0.101     3.290 r  clk_IBUF_BUFG_inst/O
                         net (fo=3231, routed)        1.728     5.018    addsub/clk_IBUF_BUFG
    SLICE_X80Y34         FDCE                                         r  addsub/s4_subtraction_result_reg[10]/C
  -------------------------------------------------------------------    -------------------
    SLICE_X80Y34         FDCE (Prop_fdce_C_Q)         0.456     5.474 r  addsub/s4_subtraction_result_reg[10]/Q
                         net (fo=8, routed)           0.351     5.825    addsub/s4_subtraction_result[10]
    SLICE_X79Y34         LUT2 (Prop_lut2_I1_O)        0.124     5.949 r  addsub/out[30]_i_18/O
                         net (fo=4, routed)           0.585     6.534    addsub/out[30]_i_18_n_0
    SLICE_X76Y35         LUT6 (Prop_lut6_I0_O)        0.124     6.658 f  addsub/out[26]_i_23/O
                         net (fo=1, routed)           0.339     6.997    addsub/out[26]_i_23_n_0
    SLICE_X77Y35         LUT6 (Prop_lut6_I3_O)        0.124     7.121 f  addsub/out[26]_i_19/O
                         net (fo=1, routed)           0.154     7.275    addsub/out[26]_i_19_n_0
    SLICE_X77Y35         LUT6 (Prop_lut6_I5_O)        0.124     7.399 f  addsub/out[26]_i_12/O
                         net (fo=37, routed)          0.680     8.079    addsub/s4_sub_shift_amount[1]
    SLICE_X74Y32         LUT2 (Prop_lut2_I1_O)        0.124     8.203 r  addsub/out[3]_i_14_comp/O
                         net (fo=1, routed)           0.820     9.023    addsub/out[3]_i_14_n_0_repN
    SLICE_X77Y33         LUT6 (Prop_lut6_I5_O)        0.124     9.147 r  addsub/out[3]_i_3_comp_4/O
                         net (fo=2, routed)           0.164     9.311    addsub/s4_normalized_mantissa[0]
    SLICE_X77Y33         LUT6 (Prop_lut6_I1_O)        0.124     9.435 r  addsub/out[3]_i_13/O
                         net (fo=1, routed)           0.506     9.941    addsub/out[3]_i_13_n_0
    SLICE_X75Y33         LUT6 (Prop_lut6_I2_O)        0.124    10.065 r  addsub/out[3]_i_7_comp/O
                         net (fo=1, routed)           0.000    10.065    addsub/out[3]_i_7_n_0
    SLICE_X75Y33         CARRY4 (Prop_carry4_S[0]_CO[3])
                                                      0.532    10.597 r  addsub/out_reg[3]_i_2/CO[3]
                         net (fo=1, routed)           0.000    10.597    addsub/out_reg[3]_i_2_n_0
    SLICE_X75Y34         CARRY4 (Prop_carry4_CI_CO[3])
                                                      0.114    10.711 r  addsub/out_reg[7]_i_2/CO[3]
                         net (fo=1, routed)           0.000    10.711    addsub/out_reg[7]_i_2_n_0
    SLICE_X75Y35         CARRY4 (Prop_carry4_CI_CO[3])
                                                      0.114    10.825 r  addsub/out_reg[11]_i_2/CO[3]
                         net (fo=1, routed)           0.000    10.825    addsub/out_reg[11]_i_2_n_0
    SLICE_X75Y36         CARRY4 (Prop_carry4_CI_CO[3])
                                                      0.114    10.939 r  addsub/out_reg[15]_i_2/CO[3]
                         net (fo=1, routed)           0.000    10.939    addsub/out_reg[15]_i_2_n_0
    SLICE_X75Y37         CARRY4 (Prop_carry4_CI_CO[3])
                                                      0.114    11.053 r  addsub/out_reg[19]_i_2/CO[3]
                         net (fo=1, routed)           0.000    11.053    addsub/out_reg[19]_i_2_n_0
    SLICE_X75Y38         CARRY4 (Prop_carry4_CI_CO[3])
                                                      0.114    11.167 r  addsub/out_reg[22]_i_3/CO[3]
                         net (fo=5, routed)           0.653    11.820    addsub/p_0_in1_in
    SLICE_X74Y37         LUT4 (Prop_lut4_I0_O)        0.124    11.944 r  addsub/out[26]_i_5/O
                         net (fo=1, routed)           0.336    12.280    addsub/out[26]_i_5_n_0
    SLICE_X76Y37         CARRY4 (Prop_carry4_DI[1]_CO[3])
                                                      0.507    12.787 r  addsub/out_reg[26]_i_2/CO[3]
                         net (fo=1, routed)           0.000    12.787    addsub/out_reg[26]_i_2_n_0
    SLICE_X76Y38         CARRY4 (Prop_carry4_CI_O[1])
                                                      0.334    13.121 f  addsub/out_reg[30]_i_2/O[1]
                         net (fo=4, routed)           0.871    13.992    addsub/s4_rounded_exponent[5]
    SLICE_X75Y39         LUT6 (Prop_lut6_I3_O)        0.303    14.295 f  addsub/out[31]_i_6/O
                         net (fo=2, routed)           0.652    14.948    addsub/out[31]_i_6_n_0
    SLICE_X74Y39         LUT6 (Prop_lut6_I3_O)        0.124    15.072 r  addsub/out[22]_i_4__4_comp_1/O
                         net (fo=23, routed)          0.628    15.700    addsub/out[22]_i_4__4_n_0
    SLICE_X77Y41         LUT5 (Prop_lut5_I4_O)        0.124    15.824 r  addsub/out[8]_i_1/O
                         net (fo=1, routed)           0.000    15.824    addsub/out[8]_i_1_n_0
    SLICE_X77Y41         FDCE                                         r  addsub/out_reg[8]/D
  -------------------------------------------------------------------    -------------------

                         (clock sys_clk rise edge)   10.000    10.000 r  
    Y19                                               0.000    10.000 r  clk (IN)
                         net (fo=0)                   0.000    10.000    clk
    Y19                  IBUF (Prop_ibuf_I_O)         0.850    10.850 r  clk_IBUF_inst/O
                         net (fo=1, routed)           2.006    12.856    clk_IBUF
    BUFGCTRL_X0Y0        BUFG (Prop_bufg_I_O)         0.091    12.947 r  clk_IBUF_BUFG_inst/O
                         net (fo=3231, routed)        1.557    14.504    addsub/clk_IBUF_BUFG
    SLICE_X77Y41         FDCE                                         r  addsub/out_reg[8]/C
                         clock pessimism              0.457    14.962    
                         clock uncertainty           -0.035    14.926    
    SLICE_X77Y41         FDCE (Setup_fdce_C_D)        0.031    14.957    addsub/out_reg[8]
  -------------------------------------------------------------------
                         required time                         14.957    
                         arrival time                         -15.824    
  -------------------------------------------------------------------
                         slack                                 -0.866    

Slack (VIOLATED) :        -0.864ns  (required time - arrival time)
  Source:                 addsub/s4_subtraction_result_reg[10]/C
                            (rising edge-triggered cell FDCE clocked by sys_clk  {rise@0.000ns fall@5.000ns period=10.000ns})
  Destination:            addsub/out_reg[11]/D
                            (rising edge-triggered cell FDCE clocked by sys_clk  {rise@0.000ns fall@5.000ns period=10.000ns})
  Path Group:             sys_clk
  Path Type:              Setup (Max at Slow Process Corner)
  Requirement:            10.000ns  (sys_clk rise@10.000ns - sys_clk rise@0.000ns)
  Data Path Delay:        10.802ns  (logic 4.066ns (37.641%)  route 6.736ns (62.359%))
  Logic Levels:           20  (CARRY4=8 LUT2=2 LUT4=1 LUT5=1 LUT6=8)
  Clock Path Skew:        -0.056ns (DCD - SCD + CPR)
    Destination Clock Delay (DCD):    4.504ns = ( 14.504 - 10.000 ) 
    Source Clock Delay      (SCD):    5.018ns
    Clock Pessimism Removal (CPR):    0.457ns
  Clock Uncertainty:      0.035ns  ((TSJ^2 + TIJ^2)^1/2 + DJ) / 2 + PE
    Total System Jitter     (TSJ):    0.071ns
    Total Input Jitter      (TIJ):    0.000ns
    Discrete Jitter          (DJ):    0.000ns
    Phase Error              (PE):    0.000ns

    Location             Delay type                Incr(ns)  Path(ns)    Netlist Resource(s)
  -------------------------------------------------------------------    -------------------
                         (clock sys_clk rise edge)    0.000     0.000 r  
    Y19                                               0.000     0.000 r  clk (IN)
                         net (fo=0)                   0.000     0.000    clk
    Y19                  IBUF (Prop_ibuf_I_O)         0.984     0.984 r  clk_IBUF_inst/O
                         net (fo=1, routed)           2.205     3.189    clk_IBUF
    BUFGCTRL_X0Y0        BUFG (Prop_bufg_I_O)         0.101     3.290 r  clk_IBUF_BUFG_inst/O
                         net (fo=3231, routed)        1.728     5.018    addsub/clk_IBUF_BUFG
    SLICE_X80Y34         FDCE                                         r  addsub/s4_subtraction_result_reg[10]/C
  -------------------------------------------------------------------    -------------------
    SLICE_X80Y34         FDCE (Prop_fdce_C_Q)         0.456     5.474 r  addsub/s4_subtraction_result_reg[10]/Q
                         net (fo=8, routed)           0.351     5.825    addsub/s4_subtraction_result[10]
    SLICE_X79Y34         LUT2 (Prop_lut2_I1_O)        0.124     5.949 r  addsub/out[30]_i_18/O
                         net (fo=4, routed)           0.585     6.534    addsub/out[30]_i_18_n_0
    SLICE_X76Y35         LUT6 (Prop_lut6_I0_O)        0.124     6.658 f  addsub/out[26]_i_23/O
                         net (fo=1, routed)           0.339     6.997    addsub/out[26]_i_23_n_0
    SLICE_X77Y35         LUT6 (Prop_lut6_I3_O)        0.124     7.121 f  addsub/out[26]_i_19/O
                         net (fo=1, routed)           0.154     7.275    addsub/out[26]_i_19_n_0
    SLICE_X77Y35         LUT6 (Prop_lut6_I5_O)        0.124     7.399 f  addsub/out[26]_i_12/O
                         net (fo=37, routed)          0.680     8.079    addsub/s4_sub_shift_amount[1]
    SLICE_X74Y32         LUT2 (Prop_lut2_I1_O)        0.124     8.203 r  addsub/out[3]_i_14_comp/O
                         net (fo=1, routed)           0.820     9.023    addsub/out[3]_i_14_n_0_repN
    SLICE_X77Y33         LUT6 (Prop_lut6_I5_O)        0.124     9.147 r  addsub/out[3]_i_3_comp_4/O
                         net (fo=2, routed)           0.164     9.311    addsub/s4_normalized_mantissa[0]
    SLICE_X77Y33         LUT6 (Prop_lut6_I1_O)        0.124     9.435 r  addsub/out[3]_i_13/O
                         net (fo=1, routed)           0.506     9.941    addsub/out[3]_i_13_n_0
    SLICE_X75Y33         LUT6 (Prop_lut6_I2_O)        0.124    10.065 r  addsub/out[3]_i_7_comp/O
                         net (fo=1, routed)           0.000    10.065    addsub/out[3]_i_7_n_0
    SLICE_X75Y33         CARRY4 (Prop_carry4_S[0]_CO[3])
                                                      0.532    10.597 r  addsub/out_reg[3]_i_2/CO[3]
                         net (fo=1, routed)           0.000    10.597    addsub/out_reg[3]_i_2_n_0
    SLICE_X75Y34         CARRY4 (Prop_carry4_CI_CO[3])
                                                      0.114    10.711 r  addsub/out_reg[7]_i_2/CO[3]
                         net (fo=1, routed)           0.000    10.711    addsub/out_reg[7]_i_2_n_0
    SLICE_X75Y35         CARRY4 (Prop_carry4_CI_CO[3])
                                                      0.114    10.825 r  addsub/out_reg[11]_i_2/CO[3]
                         net (fo=1, routed)           0.000    10.825    addsub/out_reg[11]_i_2_n_0
    SLICE_X75Y36         CARRY4 (Prop_carry4_CI_CO[3])
                                                      0.114    10.939 r  addsub/out_reg[15]_i_2/CO[3]
                         net (fo=1, routed)           0.000    10.939    addsub/out_reg[15]_i_2_n_0
    SLICE_X75Y37         CARRY4 (Prop_carry4_CI_CO[3])
                                                      0.114    11.053 r  addsub/out_reg[19]_i_2/CO[3]
                         net (fo=1, routed)           0.000    11.053    addsub/out_reg[19]_i_2_n_0
    SLICE_X75Y38         CARRY4 (Prop_carry4_CI_CO[3])
                                                      0.114    11.167 r  addsub/out_reg[22]_i_3/CO[3]
                         net (fo=5, routed)           0.653    11.820    addsub/p_0_in1_in
    SLICE_X74Y37         LUT4 (Prop_lut4_I0_O)        0.124    11.944 r  addsub/out[26]_i_5/O
                         net (fo=1, routed)           0.336    12.280    addsub/out[26]_i_5_n_0
    SLICE_X76Y37         CARRY4 (Prop_carry4_DI[1]_CO[3])
                                                      0.507    12.787 r  addsub/out_reg[26]_i_2/CO[3]
                         net (fo=1, routed)           0.000    12.787    addsub/out_reg[26]_i_2_n_0
    SLICE_X76Y38         CARRY4 (Prop_carry4_CI_O[1])
                                                      0.334    13.121 f  addsub/out_reg[30]_i_2/O[1]
                         net (fo=4, routed)           0.871    13.992    addsub/s4_rounded_exponent[5]
    SLICE_X75Y39         LUT6 (Prop_lut6_I3_O)        0.303    14.295 f  addsub/out[31]_i_6/O
                         net (fo=2, routed)           0.652    14.948    addsub/out[31]_i_6_n_0
    SLICE_X74Y39         LUT6 (Prop_lut6_I3_O)        0.124    15.072 r  addsub/out[22]_i_4__4_comp_1/O
                         net (fo=23, routed)          0.624    15.696    addsub/out[22]_i_4__4_n_0
    SLICE_X77Y41         LUT5 (Prop_lut5_I4_O)        0.124    15.820 r  addsub/out[11]_i_1/O
                         net (fo=1, routed)           0.000    15.820    addsub/out[11]_i_1_n_0
    SLICE_X77Y41         FDCE                                         r  addsub/out_reg[11]/D
  -------------------------------------------------------------------    -------------------

                         (clock sys_clk rise edge)   10.000    10.000 r  
    Y19                                               0.000    10.000 r  clk (IN)
                         net (fo=0)                   0.000    10.000    clk
    Y19                  IBUF (Prop_ibuf_I_O)         0.850    10.850 r  clk_IBUF_inst/O
                         net (fo=1, routed)           2.006    12.856    clk_IBUF
    BUFGCTRL_X0Y0        BUFG (Prop_bufg_I_O)         0.091    12.947 r  clk_IBUF_BUFG_inst/O
                         net (fo=3231, routed)        1.557    14.504    addsub/clk_IBUF_BUFG
    SLICE_X77Y41         FDCE                                         r  addsub/out_reg[11]/C
                         clock pessimism              0.457    14.962    
                         clock uncertainty           -0.035    14.926    
    SLICE_X77Y41         FDCE (Setup_fdce_C_D)        0.029    14.955    addsub/out_reg[11]
  -------------------------------------------------------------------
                         required time                         14.955    
                         arrival time                         -15.820    
  -------------------------------------------------------------------
                         slack                                 -0.864    

Slack (VIOLATED) :        -0.860ns  (required time - arrival time)
  Source:                 addsub/s4_subtraction_result_reg[10]/C
                            (rising edge-triggered cell FDCE clocked by sys_clk  {rise@0.000ns fall@5.000ns period=10.000ns})
  Destination:            addsub/out_reg[20]/D
                            (rising edge-triggered cell FDCE clocked by sys_clk  {rise@0.000ns fall@5.000ns period=10.000ns})
  Path Group:             sys_clk
  Path Type:              Setup (Max at Slow Process Corner)
  Requirement:            10.000ns  (sys_clk rise@10.000ns - sys_clk rise@0.000ns)
  Data Path Delay:        10.799ns  (logic 4.066ns (37.651%)  route 6.733ns (62.349%))
  Logic Levels:           20  (CARRY4=8 LUT2=2 LUT4=1 LUT5=1 LUT6=8)
  Clock Path Skew:        -0.057ns (DCD - SCD + CPR)
    Destination Clock Delay (DCD):    4.503ns = ( 14.503 - 10.000 ) 
    Source Clock Delay      (SCD):    5.018ns
    Clock Pessimism Removal (CPR):    0.457ns
  Clock Uncertainty:      0.035ns  ((TSJ^2 + TIJ^2)^1/2 + DJ) / 2 + PE
    Total System Jitter     (TSJ):    0.071ns
    Total Input Jitter      (TIJ):    0.000ns
    Discrete Jitter          (DJ):    0.000ns
    Phase Error              (PE):    0.000ns

    Location             Delay type                Incr(ns)  Path(ns)    Netlist Resource(s)
  -------------------------------------------------------------------    -------------------
                         (clock sys_clk rise edge)    0.000     0.000 r  
    Y19                                               0.000     0.000 r  clk (IN)
                         net (fo=0)                   0.000     0.000    clk
    Y19                  IBUF (Prop_ibuf_I_O)         0.984     0.984 r  clk_IBUF_inst/O
                         net (fo=1, routed)           2.205     3.189    clk_IBUF
    BUFGCTRL_X0Y0        BUFG (Prop_bufg_I_O)         0.101     3.290 r  clk_IBUF_BUFG_inst/O
                         net (fo=3231, routed)        1.728     5.018    addsub/clk_IBUF_BUFG
    SLICE_X80Y34         FDCE                                         r  addsub/s4_subtraction_result_reg[10]/C
  -------------------------------------------------------------------    -------------------
    SLICE_X80Y34         FDCE (Prop_fdce_C_Q)         0.456     5.474 r  addsub/s4_subtraction_result_reg[10]/Q
                         net (fo=8, routed)           0.351     5.825    addsub/s4_subtraction_result[10]
    SLICE_X79Y34         LUT2 (Prop_lut2_I1_O)        0.124     5.949 r  addsub/out[30]_i_18/O
                         net (fo=4, routed)           0.585     6.534    addsub/out[30]_i_18_n_0
    SLICE_X76Y35         LUT6 (Prop_lut6_I0_O)        0.124     6.658 f  addsub/out[26]_i_23/O
                         net (fo=1, routed)           0.339     6.997    addsub/out[26]_i_23_n_0
    SLICE_X77Y35         LUT6 (Prop_lut6_I3_O)        0.124     7.121 f  addsub/out[26]_i_19/O
                         net (fo=1, routed)           0.154     7.275    addsub/out[26]_i_19_n_0
    SLICE_X77Y35         LUT6 (Prop_lut6_I5_O)        0.124     7.399 f  addsub/out[26]_i_12/O
                         net (fo=37, routed)          0.680     8.079    addsub/s4_sub_shift_amount[1]
    SLICE_X74Y32         LUT2 (Prop_lut2_I1_O)        0.124     8.203 r  addsub/out[3]_i_14_comp/O
                         net (fo=1, routed)           0.820     9.023    addsub/out[3]_i_14_n_0_repN
    SLICE_X77Y33         LUT6 (Prop_lut6_I5_O)        0.124     9.147 r  addsub/out[3]_i_3_comp_4/O
                         net (fo=2, routed)           0.164     9.311    addsub/s4_normalized_mantissa[0]
    SLICE_X77Y33         LUT6 (Prop_lut6_I1_O)        0.124     9.435 r  addsub/out[3]_i_13/O
                         net (fo=1, routed)           0.506     9.941    addsub/out[3]_i_13_n_0
    SLICE_X75Y33         LUT6 (Prop_lut6_I2_O)        0.124    10.065 r  addsub/out[3]_i_7_comp/O
                         net (fo=1, routed)           0.000    10.065    addsub/out[3]_i_7_n_0
    SLICE_X75Y33         CARRY4 (Prop_carry4_S[0]_CO[3])
                                                      0.532    10.597 r  addsub/out_reg[3]_i_2/CO[3]
                         net (fo=1, routed)           0.000    10.597    addsub/out_reg[3]_i_2_n_0
    SLICE_X75Y34         CARRY4 (Prop_carry4_CI_CO[3])
                                                      0.114    10.711 r  addsub/out_reg[7]_i_2/CO[3]
                         net (fo=1, routed)           0.000    10.711    addsub/out_reg[7]_i_2_n_0
    SLICE_X75Y35         CARRY4 (Prop_carry4_CI_CO[3])
                                                      0.114    10.825 r  addsub/out_reg[11]_i_2/CO[3]
                         net (fo=1, routed)           0.000    10.825    addsub/out_reg[11]_i_2_n_0
    SLICE_X75Y36         CARRY4 (Prop_carry4_CI_CO[3])
                                                      0.114    10.939 r  addsub/out_reg[15]_i_2/CO[3]
                         net (fo=1, routed)           0.000    10.939    addsub/out_reg[15]_i_2_n_0
    SLICE_X75Y37         CARRY4 (Prop_carry4_CI_CO[3])
                                                      0.114    11.053 r  addsub/out_reg[19]_i_2/CO[3]
                         net (fo=1, routed)           0.000    11.053    addsub/out_reg[19]_i_2_n_0
    SLICE_X75Y38         CARRY4 (Prop_carry4_CI_CO[3])
                                                      0.114    11.167 r  addsub/out_reg[22]_i_3/CO[3]
                         net (fo=5, routed)           0.653    11.820    addsub/p_0_in1_in
    SLICE_X74Y37         LUT4 (Prop_lut4_I0_O)        0.124    11.944 r  addsub/out[26]_i_5/O
                         net (fo=1, routed)           0.336    12.280    addsub/out[26]_i_5_n_0
    SLICE_X76Y37         CARRY4 (Prop_carry4_DI[1]_CO[3])
                                                      0.507    12.787 r  addsub/out_reg[26]_i_2/CO[3]
                         net (fo=1, routed)           0.000    12.787    addsub/out_reg[26]_i_2_n_0
    SLICE_X76Y38         CARRY4 (Prop_carry4_CI_O[1])
                                                      0.334    13.121 f  addsub/out_reg[30]_i_2/O[1]
                         net (fo=4, routed)           0.871    13.992    addsub/s4_rounded_exponent[5]
    SLICE_X75Y39         LUT6 (Prop_lut6_I3_O)        0.303    14.295 f  addsub/out[31]_i_6/O
                         net (fo=2, routed)           0.652    14.948    addsub/out[31]_i_6_n_0
    SLICE_X74Y39         LUT6 (Prop_lut6_I3_O)        0.124    15.072 r  addsub/out[22]_i_4__4_comp_1/O
                         net (fo=23, routed)          0.621    15.693    addsub/out[22]_i_4__4_n_0
    SLICE_X77Y40         LUT5 (Prop_lut5_I4_O)        0.124    15.817 r  addsub/out[20]_i_1/O
                         net (fo=1, routed)           0.000    15.817    addsub/out[20]_i_1_n_0
    SLICE_X77Y40         FDCE                                         r  addsub/out_reg[20]/D
  -------------------------------------------------------------------    -------------------

                         (clock sys_clk rise edge)   10.000    10.000 r  
    Y19                                               0.000    10.000 r  clk (IN)
                         net (fo=0)                   0.000    10.000    clk
    Y19                  IBUF (Prop_ibuf_I_O)         0.850    10.850 r  clk_IBUF_inst/O
                         net (fo=1, routed)           2.006    12.856    clk_IBUF
    BUFGCTRL_X0Y0        BUFG (Prop_bufg_I_O)         0.091    12.947 r  clk_IBUF_BUFG_inst/O
                         net (fo=3231, routed)        1.556    14.503    addsub/clk_IBUF_BUFG
    SLICE_X77Y40         FDCE                                         r  addsub/out_reg[20]/C
                         clock pessimism              0.457    14.961    
                         clock uncertainty           -0.035    14.925    
    SLICE_X77Y40         FDCE (Setup_fdce_C_D)        0.032    14.957    addsub/out_reg[20]
  -------------------------------------------------------------------
                         required time                         14.957    
                         arrival time                         -15.817    
  -------------------------------------------------------------------
                         slack                                 -0.860    

Slack (VIOLATED) :        -0.855ns  (required time - arrival time)
  Source:                 addsub/s4_subtraction_result_reg[10]/C
                            (rising edge-triggered cell FDCE clocked by sys_clk  {rise@0.000ns fall@5.000ns period=10.000ns})
  Destination:            addsub/out_reg[7]/D
                            (rising edge-triggered cell FDCE clocked by sys_clk  {rise@0.000ns fall@5.000ns period=10.000ns})
  Path Group:             sys_clk
  Path Type:              Setup (Max at Slow Process Corner)
  Requirement:            10.000ns  (sys_clk rise@10.000ns - sys_clk rise@0.000ns)
  Data Path Delay:        10.791ns  (logic 4.066ns (37.678%)  route 6.725ns (62.322%))
  Logic Levels:           20  (CARRY4=8 LUT2=2 LUT4=1 LUT5=1 LUT6=8)
  Clock Path Skew:        -0.057ns (DCD - SCD + CPR)
    Destination Clock Delay (DCD):    4.503ns = ( 14.503 - 10.000 ) 
    Source Clock Delay      (SCD):    5.018ns
    Clock Pessimism Removal (CPR):    0.457ns
  Clock Uncertainty:      0.035ns  ((TSJ^2 + TIJ^2)^1/2 + DJ) / 2 + PE
    Total System Jitter     (TSJ):    0.071ns
    Total Input Jitter      (TIJ):    0.000ns
    Discrete Jitter          (DJ):    0.000ns
    Phase Error              (PE):    0.000ns

    Location             Delay type                Incr(ns)  Path(ns)    Netlist Resource(s)
  -------------------------------------------------------------------    -------------------
                         (clock sys_clk rise edge)    0.000     0.000 r  
    Y19                                               0.000     0.000 r  clk (IN)
                         net (fo=0)                   0.000     0.000    clk
    Y19                  IBUF (Prop_ibuf_I_O)         0.984     0.984 r  clk_IBUF_inst/O
                         net (fo=1, routed)           2.205     3.189    clk_IBUF
    BUFGCTRL_X0Y0        BUFG (Prop_bufg_I_O)         0.101     3.290 r  clk_IBUF_BUFG_inst/O
                         net (fo=3231, routed)        1.728     5.018    addsub/clk_IBUF_BUFG
    SLICE_X80Y34         FDCE                                         r  addsub/s4_subtraction_result_reg[10]/C
  -------------------------------------------------------------------    -------------------
    SLICE_X80Y34         FDCE (Prop_fdce_C_Q)         0.456     5.474 r  addsub/s4_subtraction_result_reg[10]/Q
                         net (fo=8, routed)           0.351     5.825    addsub/s4_subtraction_result[10]
    SLICE_X79Y34         LUT2 (Prop_lut2_I1_O)        0.124     5.949 r  addsub/out[30]_i_18/O
                         net (fo=4, routed)           0.585     6.534    addsub/out[30]_i_18_n_0
    SLICE_X76Y35         LUT6 (Prop_lut6_I0_O)        0.124     6.658 f  addsub/out[26]_i_23/O
                         net (fo=1, routed)           0.339     6.997    addsub/out[26]_i_23_n_0
    SLICE_X77Y35         LUT6 (Prop_lut6_I3_O)        0.124     7.121 f  addsub/out[26]_i_19/O
                         net (fo=1, routed)           0.154     7.275    addsub/out[26]_i_19_n_0
    SLICE_X77Y35         LUT6 (Prop_lut6_I5_O)        0.124     7.399 f  addsub/out[26]_i_12/O
                         net (fo=37, routed)          0.680     8.079    addsub/s4_sub_shift_amount[1]
    SLICE_X74Y32         LUT2 (Prop_lut2_I1_O)        0.124     8.203 r  addsub/out[3]_i_14_comp/O
                         net (fo=1, routed)           0.820     9.023    addsub/out[3]_i_14_n_0_repN
    SLICE_X77Y33         LUT6 (Prop_lut6_I5_O)        0.124     9.147 r  addsub/out[3]_i_3_comp_4/O
                         net (fo=2, routed)           0.164     9.311    addsub/s4_normalized_mantissa[0]
    SLICE_X77Y33         LUT6 (Prop_lut6_I1_O)        0.124     9.435 r  addsub/out[3]_i_13/O
                         net (fo=1, routed)           0.506     9.941    addsub/out[3]_i_13_n_0
    SLICE_X75Y33         LUT6 (Prop_lut6_I2_O)        0.124    10.065 r  addsub/out[3]_i_7_comp/O
                         net (fo=1, routed)           0.000    10.065    addsub/out[3]_i_7_n_0
    SLICE_X75Y33         CARRY4 (Prop_carry4_S[0]_CO[3])
                                                      0.532    10.597 r  addsub/out_reg[3]_i_2/CO[3]
                         net (fo=1, routed)           0.000    10.597    addsub/out_reg[3]_i_2_n_0
    SLICE_X75Y34         CARRY4 (Prop_carry4_CI_CO[3])
                                                      0.114    10.711 r  addsub/out_reg[7]_i_2/CO[3]
                         net (fo=1, routed)           0.000    10.711    addsub/out_reg[7]_i_2_n_0
    SLICE_X75Y35         CARRY4 (Prop_carry4_CI_CO[3])
                                                      0.114    10.825 r  addsub/out_reg[11]_i_2/CO[3]
                         net (fo=1, routed)           0.000    10.825    addsub/out_reg[11]_i_2_n_0
    SLICE_X75Y36         CARRY4 (Prop_carry4_CI_CO[3])
                                                      0.114    10.939 r  addsub/out_reg[15]_i_2/CO[3]
                         net (fo=1, routed)           0.000    10.939    addsub/out_reg[15]_i_2_n_0
    SLICE_X75Y37         CARRY4 (Prop_carry4_CI_CO[3])
                                                      0.114    11.053 r  addsub/out_reg[19]_i_2/CO[3]
                         net (fo=1, routed)           0.000    11.053    addsub/out_reg[19]_i_2_n_0
    SLICE_X75Y38         CARRY4 (Prop_carry4_CI_CO[3])
                                                      0.114    11.167 r  addsub/out_reg[22]_i_3/CO[3]
                         net (fo=5, routed)           0.653    11.820    addsub/p_0_in1_in
    SLICE_X74Y37         LUT4 (Prop_lut4_I0_O)        0.124    11.944 r  addsub/out[26]_i_5/O
                         net (fo=1, routed)           0.336    12.280    addsub/out[26]_i_5_n_0
    SLICE_X76Y37         CARRY4 (Prop_carry4_DI[1]_CO[3])
                                                      0.507    12.787 r  addsub/out_reg[26]_i_2/CO[3]
                         net (fo=1, routed)           0.000    12.787    addsub/out_reg[26]_i_2_n_0
    SLICE_X76Y38         CARRY4 (Prop_carry4_CI_O[1])
                                                      0.334    13.121 f  addsub/out_reg[30]_i_2/O[1]
                         net (fo=4, routed)           0.871    13.992    addsub/s4_rounded_exponent[5]
    SLICE_X75Y39         LUT6 (Prop_lut6_I3_O)        0.303    14.295 f  addsub/out[31]_i_6/O
                         net (fo=2, routed)           0.652    14.948    addsub/out[31]_i_6_n_0
    SLICE_X74Y39         LUT6 (Prop_lut6_I3_O)        0.124    15.072 r  addsub/out[22]_i_4__4_comp_1/O
                         net (fo=23, routed)          0.613    15.685    addsub/out[22]_i_4__4_n_0
    SLICE_X79Y40         LUT5 (Prop_lut5_I4_O)        0.124    15.809 r  addsub/out[7]_i_1/O
                         net (fo=1, routed)           0.000    15.809    addsub/out[7]_i_1_n_0
    SLICE_X79Y40         FDCE                                         r  addsub/out_reg[7]/D
  -------------------------------------------------------------------    -------------------

                         (clock sys_clk rise edge)   10.000    10.000 r  
    Y19                                               0.000    10.000 r  clk (IN)
                         net (fo=0)                   0.000    10.000    clk
    Y19                  IBUF (Prop_ibuf_I_O)         0.850    10.850 r  clk_IBUF_inst/O
                         net (fo=1, routed)           2.006    12.856    clk_IBUF
    BUFGCTRL_X0Y0        BUFG (Prop_bufg_I_O)         0.091    12.947 r  clk_IBUF_BUFG_inst/O
                         net (fo=3231, routed)        1.556    14.503    addsub/clk_IBUF_BUFG
    SLICE_X79Y40         FDCE                                         r  addsub/out_reg[7]/C
                         clock pessimism              0.457    14.961    
                         clock uncertainty           -0.035    14.925    
    SLICE_X79Y40         FDCE (Setup_fdce_C_D)        0.029    14.954    addsub/out_reg[7]
  -------------------------------------------------------------------
                         required time                         14.954    
                         arrival time                         -15.809    
  -------------------------------------------------------------------
                         slack                                 -0.855    





Min Delay Paths
--------------------------------------------------------------------------------------
Slack (MET) :             0.060ns  (arrival time - required time)
  Source:                 sqrt/s17_inverse_square_root/genblk1[3].rounding_modes_reg[4][2]/C
                            (rising edge-triggered cell FDCE clocked by sys_clk  {rise@0.000ns fall@5.000ns period=10.000ns})
  Destination:            sqrt/s17_inverse_square_root/genblk1[10].rounding_modes_reg[11][2]_srl7_sqrt_s17_inverse_square_root_genblk1_c_4/D
                            (rising edge-triggered cell SRL16E clocked by sys_clk  {rise@0.000ns fall@5.000ns period=10.000ns})
  Path Group:             sys_clk
  Path Type:              Hold (Min at Fast Process Corner)
  Requirement:            0.000ns  (sys_clk rise@0.000ns - sys_clk rise@0.000ns)
  Data Path Delay:        0.274ns  (logic 0.141ns (51.419%)  route 0.133ns (48.581%))
  Logic Levels:           0  
  Clock Path Skew:        0.031ns (DCD - SCD - CPR)
    Destination Clock Delay (DCD):    2.007ns
    Source Clock Delay      (SCD):    1.494ns
    Clock Pessimism Removal (CPR):    0.482ns

    Location             Delay type                Incr(ns)  Path(ns)    Netlist Resource(s)
  -------------------------------------------------------------------    -------------------
                         (clock sys_clk rise edge)    0.000     0.000 r  
    Y19                                               0.000     0.000 r  clk (IN)
                         net (fo=0)                   0.000     0.000    clk
    Y19                  IBUF (Prop_ibuf_I_O)         0.212     0.212 r  clk_IBUF_inst/O
                         net (fo=1, routed)           0.674     0.886    clk_IBUF
    BUFGCTRL_X0Y0        BUFG (Prop_bufg_I_O)         0.026     0.912 r  clk_IBUF_BUFG_inst/O
                         net (fo=3231, routed)        0.582     1.494    sqrt/s17_inverse_square_root/clk_IBUF_BUFG
    SLICE_X68Y37         FDCE                                         r  sqrt/s17_inverse_square_root/genblk1[3].rounding_modes_reg[4][2]/C
  -------------------------------------------------------------------    -------------------
    SLICE_X68Y37         FDCE (Prop_fdce_C_Q)         0.141     1.635 r  sqrt/s17_inverse_square_root/genblk1[3].rounding_modes_reg[4][2]/Q
                         net (fo=4, routed)           0.133     1.768    sqrt/s17_inverse_square_root/genblk1[3].rounding_modes_reg[4]_1[2]
    SLICE_X66Y36         SRL16E                                       r  sqrt/s17_inverse_square_root/genblk1[10].rounding_modes_reg[11][2]_srl7_sqrt_s17_inverse_square_root_genblk1_c_4/D
  -------------------------------------------------------------------    -------------------

                         (clock sys_clk rise edge)    0.000     0.000 r  
    Y19                                               0.000     0.000 r  clk (IN)
                         net (fo=0)                   0.000     0.000    clk
    Y19                  IBUF (Prop_ibuf_I_O)         0.401     0.401 r  clk_IBUF_inst/O
                         net (fo=1, routed)           0.731     1.132    clk_IBUF
    BUFGCTRL_X0Y0        BUFG (Prop_bufg_I_O)         0.029     1.161 r  clk_IBUF_BUFG_inst/O
                         net (fo=3231, routed)        0.846     2.007    sqrt/s17_inverse_square_root/clk_IBUF_BUFG
    SLICE_X66Y36         SRL16E                                       r  sqrt/s17_inverse_square_root/genblk1[10].rounding_modes_reg[11][2]_srl7_sqrt_s17_inverse_square_root_genblk1_c_4/CLK
                         clock pessimism             -0.482     1.525    
    SLICE_X66Y36         SRL16E (Hold_srl16e_CLK_D)
                                                      0.183     1.708    sqrt/s17_inverse_square_root/genblk1[10].rounding_modes_reg[11][2]_srl7_sqrt_s17_inverse_square_root_genblk1_c_4
  -------------------------------------------------------------------
                         required time                         -1.708    
                         arrival time                           1.768    
  -------------------------------------------------------------------
                         slack                                  0.060    

Slack (MET) :             0.068ns  (arrival time - required time)
  Source:                 sqrt/s17_inverse_square_root/s3_a_reg[9]/C
                            (rising edge-triggered cell FDCE clocked by sys_clk  {rise@0.000ns fall@5.000ns period=10.000ns})
  Destination:            sqrt/s17_inverse_square_root/s8_a_reg[9]_srl5_sqrt_s17_inverse_square_root_genblk1_c_2/D
                            (rising edge-triggered cell SRL16E clocked by sys_clk  {rise@0.000ns fall@5.000ns period=10.000ns})
  Path Group:             sys_clk
  Path Type:              Hold (Min at Fast Process Corner)
  Requirement:            0.000ns  (sys_clk rise@0.000ns - sys_clk rise@0.000ns)
  Data Path Delay:        0.267ns  (logic 0.141ns (52.737%)  route 0.126ns (47.263%))
  Logic Levels:           0  
  Clock Path Skew:        0.016ns (DCD - SCD - CPR)
    Destination Clock Delay (DCD):    2.032ns
    Source Clock Delay      (SCD):    1.513ns
    Clock Pessimism Removal (CPR):    0.503ns

    Location             Delay type                Incr(ns)  Path(ns)    Netlist Resource(s)
  -------------------------------------------------------------------    -------------------
                         (clock sys_clk rise edge)    0.000     0.000 r  
    Y19                                               0.000     0.000 r  clk (IN)
                         net (fo=0)                   0.000     0.000    clk
    Y19                  IBUF (Prop_ibuf_I_O)         0.212     0.212 r  clk_IBUF_inst/O
                         net (fo=1, routed)           0.674     0.886    clk_IBUF
    BUFGCTRL_X0Y0        BUFG (Prop_bufg_I_O)         0.026     0.912 r  clk_IBUF_BUFG_inst/O
                         net (fo=3231, routed)        0.601     1.513    sqrt/s17_inverse_square_root/clk_IBUF_BUFG
    SLICE_X93Y29         FDCE                                         r  sqrt/s17_inverse_square_root/s3_a_reg[9]/C
  -------------------------------------------------------------------    -------------------
    SLICE_X93Y29         FDCE (Prop_fdce_C_Q)         0.141     1.654 r  sqrt/s17_inverse_square_root/s3_a_reg[9]/Q
                         net (fo=3, routed)           0.126     1.780    sqrt/s17_inverse_square_root/s3_a[9]
    SLICE_X92Y31         SRL16E                                       r  sqrt/s17_inverse_square_root/s8_a_reg[9]_srl5_sqrt_s17_inverse_square_root_genblk1_c_2/D
  -------------------------------------------------------------------    -------------------

                         (clock sys_clk rise edge)    0.000     0.000 r  
    Y19                                               0.000     0.000 r  clk (IN)
                         net (fo=0)                   0.000     0.000    clk
    Y19                  IBUF (Prop_ibuf_I_O)         0.401     0.401 r  clk_IBUF_inst/O
                         net (fo=1, routed)           0.731     1.132    clk_IBUF
    BUFGCTRL_X0Y0        BUFG (Prop_bufg_I_O)         0.029     1.161 r  clk_IBUF_BUFG_inst/O
                         net (fo=3231, routed)        0.871     2.032    sqrt/s17_inverse_square_root/clk_IBUF_BUFG
    SLICE_X92Y31         SRL16E                                       r  sqrt/s17_inverse_square_root/s8_a_reg[9]_srl5_sqrt_s17_inverse_square_root_genblk1_c_2/CLK
                         clock pessimism             -0.503     1.529    
    SLICE_X92Y31         SRL16E (Hold_srl16e_CLK_D)
                                                      0.183     1.712    sqrt/s17_inverse_square_root/s8_a_reg[9]_srl5_sqrt_s17_inverse_square_root_genblk1_c_2
  -------------------------------------------------------------------
                         required time                         -1.712    
                         arrival time                           1.780    
  -------------------------------------------------------------------
                         slack                                  0.068    

Slack (MET) :             0.082ns  (arrival time - required time)
  Source:                 division/s13_reciprocal/s1_a_reg[7]/C
                            (rising edge-triggered cell FDCE clocked by sys_clk  {rise@0.000ns fall@5.000ns period=10.000ns})
  Destination:            division/s13_reciprocal/s4_a_reg[7]_srl3_sqrt_s17_inverse_square_root_genblk1_c_0/D
                            (rising edge-triggered cell SRL16E clocked by sys_clk  {rise@0.000ns fall@5.000ns period=10.000ns})
  Path Group:             sys_clk
  Path Type:              Hold (Min at Fast Process Corner)
  Requirement:            0.000ns  (sys_clk rise@0.000ns - sys_clk rise@0.000ns)
  Data Path Delay:        0.535ns  (logic 0.164ns (30.681%)  route 0.371ns (69.319%))
  Logic Levels:           0  
  Clock Path Skew:        0.269ns (DCD - SCD - CPR)
    Destination Clock Delay (DCD):    1.987ns
    Source Clock Delay      (SCD):    1.464ns
    Clock Pessimism Removal (CPR):    0.254ns

    Location             Delay type                Incr(ns)  Path(ns)    Netlist Resource(s)
  -------------------------------------------------------------------    -------------------
                         (clock sys_clk rise edge)    0.000     0.000 r  
    Y19                                               0.000     0.000 r  clk (IN)
                         net (fo=0)                   0.000     0.000    clk
    Y19                  IBUF (Prop_ibuf_I_O)         0.212     0.212 r  clk_IBUF_inst/O
                         net (fo=1, routed)           0.674     0.886    clk_IBUF
    BUFGCTRL_X0Y0        BUFG (Prop_bufg_I_O)         0.026     0.912 r  clk_IBUF_BUFG_inst/O
                         net (fo=3231, routed)        0.552     1.464    division/s13_reciprocal/clk_IBUF_BUFG
    SLICE_X50Y13         FDCE                                         r  division/s13_reciprocal/s1_a_reg[7]/C
  -------------------------------------------------------------------    -------------------
    SLICE_X50Y13         FDCE (Prop_fdce_C_Q)         0.164     1.628 r  division/s13_reciprocal/s1_a_reg[7]/Q
                         net (fo=3, routed)           0.371     1.999    division/s13_reciprocal/s1_a[7]
    SLICE_X34Y11         SRL16E                                       r  division/s13_reciprocal/s4_a_reg[7]_srl3_sqrt_s17_inverse_square_root_genblk1_c_0/D
  -------------------------------------------------------------------    -------------------

                         (clock sys_clk rise edge)    0.000     0.000 r  
    Y19                                               0.000     0.000 r  clk (IN)
                         net (fo=0)                   0.000     0.000    clk
    Y19                  IBUF (Prop_ibuf_I_O)         0.401     0.401 r  clk_IBUF_inst/O
                         net (fo=1, routed)           0.731     1.132    clk_IBUF
    BUFGCTRL_X0Y0        BUFG (Prop_bufg_I_O)         0.029     1.161 r  clk_IBUF_BUFG_inst/O
                         net (fo=3231, routed)        0.826     1.987    division/s13_reciprocal/clk_IBUF_BUFG
    SLICE_X34Y11         SRL16E                                       r  division/s13_reciprocal/s4_a_reg[7]_srl3_sqrt_s17_inverse_square_root_genblk1_c_0/CLK
                         clock pessimism             -0.254     1.733    
    SLICE_X34Y11         SRL16E (Hold_srl16e_CLK_D)
                                                      0.183     1.916    division/s13_reciprocal/s4_a_reg[7]_srl3_sqrt_s17_inverse_square_root_genblk1_c_0
  -------------------------------------------------------------------
                         required time                         -1.916    
                         arrival time                           1.999    
  -------------------------------------------------------------------
                         slack                                  0.082    

Slack (MET) :             0.102ns  (arrival time - required time)
  Source:                 sqrt/s17_inverse_square_root/s3_a_reg[25]/C
                            (rising edge-triggered cell FDCE clocked by sys_clk  {rise@0.000ns fall@5.000ns period=10.000ns})
  Destination:            sqrt/s17_inverse_square_root/s8_a_reg[25]_srl5_sqrt_s17_inverse_square_root_genblk1_c_2/D
                            (rising edge-triggered cell SRL16E clocked by sys_clk  {rise@0.000ns fall@5.000ns period=10.000ns})
  Path Group:             sys_clk
  Path Type:              Hold (Min at Fast Process Corner)
  Requirement:            0.000ns  (sys_clk rise@0.000ns - sys_clk rise@0.000ns)
  Data Path Delay:        0.300ns  (logic 0.141ns (47.051%)  route 0.159ns (52.949%))
  Logic Levels:           0  
  Clock Path Skew:        0.015ns (DCD - SCD - CPR)
    Destination Clock Delay (DCD):    2.035ns
    Source Clock Delay      (SCD):    1.517ns
    Clock Pessimism Removal (CPR):    0.503ns

    Location             Delay type                Incr(ns)  Path(ns)    Netlist Resource(s)
  -------------------------------------------------------------------    -------------------
                         (clock sys_clk rise edge)    0.000     0.000 r  
    Y19                                               0.000     0.000 r  clk (IN)
                         net (fo=0)                   0.000     0.000    clk
    Y19                  IBUF (Prop_ibuf_I_O)         0.212     0.212 r  clk_IBUF_inst/O
                         net (fo=1, routed)           0.674     0.886    clk_IBUF
    BUFGCTRL_X0Y0        BUFG (Prop_bufg_I_O)         0.026     0.912 r  clk_IBUF_BUFG_inst/O
                         net (fo=3231, routed)        0.605     1.517    sqrt/s17_inverse_square_root/clk_IBUF_BUFG
    SLICE_X93Y33         FDCE                                         r  sqrt/s17_inverse_square_root/s3_a_reg[25]/C
  -------------------------------------------------------------------    -------------------
    SLICE_X93Y33         FDCE (Prop_fdce_C_Q)         0.141     1.658 r  sqrt/s17_inverse_square_root/s3_a_reg[25]/Q
                         net (fo=3, routed)           0.159     1.817    sqrt/s17_inverse_square_root/s3_a[25]
    SLICE_X92Y34         SRL16E                                       r  sqrt/s17_inverse_square_root/s8_a_reg[25]_srl5_sqrt_s17_inverse_square_root_genblk1_c_2/D
  -------------------------------------------------------------------    -------------------

                         (clock sys_clk rise edge)    0.000     0.000 r  
    Y19                                               0.000     0.000 r  clk (IN)
                         net (fo=0)                   0.000     0.000    clk
    Y19                  IBUF (Prop_ibuf_I_O)         0.401     0.401 r  clk_IBUF_inst/O
                         net (fo=1, routed)           0.731     1.132    clk_IBUF
    BUFGCTRL_X0Y0        BUFG (Prop_bufg_I_O)         0.029     1.161 r  clk_IBUF_BUFG_inst/O
                         net (fo=3231, routed)        0.874     2.035    sqrt/s17_inverse_square_root/clk_IBUF_BUFG
    SLICE_X92Y34         SRL16E                                       r  sqrt/s17_inverse_square_root/s8_a_reg[25]_srl5_sqrt_s17_inverse_square_root_genblk1_c_2/CLK
                         clock pessimism             -0.503     1.532    
    SLICE_X92Y34         SRL16E (Hold_srl16e_CLK_D)
                                                      0.183     1.715    sqrt/s17_inverse_square_root/s8_a_reg[25]_srl5_sqrt_s17_inverse_square_root_genblk1_c_2
  -------------------------------------------------------------------
                         required time                         -1.715    
                         arrival time                           1.817    
  -------------------------------------------------------------------
                         slack                                  0.102    

Slack (MET) :             0.114ns  (arrival time - required time)
  Source:                 sqrt/s4_s17_exponent_is_even_reg[1]/C
                            (rising edge-triggered cell FDCE clocked by sys_clk  {rise@0.000ns fall@5.000ns period=10.000ns})
  Destination:            sqrt/s4_s17_exponent_is_even_reg[6]_srl5_sqrt_s17_inverse_square_root_genblk1_c_2/D
                            (rising edge-triggered cell SRL16E clocked by sys_clk  {rise@0.000ns fall@5.000ns period=10.000ns})
  Path Group:             sys_clk
  Path Type:              Hold (Min at Fast Process Corner)
  Requirement:            0.000ns  (sys_clk rise@0.000ns - sys_clk rise@0.000ns)
  Data Path Delay:        0.312ns  (logic 0.141ns (45.157%)  route 0.171ns (54.844%))
  Logic Levels:           0  
  Clock Path Skew:        0.015ns (DCD - SCD - CPR)
    Destination Clock Delay (DCD):    2.037ns
    Source Clock Delay      (SCD):    1.519ns
    Clock Pessimism Removal (CPR):    0.503ns

    Location             Delay type                Incr(ns)  Path(ns)    Netlist Resource(s)
  -------------------------------------------------------------------    -------------------
                         (clock sys_clk rise edge)    0.000     0.000 r  
    Y19                                               0.000     0.000 r  clk (IN)
                         net (fo=0)                   0.000     0.000    clk
    Y19                  IBUF (Prop_ibuf_I_O)         0.212     0.212 r  clk_IBUF_inst/O
                         net (fo=1, routed)           0.674     0.886    clk_IBUF
    BUFGCTRL_X0Y0        BUFG (Prop_bufg_I_O)         0.026     0.912 r  clk_IBUF_BUFG_inst/O
                         net (fo=3231, routed)        0.607     1.519    sqrt/clk_IBUF_BUFG
    SLICE_X97Y35         FDCE                                         r  sqrt/s4_s17_exponent_is_even_reg[1]/C
  -------------------------------------------------------------------    -------------------
    SLICE_X97Y35         FDCE (Prop_fdce_C_Q)         0.141     1.660 r  sqrt/s4_s17_exponent_is_even_reg[1]/Q
                         net (fo=3, routed)           0.171     1.831    sqrt/s4_s17_exponent_is_even_reg[1]__0
    SLICE_X94Y36         SRL16E                                       r  sqrt/s4_s17_exponent_is_even_reg[6]_srl5_sqrt_s17_inverse_square_root_genblk1_c_2/D
  -------------------------------------------------------------------    -------------------

                         (clock sys_clk rise edge)    0.000     0.000 r  
    Y19                                               0.000     0.000 r  clk (IN)
                         net (fo=0)                   0.000     0.000    clk
    Y19                  IBUF (Prop_ibuf_I_O)         0.401     0.401 r  clk_IBUF_inst/O
                         net (fo=1, routed)           0.731     1.132    clk_IBUF
    BUFGCTRL_X0Y0        BUFG (Prop_bufg_I_O)         0.029     1.161 r  clk_IBUF_BUFG_inst/O
                         net (fo=3231, routed)        0.876     2.037    sqrt/clk_IBUF_BUFG
    SLICE_X94Y36         SRL16E                                       r  sqrt/s4_s17_exponent_is_even_reg[6]_srl5_sqrt_s17_inverse_square_root_genblk1_c_2/CLK
                         clock pessimism             -0.503     1.534    
    SLICE_X94Y36         SRL16E (Hold_srl16e_CLK_D)
                                                      0.183     1.717    sqrt/s4_s17_exponent_is_even_reg[6]_srl5_sqrt_s17_inverse_square_root_genblk1_c_2
  -------------------------------------------------------------------
                         required time                         -1.717    
                         arrival time                           1.831    
  -------------------------------------------------------------------
                         slack                                  0.114    

Slack (MET) :             0.119ns  (arrival time - required time)
  Source:                 sqrt/s17_inverse_square_root/s2_a_reg[23]/C
                            (rising edge-triggered cell FDCE clocked by sys_clk  {rise@0.000ns fall@5.000ns period=10.000ns})
  Destination:            sqrt/s17_inverse_square_root/s3_a_reg[23]/D
                            (rising edge-triggered cell FDCE clocked by sys_clk  {rise@0.000ns fall@5.000ns period=10.000ns})
  Path Group:             sys_clk
  Path Type:              Hold (Min at Fast Process Corner)
  Requirement:            0.000ns  (sys_clk rise@0.000ns - sys_clk rise@0.000ns)
  Data Path Delay:        0.197ns  (logic 0.141ns (71.611%)  route 0.056ns (28.389%))
  Logic Levels:           0  
  Clock Path Skew:        0.000ns (DCD - SCD - CPR)
    Destination Clock Delay (DCD):    2.032ns
    Source Clock Delay      (SCD):    1.515ns
    Clock Pessimism Removal (CPR):    0.517ns

    Location             Delay type                Incr(ns)  Path(ns)    Netlist Resource(s)
  -------------------------------------------------------------------    -------------------
                         (clock sys_clk rise edge)    0.000     0.000 r  
    Y19                                               0.000     0.000 r  clk (IN)
                         net (fo=0)                   0.000     0.000    clk
    Y19                  IBUF (Prop_ibuf_I_O)         0.212     0.212 r  clk_IBUF_inst/O
                         net (fo=1, routed)           0.674     0.886    clk_IBUF
    BUFGCTRL_X0Y0        BUFG (Prop_bufg_I_O)         0.026     0.912 r  clk_IBUF_BUFG_inst/O
                         net (fo=3231, routed)        0.603     1.515    sqrt/s17_inverse_square_root/clk_IBUF_BUFG
    SLICE_X93Y31         FDCE                                         r  sqrt/s17_inverse_square_root/s2_a_reg[23]/C
  -------------------------------------------------------------------    -------------------
    SLICE_X93Y31         FDCE (Prop_fdce_C_Q)         0.141     1.656 r  sqrt/s17_inverse_square_root/s2_a_reg[23]/Q
                         net (fo=1, routed)           0.056     1.712    sqrt/s17_inverse_square_root/s2_a[23]
    SLICE_X93Y31         FDCE                                         r  sqrt/s17_inverse_square_root/s3_a_reg[23]/D
  -------------------------------------------------------------------    -------------------

                         (clock sys_clk rise edge)    0.000     0.000 r  
    Y19                                               0.000     0.000 r  clk (IN)
                         net (fo=0)                   0.000     0.000    clk
    Y19                  IBUF (Prop_ibuf_I_O)         0.401     0.401 r  clk_IBUF_inst/O
                         net (fo=1, routed)           0.731     1.132    clk_IBUF
    BUFGCTRL_X0Y0        BUFG (Prop_bufg_I_O)         0.029     1.161 r  clk_IBUF_BUFG_inst/O
                         net (fo=3231, routed)        0.871     2.032    sqrt/s17_inverse_square_root/clk_IBUF_BUFG
    SLICE_X93Y31         FDCE                                         r  sqrt/s17_inverse_square_root/s3_a_reg[23]/C
                         clock pessimism             -0.517     1.515    
    SLICE_X93Y31         FDCE (Hold_fdce_C_D)         0.078     1.593    sqrt/s17_inverse_square_root/s3_a_reg[23]
  -------------------------------------------------------------------
                         required time                         -1.593    
                         arrival time                           1.712    
  -------------------------------------------------------------------
                         slack                                  0.119    

Slack (MET) :             0.121ns  (arrival time - required time)
  Source:                 addsub/s2_special_result_reg[mantissa][9]/C
                            (rising edge-triggered cell FDCE clocked by sys_clk  {rise@0.000ns fall@5.000ns period=10.000ns})
  Destination:            addsub/s3_special_result_reg[mantissa][9]/D
                            (rising edge-triggered cell FDCE clocked by sys_clk  {rise@0.000ns fall@5.000ns period=10.000ns})
  Path Group:             sys_clk
  Path Type:              Hold (Min at Fast Process Corner)
  Requirement:            0.000ns  (sys_clk rise@0.000ns - sys_clk rise@0.000ns)
  Data Path Delay:        0.197ns  (logic 0.141ns (71.611%)  route 0.056ns (28.389%))
  Logic Levels:           0  
  Clock Path Skew:        0.000ns (DCD - SCD - CPR)
    Destination Clock Delay (DCD):    2.015ns
    Source Clock Delay      (SCD):    1.498ns
    Clock Pessimism Removal (CPR):    0.517ns

    Location             Delay type                Incr(ns)  Path(ns)    Netlist Resource(s)
  -------------------------------------------------------------------    -------------------
                         (clock sys_clk rise edge)    0.000     0.000 r  
    Y19                                               0.000     0.000 r  clk (IN)
                         net (fo=0)                   0.000     0.000    clk
    Y19                  IBUF (Prop_ibuf_I_O)         0.212     0.212 r  clk_IBUF_inst/O
                         net (fo=1, routed)           0.674     0.886    clk_IBUF
    BUFGCTRL_X0Y0        BUFG (Prop_bufg_I_O)         0.026     0.912 r  clk_IBUF_BUFG_inst/O
                         net (fo=3231, routed)        0.586     1.498    addsub/clk_IBUF_BUFG
    SLICE_X81Y41         FDCE                                         r  addsub/s2_special_result_reg[mantissa][9]/C
  -------------------------------------------------------------------    -------------------
    SLICE_X81Y41         FDCE (Prop_fdce_C_Q)         0.141     1.639 r  addsub/s2_special_result_reg[mantissa][9]/Q
                         net (fo=1, routed)           0.056     1.695    addsub/s2_special_result_reg[mantissa][9]
    SLICE_X81Y41         FDCE                                         r  addsub/s3_special_result_reg[mantissa][9]/D
  -------------------------------------------------------------------    -------------------

                         (clock sys_clk rise edge)    0.000     0.000 r  
    Y19                                               0.000     0.000 r  clk (IN)
                         net (fo=0)                   0.000     0.000    clk
    Y19                  IBUF (Prop_ibuf_I_O)         0.401     0.401 r  clk_IBUF_inst/O
                         net (fo=1, routed)           0.731     1.132    clk_IBUF
    BUFGCTRL_X0Y0        BUFG (Prop_bufg_I_O)         0.029     1.161 r  clk_IBUF_BUFG_inst/O
                         net (fo=3231, routed)        0.854     2.015    addsub/clk_IBUF_BUFG
    SLICE_X81Y41         FDCE                                         r  addsub/s3_special_result_reg[mantissa][9]/C
                         clock pessimism             -0.517     1.498    
    SLICE_X81Y41         FDCE (Hold_fdce_C_D)         0.076     1.574    addsub/s3_special_result_reg[mantissa][9]
  -------------------------------------------------------------------
                         required time                         -1.574    
                         arrival time                           1.695    
  -------------------------------------------------------------------
                         slack                                  0.121    

Slack (MET) :             0.121ns  (arrival time - required time)
  Source:                 multiply/s2_special_result_reg[mantissa][5]/C
                            (rising edge-triggered cell FDCE clocked by sys_clk  {rise@0.000ns fall@5.000ns period=10.000ns})
  Destination:            multiply/s3_special_result_reg[mantissa][5]/D
                            (rising edge-triggered cell FDCE clocked by sys_clk  {rise@0.000ns fall@5.000ns period=10.000ns})
  Path Group:             sys_clk
  Path Type:              Hold (Min at Fast Process Corner)
  Requirement:            0.000ns  (sys_clk rise@0.000ns - sys_clk rise@0.000ns)
  Data Path Delay:        0.197ns  (logic 0.141ns (71.611%)  route 0.056ns (28.389%))
  Logic Levels:           0  
  Clock Path Skew:        0.000ns (DCD - SCD - CPR)
    Destination Clock Delay (DCD):    2.011ns
    Source Clock Delay      (SCD):    1.494ns
    Clock Pessimism Removal (CPR):    0.517ns

    Location             Delay type                Incr(ns)  Path(ns)    Netlist Resource(s)
  -------------------------------------------------------------------    -------------------
                         (clock sys_clk rise edge)    0.000     0.000 r  
    Y19                                               0.000     0.000 r  clk (IN)
                         net (fo=0)                   0.000     0.000    clk
    Y19                  IBUF (Prop_ibuf_I_O)         0.212     0.212 r  clk_IBUF_inst/O
                         net (fo=1, routed)           0.674     0.886    clk_IBUF
    BUFGCTRL_X0Y0        BUFG (Prop_bufg_I_O)         0.026     0.912 r  clk_IBUF_BUFG_inst/O
                         net (fo=3231, routed)        0.582     1.494    multiply/clk_IBUF_BUFG
    SLICE_X65Y40         FDCE                                         r  multiply/s2_special_result_reg[mantissa][5]/C
  -------------------------------------------------------------------    -------------------
    SLICE_X65Y40         FDCE (Prop_fdce_C_Q)         0.141     1.635 r  multiply/s2_special_result_reg[mantissa][5]/Q
                         net (fo=1, routed)           0.056     1.691    multiply/s2_special_result_reg[mantissa][5]
    SLICE_X65Y40         FDCE                                         r  multiply/s3_special_result_reg[mantissa][5]/D
  -------------------------------------------------------------------    -------------------

                         (clock sys_clk rise edge)    0.000     0.000 r  
    Y19                                               0.000     0.000 r  clk (IN)
                         net (fo=0)                   0.000     0.000    clk
    Y19                  IBUF (Prop_ibuf_I_O)         0.401     0.401 r  clk_IBUF_inst/O
                         net (fo=1, routed)           0.731     1.132    clk_IBUF
    BUFGCTRL_X0Y0        BUFG (Prop_bufg_I_O)         0.029     1.161 r  clk_IBUF_BUFG_inst/O
                         net (fo=3231, routed)        0.850     2.011    multiply/clk_IBUF_BUFG
    SLICE_X65Y40         FDCE                                         r  multiply/s3_special_result_reg[mantissa][5]/C
                         clock pessimism             -0.517     1.494    
    SLICE_X65Y40         FDCE (Hold_fdce_C_D)         0.076     1.570    multiply/s3_special_result_reg[mantissa][5]
  -------------------------------------------------------------------
                         required time                         -1.570    
                         arrival time                           1.691    
  -------------------------------------------------------------------
                         slack                                  0.121    

Slack (MET) :             0.121ns  (arrival time - required time)
  Source:                 sqrt/s17_inverse_square_root/s2_a_reg[22]/C
                            (rising edge-triggered cell FDCE clocked by sys_clk  {rise@0.000ns fall@5.000ns period=10.000ns})
  Destination:            sqrt/s17_inverse_square_root/s3_a_reg[22]/D
                            (rising edge-triggered cell FDCE clocked by sys_clk  {rise@0.000ns fall@5.000ns period=10.000ns})
  Path Group:             sys_clk
  Path Type:              Hold (Min at Fast Process Corner)
  Requirement:            0.000ns  (sys_clk rise@0.000ns - sys_clk rise@0.000ns)
  Data Path Delay:        0.197ns  (logic 0.141ns (71.611%)  route 0.056ns (28.389%))
  Logic Levels:           0  
  Clock Path Skew:        0.000ns (DCD - SCD - CPR)
    Destination Clock Delay (DCD):    2.032ns
    Source Clock Delay      (SCD):    1.515ns
    Clock Pessimism Removal (CPR):    0.517ns

    Location             Delay type                Incr(ns)  Path(ns)    Netlist Resource(s)
  -------------------------------------------------------------------    -------------------
                         (clock sys_clk rise edge)    0.000     0.000 r  
    Y19                                               0.000     0.000 r  clk (IN)
                         net (fo=0)                   0.000     0.000    clk
    Y19                  IBUF (Prop_ibuf_I_O)         0.212     0.212 r  clk_IBUF_inst/O
                         net (fo=1, routed)           0.674     0.886    clk_IBUF
    BUFGCTRL_X0Y0        BUFG (Prop_bufg_I_O)         0.026     0.912 r  clk_IBUF_BUFG_inst/O
                         net (fo=3231, routed)        0.603     1.515    sqrt/s17_inverse_square_root/clk_IBUF_BUFG
    SLICE_X93Y31         FDCE                                         r  sqrt/s17_inverse_square_root/s2_a_reg[22]/C
  -------------------------------------------------------------------    -------------------
    SLICE_X93Y31         FDCE (Prop_fdce_C_Q)         0.141     1.656 r  sqrt/s17_inverse_square_root/s2_a_reg[22]/Q
                         net (fo=1, routed)           0.056     1.712    sqrt/s17_inverse_square_root/s2_a[22]
    SLICE_X93Y31         FDCE                                         r  sqrt/s17_inverse_square_root/s3_a_reg[22]/D
  -------------------------------------------------------------------    -------------------

                         (clock sys_clk rise edge)    0.000     0.000 r  
    Y19                                               0.000     0.000 r  clk (IN)
                         net (fo=0)                   0.000     0.000    clk
    Y19                  IBUF (Prop_ibuf_I_O)         0.401     0.401 r  clk_IBUF_inst/O
                         net (fo=1, routed)           0.731     1.132    clk_IBUF
    BUFGCTRL_X0Y0        BUFG (Prop_bufg_I_O)         0.029     1.161 r  clk_IBUF_BUFG_inst/O
                         net (fo=3231, routed)        0.871     2.032    sqrt/s17_inverse_square_root/clk_IBUF_BUFG
    SLICE_X93Y31         FDCE                                         r  sqrt/s17_inverse_square_root/s3_a_reg[22]/C
                         clock pessimism             -0.517     1.515    
    SLICE_X93Y31         FDCE (Hold_fdce_C_D)         0.076     1.591    sqrt/s17_inverse_square_root/s3_a_reg[22]
  -------------------------------------------------------------------
                         required time                         -1.591    
                         arrival time                           1.712    
  -------------------------------------------------------------------
                         slack                                  0.121    

Slack (MET) :             0.122ns  (arrival time - required time)
  Source:                 addsub/s2_special_result_reg[mantissa][6]/C
                            (rising edge-triggered cell FDCE clocked by sys_clk  {rise@0.000ns fall@5.000ns period=10.000ns})
  Destination:            addsub/s3_special_result_reg[mantissa][6]/D
                            (rising edge-triggered cell FDCE clocked by sys_clk  {rise@0.000ns fall@5.000ns period=10.000ns})
  Path Group:             sys_clk
  Path Type:              Hold (Min at Fast Process Corner)
  Requirement:            0.000ns  (sys_clk rise@0.000ns - sys_clk rise@0.000ns)
  Data Path Delay:        0.197ns  (logic 0.141ns (71.611%)  route 0.056ns (28.389%))
  Logic Levels:           0  
  Clock Path Skew:        0.000ns (DCD - SCD - CPR)
    Destination Clock Delay (DCD):    2.015ns
    Source Clock Delay      (SCD):    1.498ns
    Clock Pessimism Removal (CPR):    0.517ns

    Location             Delay type                Incr(ns)  Path(ns)    Netlist Resource(s)
  -------------------------------------------------------------------    -------------------
                         (clock sys_clk rise edge)    0.000     0.000 r  
    Y19                                               0.000     0.000 r  clk (IN)
                         net (fo=0)                   0.000     0.000    clk
    Y19                  IBUF (Prop_ibuf_I_O)         0.212     0.212 r  clk_IBUF_inst/O
                         net (fo=1, routed)           0.674     0.886    clk_IBUF
    BUFGCTRL_X0Y0        BUFG (Prop_bufg_I_O)         0.026     0.912 r  clk_IBUF_BUFG_inst/O
                         net (fo=3231, routed)        0.586     1.498    addsub/clk_IBUF_BUFG
    SLICE_X81Y41         FDCE                                         r  addsub/s2_special_result_reg[mantissa][6]/C
  -------------------------------------------------------------------    -------------------
    SLICE_X81Y41         FDCE (Prop_fdce_C_Q)         0.141     1.639 r  addsub/s2_special_result_reg[mantissa][6]/Q
                         net (fo=1, routed)           0.056     1.695    addsub/s2_special_result_reg[mantissa][6]
    SLICE_X81Y41         FDCE                                         r  addsub/s3_special_result_reg[mantissa][6]/D
  -------------------------------------------------------------------    -------------------

                         (clock sys_clk rise edge)    0.000     0.000 r  
    Y19                                               0.000     0.000 r  clk (IN)
                         net (fo=0)                   0.000     0.000    clk
    Y19                  IBUF (Prop_ibuf_I_O)         0.401     0.401 r  clk_IBUF_inst/O
                         net (fo=1, routed)           0.731     1.132    clk_IBUF
    BUFGCTRL_X0Y0        BUFG (Prop_bufg_I_O)         0.029     1.161 r  clk_IBUF_BUFG_inst/O
                         net (fo=3231, routed)        0.854     2.015    addsub/clk_IBUF_BUFG
    SLICE_X81Y41         FDCE                                         r  addsub/s3_special_result_reg[mantissa][6]/C
                         clock pessimism             -0.517     1.498    
    SLICE_X81Y41         FDCE (Hold_fdce_C_D)         0.075     1.573    addsub/s3_special_result_reg[mantissa][6]
  -------------------------------------------------------------------
                         required time                         -1.573    
                         arrival time                           1.695    
  -------------------------------------------------------------------
                         slack                                  0.122    





Pulse Width Checks
--------------------------------------------------------------------------------------
Clock Name:         sys_clk
Waveform(ns):       { 0.000 5.000 }
Period(ns):         10.000
Sources:            { clk }

Check Type        Corner  Lib Pin             Reference Pin  Required(ns)  Actual(ns)  Slack(ns)  Location       Pin
Min Period        n/a     RAMB18E1/CLKARDCLK  n/a            2.576         10.000      7.424      RAMB18_X1Y4    division/s13_reciprocal/s0_reciprocal_lut/out_reg/CLKARDCLK
Min Period        n/a     RAMB18E1/CLKBWRCLK  n/a            2.576         10.000      7.424      RAMB18_X1Y4    division/s13_reciprocal/s0_reciprocal_lut/out_reg/CLKBWRCLK
Min Period        n/a     BUFG/I              n/a            2.155         10.000      7.845      BUFGCTRL_X0Y0  clk_IBUF_BUFG_inst/I
Min Period        n/a     DSP48E1/CLK         n/a            2.154         10.000      7.846      DSP48_X1Y5     division/s13_reciprocal/s1_mult/s2_mult_out0__0/CLK
Min Period        n/a     DSP48E1/CLK         n/a            2.154         10.000      7.846      DSP48_X1Y3     division/s13_reciprocal/s1_mult/s2_mult_out0__2/CLK
Min Period        n/a     DSP48E1/CLK         n/a            2.154         10.000      7.846      DSP48_X0Y5     division/s13_reciprocal/s4_mult/s2_mult_out0__0/CLK
Min Period        n/a     DSP48E1/CLK         n/a            2.154         10.000      7.846      DSP48_X0Y3     division/s13_reciprocal/s4_mult/s2_mult_out0__2/CLK
Min Period        n/a     DSP48E1/CLK         n/a            2.154         10.000      7.846      DSP48_X1Y7     division/s13_reciprocal/s6_mult/s2_mult_out0__0/CLK
Min Period        n/a     DSP48E1/CLK         n/a            2.154         10.000      7.846      DSP48_X1Y9     division/s13_reciprocal/s6_mult/s2_mult_out0__2/CLK
Min Period        n/a     DSP48E1/CLK         n/a            2.154         10.000      7.846      DSP48_X2Y7     division/s13_reciprocal/s9_mult/s2_mult_out0__0/CLK
Low Pulse Width   Slow    SRL16E/CLK          n/a            0.980         5.000       4.020      SLICE_X82Y44   addsub/s3_input_is_invalid_reg_srl2_sqrt_s17_inverse_square_root_genblk1_c/CLK
Low Pulse Width   Fast    SRL16E/CLK          n/a            0.980         5.000       4.020      SLICE_X82Y44   addsub/s3_input_is_invalid_reg_srl2_sqrt_s17_inverse_square_root_genblk1_c/CLK
Low Pulse Width   Slow    SRL16E/CLK          n/a            0.980         5.000       4.020      SLICE_X82Y44   division/s14_division_by_zero_reg_srl13_sqrt_s17_inverse_square_root_genblk1_c_10/CLK
Low Pulse Width   Fast    SRL16E/CLK          n/a            0.980         5.000       4.020      SLICE_X82Y44   division/s14_division_by_zero_reg_srl13_sqrt_s17_inverse_square_root_genblk1_c_10/CLK
Low Pulse Width   Slow    SRL16E/CLK          n/a            0.980         5.000       4.020      SLICE_X86Y42   division/s14_input_is_invalid_reg_srl13_sqrt_s17_inverse_square_root_genblk1_c_10/CLK
Low Pulse Width   Fast    SRL16E/CLK          n/a            0.980         5.000       4.020      SLICE_X86Y42   division/s14_input_is_invalid_reg_srl13_sqrt_s17_inverse_square_root_genblk1_c_10/CLK
Low Pulse Width   Slow    SRL16E/CLK          n/a            0.980         5.000       4.020      SLICE_X58Y25   division/s3_s13_in1_mantissa_reg[8][0]_srl9_sqrt_s17_inverse_square_root_genblk1_c_6/CLK
Low Pulse Width   Fast    SRL16E/CLK          n/a            0.980         5.000       4.020      SLICE_X58Y25   division/s3_s13_in1_mantissa_reg[8][0]_srl9_sqrt_s17_inverse_square_root_genblk1_c_6/CLK
Low Pulse Width   Slow    SRL16E/CLK          n/a            0.980         5.000       4.020      SLICE_X42Y26   division/s3_s13_in1_mantissa_reg[8][10]_srl9_sqrt_s17_inverse_square_root_genblk1_c_6/CLK
Low Pulse Width   Fast    SRL16E/CLK          n/a            0.980         5.000       4.020      SLICE_X42Y26   division/s3_s13_in1_mantissa_reg[8][10]_srl9_sqrt_s17_inverse_square_root_genblk1_c_6/CLK
High Pulse Width  Slow    SRL16E/CLK          n/a            0.980         5.000       4.020      SLICE_X82Y44   addsub/s3_input_is_invalid_reg_srl2_sqrt_s17_inverse_square_root_genblk1_c/CLK
High Pulse Width  Fast    SRL16E/CLK          n/a            0.980         5.000       4.020      SLICE_X82Y44   addsub/s3_input_is_invalid_reg_srl2_sqrt_s17_inverse_square_root_genblk1_c/CLK
High Pulse Width  Slow    SRL16E/CLK          n/a            0.980         5.000       4.020      SLICE_X82Y44   division/s14_division_by_zero_reg_srl13_sqrt_s17_inverse_square_root_genblk1_c_10/CLK
High Pulse Width  Fast    SRL16E/CLK          n/a            0.980         5.000       4.020      SLICE_X82Y44   division/s14_division_by_zero_reg_srl13_sqrt_s17_inverse_square_root_genblk1_c_10/CLK
High Pulse Width  Slow    SRL16E/CLK          n/a            0.980         5.000       4.020      SLICE_X86Y42   division/s14_input_is_invalid_reg_srl13_sqrt_s17_inverse_square_root_genblk1_c_10/CLK
High Pulse Width  Fast    SRL16E/CLK          n/a            0.980         5.000       4.020      SLICE_X86Y42   division/s14_input_is_invalid_reg_srl13_sqrt_s17_inverse_square_root_genblk1_c_10/CLK
High Pulse Width  Slow    SRL16E/CLK          n/a            0.980         5.000       4.020      SLICE_X58Y25   division/s3_s13_in1_mantissa_reg[8][0]_srl9_sqrt_s17_inverse_square_root_genblk1_c_6/CLK
High Pulse Width  Fast    SRL16E/CLK          n/a            0.980         5.000       4.020      SLICE_X58Y25   division/s3_s13_in1_mantissa_reg[8][0]_srl9_sqrt_s17_inverse_square_root_genblk1_c_6/CLK
High Pulse Width  Slow    SRL16E/CLK          n/a            0.980         5.000       4.020      SLICE_X42Y26   division/s3_s13_in1_mantissa_reg[8][10]_srl9_sqrt_s17_inverse_square_root_genblk1_c_6/CLK
High Pulse Width  Fast    SRL16E/CLK          n/a            0.980         5.000       4.020      SLICE_X42Y26   division/s3_s13_in1_mantissa_reg[8][10]_srl9_sqrt_s17_inverse_square_root_genblk1_c_6/CLK



--------------------------------------------------------------------------------------
Path Group:  (none)
From Clock:  
  To Clock:  

Max Delay            38 Endpoints
Min Delay            38 Endpoints
--------------------------------------------------------------------------------------


Max Delay Paths
--------------------------------------------------------------------------------------
Slack:                    inf
  Source:                 op_sel[0]
                            (input port)
  Destination:            out[9]
                            (output port)
  Path Group:             (none)
  Path Type:              Max at Slow Process Corner
  Data Path Delay:        13.804ns  (logic 3.804ns (27.555%)  route 10.001ns (72.445%))
  Logic Levels:           4  (IBUF=1 LUT6=2 OBUF=1)

    Location             Delay type                Incr(ns)  Path(ns)    Netlist Resource(s)
  -------------------------------------------------------------------    -------------------
    V20                                               0.000     0.000 r  op_sel[0] (IN)
                         net (fo=0)                   0.000     0.000    op_sel[0]
    V20                  IBUF (Prop_ibuf_I_O)         0.968     0.968 r  op_sel_IBUF[0]_inst/O
                         net (fo=75, routed)          4.201     5.169    sqrt/op_sel_IBUF[0]
    SLICE_X66Y40         LUT6 (Prop_lut6_I4_O)        0.124     5.293 r  sqrt/out_OBUF[9]_inst_i_2/O
                         net (fo=1, routed)           1.087     6.380    max/out[9]
    SLICE_X60Y43         LUT6 (Prop_lut6_I5_O)        0.124     6.504 r  max/out_OBUF[9]_inst_i_1/O
                         net (fo=1, routed)           4.712    11.216    out_OBUF[9]
    U4                   OBUF (Prop_obuf_I_O)         2.588    13.804 r  out_OBUF[9]_inst/O
                         net (fo=0)                   0.000    13.804    out[9]
    U4                                                                r  out[9] (OUT)
  -------------------------------------------------------------------    -------------------

Slack:                    inf
  Source:                 op_sel[0]
                            (input port)
  Destination:            out[2]
                            (output port)
  Path Group:             (none)
  Path Type:              Max at Slow Process Corner
  Data Path Delay:        13.672ns  (logic 3.814ns (27.896%)  route 9.858ns (72.104%))
  Logic Levels:           4  (IBUF=1 LUT6=2 OBUF=1)

    Location             Delay type                Incr(ns)  Path(ns)    Netlist Resource(s)
  -------------------------------------------------------------------    -------------------
    V20                                               0.000     0.000 r  op_sel[0] (IN)
                         net (fo=0)                   0.000     0.000    op_sel[0]
    V20                  IBUF (Prop_ibuf_I_O)         0.968     0.968 r  op_sel_IBUF[0]_inst/O
                         net (fo=75, routed)          3.983     4.951    sqrt/op_sel_IBUF[0]
    SLICE_X68Y39         LUT6 (Prop_lut6_I4_O)        0.124     5.075 r  sqrt/out_OBUF[2]_inst_i_2/O
                         net (fo=1, routed)           1.126     6.201    max/out[2]
    SLICE_X58Y40         LUT6 (Prop_lut6_I5_O)        0.124     6.325 r  max/out_OBUF[2]_inst_i_1/O
                         net (fo=1, routed)           4.749    11.074    out_OBUF[2]
    W6                   OBUF (Prop_obuf_I_O)         2.598    13.672 r  out_OBUF[2]_inst/O
                         net (fo=0)                   0.000    13.672    out[2]
    W6                                                                r  out[2] (OUT)
  -------------------------------------------------------------------    -------------------

Slack:                    inf
  Source:                 op_sel[0]
                            (input port)
  Destination:            out[3]
                            (output port)
  Path Group:             (none)
  Path Type:              Max at Slow Process Corner
  Data Path Delay:        13.523ns  (logic 3.680ns (27.215%)  route 9.843ns (72.785%))
  Logic Levels:           3  (IBUF=1 LUT6=1 OBUF=1)

    Location             Delay type                Incr(ns)  Path(ns)    Netlist Resource(s)
  -------------------------------------------------------------------    -------------------
    V20                                               0.000     0.000 r  op_sel[0] (IN)
                         net (fo=0)                   0.000     0.000    op_sel[0]
    V20                  IBUF (Prop_ibuf_I_O)         0.968     0.968 r  op_sel_IBUF[0]_inst/O
                         net (fo=75, routed)          5.230     6.198    max/op_sel_IBUF[0]
    SLICE_X56Y40         LUT6 (Prop_lut6_I1_O)        0.124     6.322 r  max/out_OBUF[3]_inst_i_1/O
                         net (fo=1, routed)           4.612    10.935    out_OBUF[3]
    W7                   OBUF (Prop_obuf_I_O)         2.588    13.523 r  out_OBUF[3]_inst/O
                         net (fo=0)                   0.000    13.523    out[3]
    W7                                                                r  out[3] (OUT)
  -------------------------------------------------------------------    -------------------

Slack:                    inf
  Source:                 op_sel[1]
                            (input port)
  Destination:            out[5]
                            (output port)
  Path Group:             (none)
  Path Type:              Max at Slow Process Corner
  Data Path Delay:        13.278ns  (logic 3.773ns (28.413%)  route 9.505ns (71.587%))
  Logic Levels:           4  (IBUF=1 LUT6=2 OBUF=1)

    Location             Delay type                Incr(ns)  Path(ns)    Netlist Resource(s)
  -------------------------------------------------------------------    -------------------
    U20                                               0.000     0.000 r  op_sel[1] (IN)
                         net (fo=0)                   0.000     0.000    op_sel[1]
    U20                  IBUF (Prop_ibuf_I_O)         0.945     0.945 r  op_sel_IBUF[1]_inst/O
                         net (fo=75, routed)          3.625     4.570    sqrt/op_sel_IBUF[1]
    SLICE_X70Y39         LUT6 (Prop_lut6_I2_O)        0.124     4.694 r  sqrt/out_OBUF[5]_inst_i_2/O
                         net (fo=1, routed)           1.128     5.822    max/out[5]
    SLICE_X61Y41         LUT6 (Prop_lut6_I5_O)        0.124     5.946 r  max/out_OBUF[5]_inst_i_1/O
                         net (fo=1, routed)           4.752    10.698    out_OBUF[5]
    U5                   OBUF (Prop_obuf_I_O)         2.580    13.278 r  out_OBUF[5]_inst/O
                         net (fo=0)                   0.000    13.278    out[5]
    U5                                                                r  out[5] (OUT)
  -------------------------------------------------------------------    -------------------

Slack:                    inf
  Source:                 op_sel[0]
                            (input port)
  Destination:            out[12]
                            (output port)
  Path Group:             (none)
  Path Type:              Max at Slow Process Corner
  Data Path Delay:        13.267ns  (logic 3.710ns (27.967%)  route 9.557ns (72.033%))
  Logic Levels:           3  (IBUF=1 LUT6=1 OBUF=1)

    Location             Delay type                Incr(ns)  Path(ns)    Netlist Resource(s)
  -------------------------------------------------------------------    -------------------
    V20                                               0.000     0.000 r  op_sel[0] (IN)
                         net (fo=0)                   0.000     0.000    op_sel[0]
    V20                  IBUF (Prop_ibuf_I_O)         0.968     0.968 r  op_sel_IBUF[0]_inst/O
                         net (fo=75, routed)          5.033     6.000    max/op_sel_IBUF[0]
    SLICE_X56Y41         LUT6 (Prop_lut6_I1_O)        0.124     6.124 r  max/out_OBUF[12]_inst_i_1/O
                         net (fo=1, routed)           4.524    10.648    out_OBUF[12]
    R6                   OBUF (Prop_obuf_I_O)         2.619    13.267 r  out_OBUF[12]_inst/O
                         net (fo=0)                   0.000    13.267    out[12]
    R6                                                                r  out[12] (OUT)
  -------------------------------------------------------------------    -------------------

Slack:                    inf
  Source:                 op_sel[0]
                            (input port)
  Destination:            out[10]
                            (output port)
  Path Group:             (none)
  Path Type:              Max at Slow Process Corner
  Data Path Delay:        13.220ns  (logic 3.707ns (28.038%)  route 9.514ns (71.962%))
  Logic Levels:           3  (IBUF=1 LUT6=1 OBUF=1)

    Location             Delay type                Incr(ns)  Path(ns)    Netlist Resource(s)
  -------------------------------------------------------------------    -------------------
    V20                                               0.000     0.000 r  op_sel[0] (IN)
                         net (fo=0)                   0.000     0.000    op_sel[0]
    V20                  IBUF (Prop_ibuf_I_O)         0.968     0.968 r  op_sel_IBUF[0]_inst/O
                         net (fo=75, routed)          4.818     5.786    max/op_sel_IBUF[0]
    SLICE_X56Y41         LUT6 (Prop_lut6_I1_O)        0.124     5.910 r  max/out_OBUF[10]_inst_i_1/O
                         net (fo=1, routed)           4.696    10.605    out_OBUF[10]
    T4                   OBUF (Prop_obuf_I_O)         2.615    13.220 r  out_OBUF[10]_inst/O
                         net (fo=0)                   0.000    13.220    out[10]
    T4                                                                r  out[10] (OUT)
  -------------------------------------------------------------------    -------------------

Slack:                    inf
  Source:                 op_sel[0]
                            (input port)
  Destination:            out[21]
                            (output port)
  Path Group:             (none)
  Path Type:              Max at Slow Process Corner
  Data Path Delay:        13.167ns  (logic 3.858ns (29.302%)  route 9.309ns (70.698%))
  Logic Levels:           4  (IBUF=1 LUT6=2 OBUF=1)

    Location             Delay type                Incr(ns)  Path(ns)    Netlist Resource(s)
  -------------------------------------------------------------------    -------------------
    V20                                               0.000     0.000 r  op_sel[0] (IN)
                         net (fo=0)                   0.000     0.000    op_sel[0]
    V20                  IBUF (Prop_ibuf_I_O)         0.968     0.968 r  op_sel_IBUF[0]_inst/O
                         net (fo=75, routed)          4.203     5.171    sqrt/op_sel_IBUF[0]
    SLICE_X66Y41         LUT6 (Prop_lut6_I4_O)        0.124     5.295 r  sqrt/out_OBUF[21]_inst_i_2/O
                         net (fo=1, routed)           0.633     5.928    max/out[21]
    SLICE_X65Y41         LUT6 (Prop_lut6_I5_O)        0.124     6.052 r  max/out_OBUF[21]_inst_i_1/O
                         net (fo=1, routed)           4.473    10.525    out_OBUF[21]
    AA6                  OBUF (Prop_obuf_I_O)         2.643    13.167 r  out_OBUF[21]_inst/O
                         net (fo=0)                   0.000    13.167    out[21]
    AA6                                                               r  out[21] (OUT)
  -------------------------------------------------------------------    -------------------

Slack:                    inf
  Source:                 op_sel[0]
                            (input port)
  Destination:            out[1]
                            (output port)
  Path Group:             (none)
  Path Type:              Max at Slow Process Corner
  Data Path Delay:        13.166ns  (logic 3.690ns (28.027%)  route 9.476ns (71.973%))
  Logic Levels:           3  (IBUF=1 LUT6=1 OBUF=1)

    Location             Delay type                Incr(ns)  Path(ns)    Netlist Resource(s)
  -------------------------------------------------------------------    -------------------
    V20                                               0.000     0.000 r  op_sel[0] (IN)
                         net (fo=0)                   0.000     0.000    op_sel[0]
    V20                  IBUF (Prop_ibuf_I_O)         0.968     0.968 r  op_sel_IBUF[0]_inst/O
                         net (fo=75, routed)          4.693     5.660    max/op_sel_IBUF[0]
    SLICE_X60Y41         LUT6 (Prop_lut6_I1_O)        0.124     5.784 r  max/out_OBUF[1]_inst_i_1/O
                         net (fo=1, routed)           4.784    10.568    out_OBUF[1]
    W5                   OBUF (Prop_obuf_I_O)         2.598    13.166 r  out_OBUF[1]_inst/O
                         net (fo=0)                   0.000    13.166    out[1]
    W5                                                                r  out[1] (OUT)
  -------------------------------------------------------------------    -------------------

Slack:                    inf
  Source:                 op_sel[0]
                            (input port)
  Destination:            out[20]
                            (output port)
  Path Group:             (none)
  Path Type:              Max at Slow Process Corner
  Data Path Delay:        13.122ns  (logic 3.867ns (29.472%)  route 9.255ns (70.528%))
  Logic Levels:           4  (IBUF=1 LUT6=2 OBUF=1)

    Location             Delay type                Incr(ns)  Path(ns)    Netlist Resource(s)
  -------------------------------------------------------------------    -------------------
    V20                                               0.000     0.000 r  op_sel[0] (IN)
                         net (fo=0)                   0.000     0.000    op_sel[0]
    V20                  IBUF (Prop_ibuf_I_O)         0.968     0.968 r  op_sel_IBUF[0]_inst/O
                         net (fo=75, routed)          4.097     5.065    sqrt/op_sel_IBUF[0]
    SLICE_X69Y41         LUT6 (Prop_lut6_I4_O)        0.124     5.189 r  sqrt/out_OBUF[20]_inst_i_2/O
                         net (fo=1, routed)           0.817     6.006    max/out[20]
    SLICE_X60Y41         LUT6 (Prop_lut6_I5_O)        0.124     6.130 r  max/out_OBUF[20]_inst_i_1/O
                         net (fo=1, routed)           4.340    10.470    out_OBUF[20]
    AB2                  OBUF (Prop_obuf_I_O)         2.652    13.122 r  out_OBUF[20]_inst/O
                         net (fo=0)                   0.000    13.122    out[20]
    AB2                                                               r  out[20] (OUT)
  -------------------------------------------------------------------    -------------------

Slack:                    inf
  Source:                 op_sel[0]
                            (input port)
  Destination:            out[13]
                            (output port)
  Path Group:             (none)
  Path Type:              Max at Slow Process Corner
  Data Path Delay:        13.082ns  (logic 3.842ns (29.373%)  route 9.239ns (70.627%))
  Logic Levels:           4  (IBUF=1 LUT6=2 OBUF=1)

    Location             Delay type                Incr(ns)  Path(ns)    Netlist Resource(s)
  -------------------------------------------------------------------    -------------------
    V20                                               0.000     0.000 r  op_sel[0] (IN)
                         net (fo=0)                   0.000     0.000    op_sel[0]
    V20                  IBUF (Prop_ibuf_I_O)         0.968     0.968 r  op_sel_IBUF[0]_inst/O
                         net (fo=75, routed)          4.144     5.112    sqrt/op_sel_IBUF[0]
    SLICE_X66Y38         LUT6 (Prop_lut6_I4_O)        0.124     5.236 r  sqrt/out_OBUF[13]_inst_i_2/O
                         net (fo=1, routed)           0.585     5.822    max/out[13]
    SLICE_X60Y39         LUT6 (Prop_lut6_I5_O)        0.124     5.946 r  max/out_OBUF[13]_inst_i_1/O
                         net (fo=1, routed)           4.509    10.455    out_OBUF[13]
    AA4                  OBUF (Prop_obuf_I_O)         2.627    13.082 r  out_OBUF[13]_inst/O
                         net (fo=0)                   0.000    13.082    out[13]
    AA4                                                               r  out[13] (OUT)
  -------------------------------------------------------------------    -------------------





Min Delay Paths
--------------------------------------------------------------------------------------
Slack:                    inf
  Source:                 op_sel[2]
                            (input port)
  Destination:            valid_data_out
                            (output port)
  Path Group:             (none)
  Path Type:              Min at Fast Process Corner
  Data Path Delay:        3.560ns  (logic 1.383ns (38.849%)  route 2.177ns (61.151%))
  Logic Levels:           3  (IBUF=1 LUT6=1 OBUF=1)

    Location             Delay type                Incr(ns)  Path(ns)    Netlist Resource(s)
  -------------------------------------------------------------------    -------------------
    W21                                               0.000     0.000 r  op_sel[2] (IN)
                         net (fo=0)                   0.000     0.000    op_sel[2]
    W21                  IBUF (Prop_ibuf_I_O)         0.194     0.194 r  op_sel_IBUF[2]_inst/O
                         net (fo=38, routed)          0.903     1.097    sqrt/s17_inverse_square_root/op_sel_IBUF[2]
    SLICE_X88Y38         LUT6 (Prop_lut6_I4_O)        0.045     1.142 r  sqrt/s17_inverse_square_root/valid_data_out_OBUF_inst_i_1/O
                         net (fo=1, routed)           1.275     2.416    valid_data_out_OBUF
    AA14                 OBUF (Prop_obuf_I_O)         1.144     3.560 r  valid_data_out_OBUF_inst/O
                         net (fo=0)                   0.000     3.560    valid_data_out
    AA14                                                              r  valid_data_out (OUT)
  -------------------------------------------------------------------    -------------------

Slack:                    inf
  Source:                 op_sel[2]
                            (input port)
  Destination:            division_by_zero
                            (output port)
  Path Group:             (none)
  Path Type:              Min at Fast Process Corner
  Data Path Delay:        3.626ns  (logic 1.351ns (37.272%)  route 2.274ns (62.728%))
  Logic Levels:           3  (IBUF=1 LUT4=1 OBUF=1)

    Location             Delay type                Incr(ns)  Path(ns)    Netlist Resource(s)
  -------------------------------------------------------------------    -------------------
    W21                                               0.000     0.000 f  op_sel[2] (IN)
                         net (fo=0)                   0.000     0.000    op_sel[2]
    W21                  IBUF (Prop_ibuf_I_O)         0.194     0.194 f  op_sel_IBUF[2]_inst/O
                         net (fo=38, routed)          0.947     1.141    division/op_sel_IBUF[2]
    SLICE_X83Y41         LUT4 (Prop_lut4_I3_O)        0.045     1.186 r  division/division_by_zero_OBUF_inst_i_1/O
                         net (fo=1, routed)           1.327     2.513    division_by_zero_OBUF
    U14                  OBUF (Prop_obuf_I_O)         1.112     3.626 r  division_by_zero_OBUF_inst/O
                         net (fo=0)                   0.000     3.626    division_by_zero
    U14                                                               r  division_by_zero (OUT)
  -------------------------------------------------------------------    -------------------

Slack:                    inf
  Source:                 op_sel[2]
                            (input port)
  Destination:            out[26]
                            (output port)
  Path Group:             (none)
  Path Type:              Min at Fast Process Corner
  Data Path Delay:        3.898ns  (logic 1.394ns (35.766%)  route 2.504ns (64.234%))
  Logic Levels:           3  (IBUF=1 LUT6=1 OBUF=1)

    Location             Delay type                Incr(ns)  Path(ns)    Netlist Resource(s)
  -------------------------------------------------------------------    -------------------
    W21                                               0.000     0.000 r  op_sel[2] (IN)
                         net (fo=0)                   0.000     0.000    op_sel[2]
    W21                  IBUF (Prop_ibuf_I_O)         0.194     0.194 r  op_sel_IBUF[2]_inst/O
                         net (fo=38, routed)          1.351     1.545    max/op_sel_IBUF[2]
    SLICE_X65Y41         LUT6 (Prop_lut6_I4_O)        0.045     1.590 r  max/out_OBUF[26]_inst_i_1/O
                         net (fo=1, routed)           1.153     2.743    out_OBUF[26]
    Y9                   OBUF (Prop_obuf_I_O)         1.155     3.898 r  out_OBUF[26]_inst/O
                         net (fo=0)                   0.000     3.898    out[26]
    Y9                                                                r  out[26] (OUT)
  -------------------------------------------------------------------    -------------------

Slack:                    inf
  Source:                 op_sel[1]
                            (input port)
  Destination:            invalid_operation
                            (output port)
  Path Group:             (none)
  Path Type:              Min at Fast Process Corner
  Data Path Delay:        3.901ns  (logic 1.490ns (38.203%)  route 2.411ns (61.797%))
  Logic Levels:           4  (IBUF=1 LUT6=1 MUXF7=1 OBUF=1)

    Location             Delay type                Incr(ns)  Path(ns)    Netlist Resource(s)
  -------------------------------------------------------------------    -------------------
    U20                                               0.000     0.000 r  op_sel[1] (IN)
                         net (fo=0)                   0.000     0.000    op_sel[1]
    U20                  IBUF (Prop_ibuf_I_O)         0.174     0.174 r  op_sel_IBUF[1]_inst/O
                         net (fo=75, routed)          1.018     1.192    sqrt/op_sel_IBUF[1]
    SLICE_X83Y43         LUT6 (Prop_lut6_I2_O)        0.045     1.237 r  sqrt/invalid_operation_OBUF_inst_i_2/O
                         net (fo=1, routed)           0.000     1.237    sqrt/invalid_operation_OBUF_inst_i_2_n_0
    SLICE_X83Y43         MUXF7 (Prop_muxf7_I0_O)      0.062     1.299 r  sqrt/invalid_operation_OBUF_inst_i_1/O
                         net (fo=1, routed)           1.393     2.692    invalid_operation_OBUF
    AB14                 OBUF (Prop_obuf_I_O)         1.209     3.901 r  invalid_operation_OBUF_inst/O
                         net (fo=0)                   0.000     3.901    invalid_operation
    AB14                                                              r  invalid_operation (OUT)
  -------------------------------------------------------------------    -------------------

Slack:                    inf
  Source:                 op_sel[2]
                            (input port)
  Destination:            inexact
                            (output port)
  Path Group:             (none)
  Path Type:              Min at Fast Process Corner
  Data Path Delay:        3.919ns  (logic 1.377ns (35.132%)  route 2.542ns (64.868%))
  Logic Levels:           3  (IBUF=1 LUT5=1 OBUF=1)

    Location             Delay type                Incr(ns)  Path(ns)    Netlist Resource(s)
  -------------------------------------------------------------------    -------------------
    W21                                               0.000     0.000 r  op_sel[2] (IN)
                         net (fo=0)                   0.000     0.000    op_sel[2]
    W21                  IBUF (Prop_ibuf_I_O)         0.194     0.194 r  op_sel_IBUF[2]_inst/O
                         net (fo=38, routed)          1.312     1.506    fused_mult_add/op_sel_IBUF[2]
    SLICE_X71Y39         LUT5 (Prop_lut5_I3_O)        0.045     1.551 r  fused_mult_add/inexact_OBUF_inst_i_1/O
                         net (fo=1, routed)           1.230     2.781    inexact_OBUF
    AB15                 OBUF (Prop_obuf_I_O)         1.138     3.919 r  inexact_OBUF_inst/O
                         net (fo=0)                   0.000     3.919    inexact
    AB15                                                              r  inexact (OUT)
  -------------------------------------------------------------------    -------------------

Slack:                    inf
  Source:                 op_sel[2]
                            (input port)
  Destination:            out[18]
                            (output port)
  Path Group:             (none)
  Path Type:              Min at Fast Process Corner
  Data Path Delay:        3.986ns  (logic 1.385ns (34.736%)  route 2.601ns (65.264%))
  Logic Levels:           3  (IBUF=1 LUT6=1 OBUF=1)

    Location             Delay type                Incr(ns)  Path(ns)    Netlist Resource(s)
  -------------------------------------------------------------------    -------------------
    W21                                               0.000     0.000 r  op_sel[2] (IN)
                         net (fo=0)                   0.000     0.000    op_sel[2]
    W21                  IBUF (Prop_ibuf_I_O)         0.194     0.194 r  op_sel_IBUF[2]_inst/O
                         net (fo=38, routed)          1.402     1.597    max/op_sel_IBUF[2]
    SLICE_X60Y40         LUT6 (Prop_lut6_I4_O)        0.045     1.642 r  max/out_OBUF[18]_inst_i_1/O
                         net (fo=1, routed)           1.199     2.841    out_OBUF[18]
    AB5                  OBUF (Prop_obuf_I_O)         1.145     3.986 r  out_OBUF[18]_inst/O
                         net (fo=0)                   0.000     3.986    out[18]
    AB5                                                               r  out[18] (OUT)
  -------------------------------------------------------------------    -------------------

Slack:                    inf
  Source:                 op_sel[2]
                            (input port)
  Destination:            underflow
                            (output port)
  Path Group:             (none)
  Path Type:              Min at Fast Process Corner
  Data Path Delay:        4.148ns  (logic 1.375ns (33.151%)  route 2.773ns (66.849%))
  Logic Levels:           3  (IBUF=1 LUT5=1 OBUF=1)

    Location             Delay type                Incr(ns)  Path(ns)    Netlist Resource(s)
  -------------------------------------------------------------------    -------------------
    W21                                               0.000     0.000 r  op_sel[2] (IN)
                         net (fo=0)                   0.000     0.000    op_sel[2]
    W21                  IBUF (Prop_ibuf_I_O)         0.194     0.194 r  op_sel_IBUF[2]_inst/O
                         net (fo=38, routed)          1.307     1.501    fused_mult_add/op_sel_IBUF[2]
    SLICE_X71Y40         LUT5 (Prop_lut5_I3_O)        0.045     1.546 r  fused_mult_add/underflow_OBUF_inst_i_1/O
                         net (fo=1, routed)           1.466     3.012    underflow_OBUF
    Y13                  OBUF (Prop_obuf_I_O)         1.136     4.148 r  underflow_OBUF_inst/O
                         net (fo=0)                   0.000     4.148    underflow
    Y13                                                               r  underflow (OUT)
  -------------------------------------------------------------------    -------------------

Slack:                    inf
  Source:                 op_sel[2]
                            (input port)
  Destination:            out[8]
                            (output port)
  Path Group:             (none)
  Path Type:              Min at Fast Process Corner
  Data Path Delay:        4.154ns  (logic 1.340ns (32.249%)  route 2.815ns (67.751%))
  Logic Levels:           3  (IBUF=1 LUT6=1 OBUF=1)

    Location             Delay type                Incr(ns)  Path(ns)    Netlist Resource(s)
  -------------------------------------------------------------------    -------------------
    W21                                               0.000     0.000 r  op_sel[2] (IN)
                         net (fo=0)                   0.000     0.000    op_sel[2]
    W21                  IBUF (Prop_ibuf_I_O)         0.194     0.194 r  op_sel_IBUF[2]_inst/O
                         net (fo=38, routed)          1.345     1.539    max/op_sel_IBUF[2]
    SLICE_X62Y41         LUT6 (Prop_lut6_I4_O)        0.045     1.584 r  max/out_OBUF[8]_inst_i_1/O
                         net (fo=1, routed)           1.469     3.054    out_OBUF[8]
    V5                   OBUF (Prop_obuf_I_O)         1.101     4.154 r  out_OBUF[8]_inst/O
                         net (fo=0)                   0.000     4.154    out[8]
    V5                                                                r  out[8] (OUT)
  -------------------------------------------------------------------    -------------------

Slack:                    inf
  Source:                 op_sel[2]
                            (input port)
  Destination:            out[31]
                            (output port)
  Path Group:             (none)
  Path Type:              Min at Fast Process Corner
  Data Path Delay:        4.194ns  (logic 1.421ns (33.876%)  route 2.773ns (66.124%))
  Logic Levels:           3  (IBUF=1 LUT6=1 OBUF=1)

    Location             Delay type                Incr(ns)  Path(ns)    Netlist Resource(s)
  -------------------------------------------------------------------    -------------------
    W21                                               0.000     0.000 r  op_sel[2] (IN)
                         net (fo=0)                   0.000     0.000    op_sel[2]
    W21                  IBUF (Prop_ibuf_I_O)         0.194     0.194 r  op_sel_IBUF[2]_inst/O
                         net (fo=38, routed)          1.248     1.442    max/op_sel_IBUF[2]
    SLICE_X66Y41         LUT6 (Prop_lut6_I4_O)        0.045     1.487 r  max/out_OBUF[31]_inst_i_1/O
                         net (fo=1, routed)           1.525     3.012    out_OBUF[31]
    AB9                  OBUF (Prop_obuf_I_O)         1.181     4.194 r  out_OBUF[31]_inst/O
                         net (fo=0)                   0.000     4.194    out[31]
    AB9                                                               r  out[31] (OUT)
  -------------------------------------------------------------------    -------------------

Slack:                    inf
  Source:                 op_sel[2]
                            (input port)
  Destination:            out[0]
                            (output port)
  Path Group:             (none)
  Path Type:              Min at Fast Process Corner
  Data Path Delay:        4.318ns  (logic 1.437ns (33.282%)  route 2.881ns (66.718%))
  Logic Levels:           3  (IBUF=1 MUXF7=1 OBUF=1)

    Location             Delay type                Incr(ns)  Path(ns)    Netlist Resource(s)
  -------------------------------------------------------------------    -------------------
    W21                                               0.000     0.000 r  op_sel[2] (IN)
                         net (fo=0)                   0.000     0.000    op_sel[2]
    W21                  IBUF (Prop_ibuf_I_O)         0.194     0.194 r  op_sel_IBUF[2]_inst/O
                         net (fo=38, routed)          1.202     1.396    sqrt/op_sel_IBUF[2]
    SLICE_X69Y43         MUXF7 (Prop_muxf7_S_O)       0.085     1.481 r  sqrt/out_OBUF[0]_inst_i_1/O
                         net (fo=1, routed)           1.679     3.160    out_OBUF[0]
    U7                   OBUF (Prop_obuf_I_O)         1.158     4.318 r  out_OBUF[0]_inst/O
                         net (fo=0)                   0.000     4.318    out[0]
    U7                                                                r  out[0] (OUT)
  -------------------------------------------------------------------    -------------------





--------------------------------------------------------------------------------------
Path Group:  (none)
From Clock:  sys_clk
  To Clock:  

Max Delay            38 Endpoints
Min Delay            38 Endpoints
--------------------------------------------------------------------------------------


Max Delay Paths
--------------------------------------------------------------------------------------
Slack:                    inf
  Source:                 sqrt/out_reg[9]/C
                            (rising edge-triggered cell FDCE clocked by sys_clk  {rise@0.000ns fall@5.000ns period=10.000ns})
  Destination:            out[9]
                            (output port)
  Path Group:             (none)
  Path Type:              Max at Slow Process Corner
  Data Path Delay:        10.499ns  (logic 3.354ns (31.946%)  route 7.145ns (68.054%))
  Logic Levels:           3  (LUT6=2 OBUF=1)
  Clock Uncertainty:      0.025ns  ((TSJ^2 + TIJ^2)^1/2 + DJ) / 2 + PE
    Total System Jitter     (TSJ):    0.050ns
    Total Input Jitter      (TIJ):    0.000ns
    Discrete Jitter          (DJ):    0.000ns
    Phase Error              (PE):    0.000ns

    Location             Delay type                Incr(ns)  Path(ns)    Netlist Resource(s)
  -------------------------------------------------------------------    -------------------
                         (clock sys_clk rise edge)    0.000     0.000 r  
    Y19                                               0.000     0.000 r  clk (IN)
                         net (fo=0)                   0.000     0.000    clk
    Y19                  IBUF (Prop_ibuf_I_O)         0.984     0.984 r  clk_IBUF_inst/O
                         net (fo=1, routed)           2.205     3.189    clk_IBUF
    BUFGCTRL_X0Y0        BUFG (Prop_bufg_I_O)         0.101     3.290 r  clk_IBUF_BUFG_inst/O
                         net (fo=3231, routed)        1.796     5.086    sqrt/clk_IBUF_BUFG
    SLICE_X90Y42         FDCE                                         r  sqrt/out_reg[9]/C
  -------------------------------------------------------------------    -------------------
    SLICE_X90Y42         FDCE (Prop_fdce_C_Q)         0.518     5.604 r  sqrt/out_reg[9]/Q
                         net (fo=1, routed)           1.346     6.949    sqrt/out_sqrt[9]
    SLICE_X66Y40         LUT6 (Prop_lut6_I0_O)        0.124     7.073 r  sqrt/out_OBUF[9]_inst_i_2/O
                         net (fo=1, routed)           1.087     8.160    max/out[9]
    SLICE_X60Y43         LUT6 (Prop_lut6_I5_O)        0.124     8.284 r  max/out_OBUF[9]_inst_i_1/O
                         net (fo=1, routed)           4.712    12.997    out_OBUF[9]
    U4                   OBUF (Prop_obuf_I_O)         2.588    15.585 r  out_OBUF[9]_inst/O
                         net (fo=0)                   0.000    15.585    out[9]
    U4                                                                r  out[9] (OUT)
  -------------------------------------------------------------------    -------------------

Slack:                    inf
  Source:                 sqrt/out_reg[5]/C
                            (rising edge-triggered cell FDCE clocked by sys_clk  {rise@0.000ns fall@5.000ns period=10.000ns})
  Destination:            out[5]
                            (output port)
  Path Group:             (none)
  Path Type:              Max at Slow Process Corner
  Data Path Delay:        10.490ns  (logic 3.284ns (31.301%)  route 7.207ns (68.699%))
  Logic Levels:           3  (LUT6=2 OBUF=1)
  Clock Uncertainty:      0.025ns  ((TSJ^2 + TIJ^2)^1/2 + DJ) / 2 + PE
    Total System Jitter     (TSJ):    0.050ns
    Total Input Jitter      (TIJ):    0.000ns
    Discrete Jitter          (DJ):    0.000ns
    Phase Error              (PE):    0.000ns

    Location             Delay type                Incr(ns)  Path(ns)    Netlist Resource(s)
  -------------------------------------------------------------------    -------------------
                         (clock sys_clk rise edge)    0.000     0.000 r  
    Y19                                               0.000     0.000 r  clk (IN)
                         net (fo=0)                   0.000     0.000    clk
    Y19                  IBUF (Prop_ibuf_I_O)         0.984     0.984 r  clk_IBUF_inst/O
                         net (fo=1, routed)           2.205     3.189    clk_IBUF
    BUFGCTRL_X0Y0        BUFG (Prop_bufg_I_O)         0.101     3.290 r  clk_IBUF_BUFG_inst/O
                         net (fo=3231, routed)        1.795     5.085    sqrt/clk_IBUF_BUFG
    SLICE_X91Y40         FDCE                                         r  sqrt/out_reg[5]/C
  -------------------------------------------------------------------    -------------------
    SLICE_X91Y40         FDCE (Prop_fdce_C_Q)         0.456     5.541 r  sqrt/out_reg[5]/Q
                         net (fo=1, routed)           1.326     6.867    sqrt/out_sqrt[5]
    SLICE_X70Y39         LUT6 (Prop_lut6_I0_O)        0.124     6.991 r  sqrt/out_OBUF[5]_inst_i_2/O
                         net (fo=1, routed)           1.128     8.119    max/out[5]
    SLICE_X61Y41         LUT6 (Prop_lut6_I5_O)        0.124     8.243 r  max/out_OBUF[5]_inst_i_1/O
                         net (fo=1, routed)           4.752    12.995    out_OBUF[5]
    U5                   OBUF (Prop_obuf_I_O)         2.580    15.575 r  out_OBUF[5]_inst/O
                         net (fo=0)                   0.000    15.575    out[5]
    U5                                                                r  out[5] (OUT)
  -------------------------------------------------------------------    -------------------

Slack:                    inf
  Source:                 sqrt/out_reg[2]/C
                            (rising edge-triggered cell FDCE clocked by sys_clk  {rise@0.000ns fall@5.000ns period=10.000ns})
  Destination:            out[2]
                            (output port)
  Path Group:             (none)
  Path Type:              Max at Slow Process Corner
  Data Path Delay:        10.515ns  (logic 3.302ns (31.404%)  route 7.213ns (68.596%))
  Logic Levels:           3  (LUT6=2 OBUF=1)
  Clock Uncertainty:      0.025ns  ((TSJ^2 + TIJ^2)^1/2 + DJ) / 2 + PE
    Total System Jitter     (TSJ):    0.050ns
    Total Input Jitter      (TIJ):    0.000ns
    Discrete Jitter          (DJ):    0.000ns
    Phase Error              (PE):    0.000ns

    Location             Delay type                Incr(ns)  Path(ns)    Netlist Resource(s)
  -------------------------------------------------------------------    -------------------
                         (clock sys_clk rise edge)    0.000     0.000 r  
    Y19                                               0.000     0.000 r  clk (IN)
                         net (fo=0)                   0.000     0.000    clk
    Y19                  IBUF (Prop_ibuf_I_O)         0.984     0.984 r  clk_IBUF_inst/O
                         net (fo=1, routed)           2.205     3.189    clk_IBUF
    BUFGCTRL_X0Y0        BUFG (Prop_bufg_I_O)         0.101     3.290 r  clk_IBUF_BUFG_inst/O
                         net (fo=3231, routed)        1.734     5.024    sqrt/clk_IBUF_BUFG
    SLICE_X89Y39         FDCE                                         r  sqrt/out_reg[2]/C
  -------------------------------------------------------------------    -------------------
    SLICE_X89Y39         FDCE (Prop_fdce_C_Q)         0.456     5.480 r  sqrt/out_reg[2]/Q
                         net (fo=1, routed)           1.338     6.818    sqrt/out_sqrt[2]
    SLICE_X68Y39         LUT6 (Prop_lut6_I0_O)        0.124     6.942 r  sqrt/out_OBUF[2]_inst_i_2/O
                         net (fo=1, routed)           1.126     8.068    max/out[2]
    SLICE_X58Y40         LUT6 (Prop_lut6_I5_O)        0.124     8.192 r  max/out_OBUF[2]_inst_i_1/O
                         net (fo=1, routed)           4.749    12.941    out_OBUF[2]
    W6                   OBUF (Prop_obuf_I_O)         2.598    15.539 r  out_OBUF[2]_inst/O
                         net (fo=0)                   0.000    15.539    out[2]
    W6                                                                r  out[2] (OUT)
  -------------------------------------------------------------------    -------------------

Slack:                    inf
  Source:                 sqrt/out_reg[17]/C
                            (rising edge-triggered cell FDCE clocked by sys_clk  {rise@0.000ns fall@5.000ns period=10.000ns})
  Destination:            out[17]
                            (output port)
  Path Group:             (none)
  Path Type:              Max at Slow Process Corner
  Data Path Delay:        10.312ns  (logic 3.395ns (32.926%)  route 6.917ns (67.074%))
  Logic Levels:           3  (LUT6=2 OBUF=1)
  Clock Uncertainty:      0.025ns  ((TSJ^2 + TIJ^2)^1/2 + DJ) / 2 + PE
    Total System Jitter     (TSJ):    0.050ns
    Total Input Jitter      (TIJ):    0.000ns
    Discrete Jitter          (DJ):    0.000ns
    Phase Error              (PE):    0.000ns

    Location             Delay type                Incr(ns)  Path(ns)    Netlist Resource(s)
  -------------------------------------------------------------------    -------------------
                         (clock sys_clk rise edge)    0.000     0.000 r  
    Y19                                               0.000     0.000 r  clk (IN)
                         net (fo=0)                   0.000     0.000    clk
    Y19                  IBUF (Prop_ibuf_I_O)         0.984     0.984 r  clk_IBUF_inst/O
                         net (fo=1, routed)           2.205     3.189    clk_IBUF
    BUFGCTRL_X0Y0        BUFG (Prop_bufg_I_O)         0.101     3.290 r  clk_IBUF_BUFG_inst/O
                         net (fo=3231, routed)        1.796     5.086    sqrt/clk_IBUF_BUFG
    SLICE_X90Y42         FDCE                                         r  sqrt/out_reg[17]/C
  -------------------------------------------------------------------    -------------------
    SLICE_X90Y42         FDCE (Prop_fdce_C_Q)         0.518     5.604 r  sqrt/out_reg[17]/Q
                         net (fo=1, routed)           1.592     7.196    sqrt/out_sqrt[17]
    SLICE_X67Y40         LUT6 (Prop_lut6_I0_O)        0.124     7.320 r  sqrt/out_OBUF[17]_inst_i_2/O
                         net (fo=1, routed)           0.986     8.306    max/out[17]
    SLICE_X57Y41         LUT6 (Prop_lut6_I5_O)        0.124     8.430 r  max/out_OBUF[17]_inst_i_1/O
                         net (fo=1, routed)           4.339    12.768    out_OBUF[17]
    AB4                  OBUF (Prop_obuf_I_O)         2.629    15.398 r  out_OBUF[17]_inst/O
                         net (fo=0)                   0.000    15.398    out[17]
    AB4                                                               r  out[17] (OUT)
  -------------------------------------------------------------------    -------------------

Slack:                    inf
  Source:                 sqrt/out_reg[16]/C
                            (rising edge-triggered cell FDCE clocked by sys_clk  {rise@0.000ns fall@5.000ns period=10.000ns})
  Destination:            out[16]
                            (output port)
  Path Group:             (none)
  Path Type:              Max at Slow Process Corner
  Data Path Delay:        10.187ns  (logic 3.347ns (32.855%)  route 6.840ns (67.145%))
  Logic Levels:           3  (LUT6=2 OBUF=1)
  Clock Uncertainty:      0.025ns  ((TSJ^2 + TIJ^2)^1/2 + DJ) / 2 + PE
    Total System Jitter     (TSJ):    0.050ns
    Total Input Jitter      (TIJ):    0.000ns
    Discrete Jitter          (DJ):    0.000ns
    Phase Error              (PE):    0.000ns

    Location             Delay type                Incr(ns)  Path(ns)    Netlist Resource(s)
  -------------------------------------------------------------------    -------------------
                         (clock sys_clk rise edge)    0.000     0.000 r  
    Y19                                               0.000     0.000 r  clk (IN)
                         net (fo=0)                   0.000     0.000    clk
    Y19                  IBUF (Prop_ibuf_I_O)         0.984     0.984 r  clk_IBUF_inst/O
                         net (fo=1, routed)           2.205     3.189    clk_IBUF
    BUFGCTRL_X0Y0        BUFG (Prop_bufg_I_O)         0.101     3.290 r  clk_IBUF_BUFG_inst/O
                         net (fo=3231, routed)        1.795     5.085    sqrt/clk_IBUF_BUFG
    SLICE_X91Y40         FDCE                                         r  sqrt/out_reg[16]/C
  -------------------------------------------------------------------    -------------------
    SLICE_X91Y40         FDCE (Prop_fdce_C_Q)         0.456     5.541 r  sqrt/out_reg[16]/Q
                         net (fo=1, routed)           1.364     6.905    sqrt/out_sqrt[16]
    SLICE_X68Y40         LUT6 (Prop_lut6_I0_O)        0.124     7.029 r  sqrt/out_OBUF[16]_inst_i_2/O
                         net (fo=1, routed)           1.135     8.164    max/out[16]
    SLICE_X57Y41         LUT6 (Prop_lut6_I5_O)        0.124     8.288 r  max/out_OBUF[16]_inst_i_1/O
                         net (fo=1, routed)           4.341    12.629    out_OBUF[16]
    AB7                  OBUF (Prop_obuf_I_O)         2.643    15.272 r  out_OBUF[16]_inst/O
                         net (fo=0)                   0.000    15.272    out[16]
    AB7                                                               r  out[16] (OUT)
  -------------------------------------------------------------------    -------------------

Slack:                    inf
  Source:                 sqrt/out_reg[7]/C
                            (rising edge-triggered cell FDCE clocked by sys_clk  {rise@0.000ns fall@5.000ns period=10.000ns})
  Destination:            out[7]
                            (output port)
  Path Group:             (none)
  Path Type:              Max at Slow Process Corner
  Data Path Delay:        10.180ns  (logic 3.291ns (32.333%)  route 6.888ns (67.667%))
  Logic Levels:           3  (LUT6=2 OBUF=1)
  Clock Uncertainty:      0.025ns  ((TSJ^2 + TIJ^2)^1/2 + DJ) / 2 + PE
    Total System Jitter     (TSJ):    0.050ns
    Total Input Jitter      (TIJ):    0.000ns
    Discrete Jitter          (DJ):    0.000ns
    Phase Error              (PE):    0.000ns

    Location             Delay type                Incr(ns)  Path(ns)    Netlist Resource(s)
  -------------------------------------------------------------------    -------------------
                         (clock sys_clk rise edge)    0.000     0.000 r  
    Y19                                               0.000     0.000 r  clk (IN)
                         net (fo=0)                   0.000     0.000    clk
    Y19                  IBUF (Prop_ibuf_I_O)         0.984     0.984 r  clk_IBUF_inst/O
                         net (fo=1, routed)           2.205     3.189    clk_IBUF
    BUFGCTRL_X0Y0        BUFG (Prop_bufg_I_O)         0.101     3.290 r  clk_IBUF_BUFG_inst/O
                         net (fo=3231, routed)        1.796     5.086    sqrt/clk_IBUF_BUFG
    SLICE_X91Y42         FDCE                                         r  sqrt/out_reg[7]/C
  -------------------------------------------------------------------    -------------------
    SLICE_X91Y42         FDCE (Prop_fdce_C_Q)         0.456     5.542 r  sqrt/out_reg[7]/Q
                         net (fo=1, routed)           1.666     7.207    sqrt/out_sqrt[7]
    SLICE_X69Y40         LUT6 (Prop_lut6_I0_O)        0.124     7.331 r  sqrt/out_OBUF[7]_inst_i_2/O
                         net (fo=1, routed)           0.500     7.832    max/out[7]
    SLICE_X58Y40         LUT6 (Prop_lut6_I5_O)        0.124     7.956 r  max/out_OBUF[7]_inst_i_1/O
                         net (fo=1, routed)           4.722    12.678    out_OBUF[7]
    V4                   OBUF (Prop_obuf_I_O)         2.587    15.266 r  out_OBUF[7]_inst/O
                         net (fo=0)                   0.000    15.266    out[7]
    V4                                                                r  out[7] (OUT)
  -------------------------------------------------------------------    -------------------

Slack:                    inf
  Source:                 sqrt/out_reg[8]/C
                            (rising edge-triggered cell FDCE clocked by sys_clk  {rise@0.000ns fall@5.000ns period=10.000ns})
  Destination:            out[8]
                            (output port)
  Path Group:             (none)
  Path Type:              Max at Slow Process Corner
  Data Path Delay:        10.144ns  (logic 3.287ns (32.406%)  route 6.857ns (67.594%))
  Logic Levels:           3  (LUT6=2 OBUF=1)
  Clock Uncertainty:      0.025ns  ((TSJ^2 + TIJ^2)^1/2 + DJ) / 2 + PE
    Total System Jitter     (TSJ):    0.050ns
    Total Input Jitter      (TIJ):    0.000ns
    Discrete Jitter          (DJ):    0.000ns
    Phase Error              (PE):    0.000ns

    Location             Delay type                Incr(ns)  Path(ns)    Netlist Resource(s)
  -------------------------------------------------------------------    -------------------
                         (clock sys_clk rise edge)    0.000     0.000 r  
    Y19                                               0.000     0.000 r  clk (IN)
                         net (fo=0)                   0.000     0.000    clk
    Y19                  IBUF (Prop_ibuf_I_O)         0.984     0.984 r  clk_IBUF_inst/O
                         net (fo=1, routed)           2.205     3.189    clk_IBUF
    BUFGCTRL_X0Y0        BUFG (Prop_bufg_I_O)         0.101     3.290 r  clk_IBUF_BUFG_inst/O
                         net (fo=3231, routed)        1.796     5.086    sqrt/clk_IBUF_BUFG
    SLICE_X91Y42         FDCE                                         r  sqrt/out_reg[8]/C
  -------------------------------------------------------------------    -------------------
    SLICE_X91Y42         FDCE (Prop_fdce_C_Q)         0.456     5.542 r  sqrt/out_reg[8]/Q
                         net (fo=1, routed)           1.650     7.192    sqrt/out_sqrt[8]
    SLICE_X67Y39         LUT6 (Prop_lut6_I0_O)        0.124     7.316 r  sqrt/out_OBUF[8]_inst_i_2/O
                         net (fo=1, routed)           1.113     8.429    max/out[8]
    SLICE_X62Y41         LUT6 (Prop_lut6_I5_O)        0.124     8.553 r  max/out_OBUF[8]_inst_i_1/O
                         net (fo=1, routed)           4.093    12.646    out_OBUF[8]
    V5                   OBUF (Prop_obuf_I_O)         2.583    15.230 r  out_OBUF[8]_inst/O
                         net (fo=0)                   0.000    15.230    out[8]
    V5                                                                r  out[8] (OUT)
  -------------------------------------------------------------------    -------------------

Slack:                    inf
  Source:                 addsub/out_reg[12]/C
                            (rising edge-triggered cell FDCE clocked by sys_clk  {rise@0.000ns fall@5.000ns period=10.000ns})
  Destination:            out[12]
                            (output port)
  Path Group:             (none)
  Path Type:              Max at Slow Process Corner
  Data Path Delay:        10.124ns  (logic 3.323ns (32.818%)  route 6.802ns (67.182%))
  Logic Levels:           3  (LUT6=2 OBUF=1)
  Clock Uncertainty:      0.025ns  ((TSJ^2 + TIJ^2)^1/2 + DJ) / 2 + PE
    Total System Jitter     (TSJ):    0.050ns
    Total Input Jitter      (TIJ):    0.000ns
    Discrete Jitter          (DJ):    0.000ns
    Phase Error              (PE):    0.000ns

    Location             Delay type                Incr(ns)  Path(ns)    Netlist Resource(s)
  -------------------------------------------------------------------    -------------------
                         (clock sys_clk rise edge)    0.000     0.000 r  
    Y19                                               0.000     0.000 r  clk (IN)
                         net (fo=0)                   0.000     0.000    clk
    Y19                  IBUF (Prop_ibuf_I_O)         0.984     0.984 r  clk_IBUF_inst/O
                         net (fo=1, routed)           2.205     3.189    clk_IBUF
    BUFGCTRL_X0Y0        BUFG (Prop_bufg_I_O)         0.101     3.290 r  clk_IBUF_BUFG_inst/O
                         net (fo=3231, routed)        1.733     5.023    addsub/clk_IBUF_BUFG
    SLICE_X80Y40         FDCE                                         r  addsub/out_reg[12]/C
  -------------------------------------------------------------------    -------------------
    SLICE_X80Y40         FDCE (Prop_fdce_C_Q)         0.456     5.479 r  addsub/out_reg[12]/Q
                         net (fo=1, routed)           1.298     6.777    sqrt/out_OBUF[31]_inst_i_1_0[12]
    SLICE_X67Y41         LUT6 (Prop_lut6_I5_O)        0.124     6.901 r  sqrt/out_OBUF[12]_inst_i_2/O
                         net (fo=1, routed)           0.979     7.880    max/out[12]
    SLICE_X56Y41         LUT6 (Prop_lut6_I5_O)        0.124     8.004 r  max/out_OBUF[12]_inst_i_1/O
                         net (fo=1, routed)           4.524    12.528    out_OBUF[12]
    R6                   OBUF (Prop_obuf_I_O)         2.619    15.147 r  out_OBUF[12]_inst/O
                         net (fo=0)                   0.000    15.147    out[12]
    R6                                                                r  out[12] (OUT)
  -------------------------------------------------------------------    -------------------

Slack:                    inf
  Source:                 sqrt/out_reg[15]/C
                            (rising edge-triggered cell FDCE clocked by sys_clk  {rise@0.000ns fall@5.000ns period=10.000ns})
  Destination:            out[15]
                            (output port)
  Path Group:             (none)
  Path Type:              Max at Slow Process Corner
  Data Path Delay:        10.119ns  (logic 3.338ns (32.993%)  route 6.780ns (67.007%))
  Logic Levels:           3  (LUT6=2 OBUF=1)
  Clock Uncertainty:      0.025ns  ((TSJ^2 + TIJ^2)^1/2 + DJ) / 2 + PE
    Total System Jitter     (TSJ):    0.050ns
    Total Input Jitter      (TIJ):    0.000ns
    Discrete Jitter          (DJ):    0.000ns
    Phase Error              (PE):    0.000ns

    Location             Delay type                Incr(ns)  Path(ns)    Netlist Resource(s)
  -------------------------------------------------------------------    -------------------
                         (clock sys_clk rise edge)    0.000     0.000 r  
    Y19                                               0.000     0.000 r  clk (IN)
                         net (fo=0)                   0.000     0.000    clk
    Y19                  IBUF (Prop_ibuf_I_O)         0.984     0.984 r  clk_IBUF_inst/O
                         net (fo=1, routed)           2.205     3.189    clk_IBUF
    BUFGCTRL_X0Y0        BUFG (Prop_bufg_I_O)         0.101     3.290 r  clk_IBUF_BUFG_inst/O
                         net (fo=3231, routed)        1.734     5.024    sqrt/clk_IBUF_BUFG
    SLICE_X88Y40         FDCE                                         r  sqrt/out_reg[15]/C
  -------------------------------------------------------------------    -------------------
    SLICE_X88Y40         FDCE (Prop_fdce_C_Q)         0.456     5.480 r  sqrt/out_reg[15]/Q
                         net (fo=1, routed)           1.456     6.936    sqrt/out_sqrt[15]
    SLICE_X68Y40         LUT6 (Prop_lut6_I0_O)        0.124     7.060 r  sqrt/out_OBUF[15]_inst_i_2/O
                         net (fo=1, routed)           0.819     7.879    max/out[15]
    SLICE_X60Y41         LUT6 (Prop_lut6_I5_O)        0.124     8.003 r  max/out_OBUF[15]_inst_i_1/O
                         net (fo=1, routed)           4.505    12.508    out_OBUF[15]
    AB6                  OBUF (Prop_obuf_I_O)         2.634    15.142 r  out_OBUF[15]_inst/O
                         net (fo=0)                   0.000    15.142    out[15]
    AB6                                                               r  out[15] (OUT)
  -------------------------------------------------------------------    -------------------

Slack:                    inf
  Source:                 sqrt/out_reg[1]/C
                            (rising edge-triggered cell FDCE clocked by sys_clk  {rise@0.000ns fall@5.000ns period=10.000ns})
  Destination:            out[1]
                            (output port)
  Path Group:             (none)
  Path Type:              Max at Slow Process Corner
  Data Path Delay:        10.050ns  (logic 3.302ns (32.860%)  route 6.747ns (67.140%))
  Logic Levels:           3  (LUT6=2 OBUF=1)
  Clock Uncertainty:      0.025ns  ((TSJ^2 + TIJ^2)^1/2 + DJ) / 2 + PE
    Total System Jitter     (TSJ):    0.050ns
    Total Input Jitter      (TIJ):    0.000ns
    Discrete Jitter          (DJ):    0.000ns
    Phase Error              (PE):    0.000ns

    Location             Delay type                Incr(ns)  Path(ns)    Netlist Resource(s)
  -------------------------------------------------------------------    -------------------
                         (clock sys_clk rise edge)    0.000     0.000 r  
    Y19                                               0.000     0.000 r  clk (IN)
                         net (fo=0)                   0.000     0.000    clk
    Y19                  IBUF (Prop_ibuf_I_O)         0.984     0.984 r  clk_IBUF_inst/O
                         net (fo=1, routed)           2.205     3.189    clk_IBUF
    BUFGCTRL_X0Y0        BUFG (Prop_bufg_I_O)         0.101     3.290 r  clk_IBUF_BUFG_inst/O
                         net (fo=3231, routed)        1.734     5.024    sqrt/clk_IBUF_BUFG
    SLICE_X89Y39         FDCE                                         r  sqrt/out_reg[1]/C
  -------------------------------------------------------------------    -------------------
    SLICE_X89Y39         FDCE (Prop_fdce_C_Q)         0.456     5.480 r  sqrt/out_reg[1]/Q
                         net (fo=1, routed)           1.481     6.961    sqrt/out_sqrt[1]
    SLICE_X68Y39         LUT6 (Prop_lut6_I0_O)        0.124     7.085 r  sqrt/out_OBUF[1]_inst_i_2/O
                         net (fo=1, routed)           0.483     7.567    max/out[1]
    SLICE_X60Y41         LUT6 (Prop_lut6_I5_O)        0.124     7.691 r  max/out_OBUF[1]_inst_i_1/O
                         net (fo=1, routed)           4.784    12.475    out_OBUF[1]
    W5                   OBUF (Prop_obuf_I_O)         2.598    15.073 r  out_OBUF[1]_inst/O
                         net (fo=0)                   0.000    15.073    out[1]
    W5                                                                r  out[1] (OUT)
  -------------------------------------------------------------------    -------------------





Min Delay Paths
--------------------------------------------------------------------------------------
Slack:                    inf
  Source:                 max/out_reg[18]/C
                            (rising edge-triggered cell FDCE clocked by sys_clk  {rise@0.000ns fall@5.000ns period=10.000ns})
  Destination:            out[18]
                            (output port)
  Path Group:             (none)
  Path Type:              Min at Fast Process Corner
  Data Path Delay:        2.734ns  (logic 1.331ns (48.706%)  route 1.402ns (51.294%))
  Logic Levels:           2  (LUT6=1 OBUF=1)
  Clock Uncertainty:      0.025ns  ((TSJ^2 + TIJ^2)^1/2 + DJ) / 2 + PE
    Total System Jitter     (TSJ):    0.050ns
    Total Input Jitter      (TIJ):    0.000ns
    Discrete Jitter          (DJ):    0.000ns
    Phase Error              (PE):    0.000ns

    Location             Delay type                Incr(ns)  Path(ns)    Netlist Resource(s)
  -------------------------------------------------------------------    -------------------
                         (clock sys_clk rise edge)    0.000     0.000 r  
    Y19                                               0.000     0.000 r  clk (IN)
                         net (fo=0)                   0.000     0.000    clk
    Y19                  IBUF (Prop_ibuf_I_O)         0.212     0.212 r  clk_IBUF_inst/O
                         net (fo=1, routed)           0.674     0.886    clk_IBUF
    BUFGCTRL_X0Y0        BUFG (Prop_bufg_I_O)         0.026     0.912 r  clk_IBUF_BUFG_inst/O
                         net (fo=3231, routed)        0.582     1.494    max/clk_IBUF_BUFG
    SLICE_X63Y40         FDCE                                         r  max/out_reg[18]/C
  -------------------------------------------------------------------    -------------------
    SLICE_X63Y40         FDCE (Prop_fdce_C_Q)         0.141     1.635 r  max/out_reg[18]/Q
                         net (fo=1, routed)           0.203     1.838    max/out_max[18]
    SLICE_X60Y40         LUT6 (Prop_lut6_I0_O)        0.045     1.883 r  max/out_OBUF[18]_inst_i_1/O
                         net (fo=1, routed)           1.199     3.082    out_OBUF[18]
    AB5                  OBUF (Prop_obuf_I_O)         1.145     4.228 r  out_OBUF[18]_inst/O
                         net (fo=0)                   0.000     4.228    out[18]
    AB5                                                               r  out[18] (OUT)
  -------------------------------------------------------------------    -------------------

Slack:                    inf
  Source:                 max/out_reg[26]/C
                            (rising edge-triggered cell FDCE clocked by sys_clk  {rise@0.000ns fall@5.000ns period=10.000ns})
  Destination:            out[26]
                            (output port)
  Path Group:             (none)
  Path Type:              Min at Fast Process Corner
  Data Path Delay:        2.777ns  (logic 1.341ns (48.285%)  route 1.436ns (51.715%))
  Logic Levels:           2  (LUT6=1 OBUF=1)
  Clock Uncertainty:      0.025ns  ((TSJ^2 + TIJ^2)^1/2 + DJ) / 2 + PE
    Total System Jitter     (TSJ):    0.050ns
    Total Input Jitter      (TIJ):    0.000ns
    Discrete Jitter          (DJ):    0.000ns
    Phase Error              (PE):    0.000ns

    Location             Delay type                Incr(ns)  Path(ns)    Netlist Resource(s)
  -------------------------------------------------------------------    -------------------
                         (clock sys_clk rise edge)    0.000     0.000 r  
    Y19                                               0.000     0.000 r  clk (IN)
                         net (fo=0)                   0.000     0.000    clk
    Y19                  IBUF (Prop_ibuf_I_O)         0.212     0.212 r  clk_IBUF_inst/O
                         net (fo=1, routed)           0.674     0.886    clk_IBUF
    BUFGCTRL_X0Y0        BUFG (Prop_bufg_I_O)         0.026     0.912 r  clk_IBUF_BUFG_inst/O
                         net (fo=3231, routed)        0.585     1.497    max/clk_IBUF_BUFG
    SLICE_X72Y41         FDCE                                         r  max/out_reg[26]/C
  -------------------------------------------------------------------    -------------------
    SLICE_X72Y41         FDCE (Prop_fdce_C_Q)         0.141     1.638 r  max/out_reg[26]/Q
                         net (fo=1, routed)           0.284     1.922    max/out_max[26]
    SLICE_X65Y41         LUT6 (Prop_lut6_I0_O)        0.045     1.967 r  max/out_OBUF[26]_inst_i_1/O
                         net (fo=1, routed)           1.153     3.119    out_OBUF[26]
    Y9                   OBUF (Prop_obuf_I_O)         1.155     4.274 r  out_OBUF[26]_inst/O
                         net (fo=0)                   0.000     4.274    out[26]
    Y9                                                                r  out[26] (OUT)
  -------------------------------------------------------------------    -------------------

Slack:                    inf
  Source:                 division/division_by_zero_reg/C
                            (rising edge-triggered cell FDCE clocked by sys_clk  {rise@0.000ns fall@5.000ns period=10.000ns})
  Destination:            division_by_zero
                            (output port)
  Path Group:             (none)
  Path Type:              Min at Fast Process Corner
  Data Path Delay:        2.783ns  (logic 1.298ns (46.639%)  route 1.485ns (53.361%))
  Logic Levels:           2  (LUT4=1 OBUF=1)
  Clock Uncertainty:      0.025ns  ((TSJ^2 + TIJ^2)^1/2 + DJ) / 2 + PE
    Total System Jitter     (TSJ):    0.050ns
    Total Input Jitter      (TIJ):    0.000ns
    Discrete Jitter          (DJ):    0.000ns
    Phase Error              (PE):    0.000ns

    Location             Delay type                Incr(ns)  Path(ns)    Netlist Resource(s)
  -------------------------------------------------------------------    -------------------
                         (clock sys_clk rise edge)    0.000     0.000 r  
    Y19                                               0.000     0.000 r  clk (IN)
                         net (fo=0)                   0.000     0.000    clk
    Y19                  IBUF (Prop_ibuf_I_O)         0.212     0.212 r  clk_IBUF_inst/O
                         net (fo=1, routed)           0.674     0.886    clk_IBUF
    BUFGCTRL_X0Y0        BUFG (Prop_bufg_I_O)         0.026     0.912 r  clk_IBUF_BUFG_inst/O
                         net (fo=3231, routed)        0.586     1.498    division/clk_IBUF_BUFG
    SLICE_X83Y41         FDCE                                         r  division/division_by_zero_reg/C
  -------------------------------------------------------------------    -------------------
    SLICE_X83Y41         FDCE (Prop_fdce_C_Q)         0.141     1.639 r  division/division_by_zero_reg/Q
                         net (fo=1, routed)           0.158     1.797    division/division_by_zero_division
    SLICE_X83Y41         LUT4 (Prop_lut4_I1_O)        0.045     1.842 r  division/division_by_zero_OBUF_inst_i_1/O
                         net (fo=1, routed)           1.327     3.169    division_by_zero_OBUF
    U14                  OBUF (Prop_obuf_I_O)         1.112     4.281 r  division_by_zero_OBUF_inst/O
                         net (fo=0)                   0.000     4.281    division_by_zero
    U14                                                               r  division_by_zero (OUT)
  -------------------------------------------------------------------    -------------------

Slack:                    inf
  Source:                 max/out_reg[8]/C
                            (rising edge-triggered cell FDCE clocked by sys_clk  {rise@0.000ns fall@5.000ns period=10.000ns})
  Destination:            out[8]
                            (output port)
  Path Group:             (none)
  Path Type:              Min at Fast Process Corner
  Data Path Delay:        2.808ns  (logic 1.287ns (45.818%)  route 1.521ns (54.182%))
  Logic Levels:           2  (LUT6=1 OBUF=1)
  Clock Uncertainty:      0.025ns  ((TSJ^2 + TIJ^2)^1/2 + DJ) / 2 + PE
    Total System Jitter     (TSJ):    0.050ns
    Total Input Jitter      (TIJ):    0.000ns
    Discrete Jitter          (DJ):    0.000ns
    Phase Error              (PE):    0.000ns

    Location             Delay type                Incr(ns)  Path(ns)    Netlist Resource(s)
  -------------------------------------------------------------------    -------------------
                         (clock sys_clk rise edge)    0.000     0.000 r  
    Y19                                               0.000     0.000 r  clk (IN)
                         net (fo=0)                   0.000     0.000    clk
    Y19                  IBUF (Prop_ibuf_I_O)         0.212     0.212 r  clk_IBUF_inst/O
                         net (fo=1, routed)           0.674     0.886    clk_IBUF
    BUFGCTRL_X0Y0        BUFG (Prop_bufg_I_O)         0.026     0.912 r  clk_IBUF_BUFG_inst/O
                         net (fo=3231, routed)        0.582     1.494    max/clk_IBUF_BUFG
    SLICE_X63Y41         FDCE                                         r  max/out_reg[8]/C
  -------------------------------------------------------------------    -------------------
    SLICE_X63Y41         FDCE (Prop_fdce_C_Q)         0.141     1.635 r  max/out_reg[8]/Q
                         net (fo=1, routed)           0.052     1.687    max/out_max[8]
    SLICE_X62Y41         LUT6 (Prop_lut6_I0_O)        0.045     1.732 r  max/out_OBUF[8]_inst_i_1/O
                         net (fo=1, routed)           1.469     3.201    out_OBUF[8]
    V5                   OBUF (Prop_obuf_I_O)         1.101     4.302 r  out_OBUF[8]_inst/O
                         net (fo=0)                   0.000     4.302    out[8]
    V5                                                                r  out[8] (OUT)
  -------------------------------------------------------------------    -------------------

Slack:                    inf
  Source:                 sqrt/s17_inverse_square_root/genblk1[4].valid_data_ins_reg[5]/C
                            (rising edge-triggered cell FDCE clocked by sys_clk  {rise@0.000ns fall@5.000ns period=10.000ns})
  Destination:            valid_data_out
                            (output port)
  Path Group:             (none)
  Path Type:              Min at Fast Process Corner
  Data Path Delay:        2.849ns  (logic 1.330ns (46.683%)  route 1.519ns (53.317%))
  Logic Levels:           2  (LUT6=1 OBUF=1)
  Clock Uncertainty:      0.025ns  ((TSJ^2 + TIJ^2)^1/2 + DJ) / 2 + PE
    Total System Jitter     (TSJ):    0.050ns
    Total Input Jitter      (TIJ):    0.000ns
    Discrete Jitter          (DJ):    0.000ns
    Phase Error              (PE):    0.000ns

    Location             Delay type                Incr(ns)  Path(ns)    Netlist Resource(s)
  -------------------------------------------------------------------    -------------------
                         (clock sys_clk rise edge)    0.000     0.000 r  
    Y19                                               0.000     0.000 r  clk (IN)
                         net (fo=0)                   0.000     0.000    clk
    Y19                  IBUF (Prop_ibuf_I_O)         0.212     0.212 r  clk_IBUF_inst/O
                         net (fo=1, routed)           0.674     0.886    clk_IBUF
    BUFGCTRL_X0Y0        BUFG (Prop_bufg_I_O)         0.026     0.912 r  clk_IBUF_BUFG_inst/O
                         net (fo=3231, routed)        0.586     1.498    sqrt/s17_inverse_square_root/clk_IBUF_BUFG
    SLICE_X88Y38         FDCE                                         r  sqrt/s17_inverse_square_root/genblk1[4].valid_data_ins_reg[5]/C
  -------------------------------------------------------------------    -------------------
    SLICE_X88Y38         FDCE (Prop_fdce_C_Q)         0.141     1.639 r  sqrt/s17_inverse_square_root/genblk1[4].valid_data_ins_reg[5]/Q
                         net (fo=2, routed)           0.244     1.883    sqrt/s17_inverse_square_root/genblk1[4].valid_data_ins_reg[5]__0
    SLICE_X88Y38         LUT6 (Prop_lut6_I1_O)        0.045     1.928 r  sqrt/s17_inverse_square_root/valid_data_out_OBUF_inst_i_1/O
                         net (fo=1, routed)           1.275     3.203    valid_data_out_OBUF
    AA14                 OBUF (Prop_obuf_I_O)         1.144     4.347 r  valid_data_out_OBUF_inst/O
                         net (fo=0)                   0.000     4.347    valid_data_out
    AA14                                                              r  valid_data_out (OUT)
  -------------------------------------------------------------------    -------------------

Slack:                    inf
  Source:                 multiply/inexact_reg/C
                            (rising edge-triggered cell FDCE clocked by sys_clk  {rise@0.000ns fall@5.000ns period=10.000ns})
  Destination:            inexact
                            (output port)
  Path Group:             (none)
  Path Type:              Min at Fast Process Corner
  Data Path Delay:        2.915ns  (logic 1.369ns (46.941%)  route 1.547ns (53.059%))
  Logic Levels:           3  (LUT5=1 LUT6=1 OBUF=1)
  Clock Uncertainty:      0.025ns  ((TSJ^2 + TIJ^2)^1/2 + DJ) / 2 + PE
    Total System Jitter     (TSJ):    0.050ns
    Total Input Jitter      (TIJ):    0.000ns
    Discrete Jitter          (DJ):    0.000ns
    Phase Error              (PE):    0.000ns

    Location             Delay type                Incr(ns)  Path(ns)    Netlist Resource(s)
  -------------------------------------------------------------------    -------------------
                         (clock sys_clk rise edge)    0.000     0.000 r  
    Y19                                               0.000     0.000 r  clk (IN)
                         net (fo=0)                   0.000     0.000    clk
    Y19                  IBUF (Prop_ibuf_I_O)         0.212     0.212 r  clk_IBUF_inst/O
                         net (fo=1, routed)           0.674     0.886    clk_IBUF
    BUFGCTRL_X0Y0        BUFG (Prop_bufg_I_O)         0.026     0.912 r  clk_IBUF_BUFG_inst/O
                         net (fo=3231, routed)        0.583     1.495    multiply/clk_IBUF_BUFG
    SLICE_X71Y39         FDCE                                         r  multiply/inexact_reg/C
  -------------------------------------------------------------------    -------------------
    SLICE_X71Y39         FDCE (Prop_fdce_C_Q)         0.141     1.636 r  multiply/inexact_reg/Q
                         net (fo=1, routed)           0.158     1.794    sqrt/inexact_multiply
    SLICE_X71Y39         LUT6 (Prop_lut6_I3_O)        0.045     1.839 r  sqrt/inexact_OBUF_inst_i_2/O
                         net (fo=1, routed)           0.159     1.998    fused_mult_add/inexact
    SLICE_X71Y39         LUT5 (Prop_lut5_I4_O)        0.045     2.043 r  fused_mult_add/inexact_OBUF_inst_i_1/O
                         net (fo=1, routed)           1.230     3.273    inexact_OBUF
    AB15                 OBUF (Prop_obuf_I_O)         1.138     4.411 r  inexact_OBUF_inst/O
                         net (fo=0)                   0.000     4.411    inexact
    AB15                                                              r  inexact (OUT)
  -------------------------------------------------------------------    -------------------

Slack:                    inf
  Source:                 max/out_reg[11]/C
                            (rising edge-triggered cell FDCE clocked by sys_clk  {rise@0.000ns fall@5.000ns period=10.000ns})
  Destination:            out[11]
                            (output port)
  Path Group:             (none)
  Path Type:              Min at Fast Process Corner
  Data Path Delay:        2.923ns  (logic 1.303ns (44.581%)  route 1.620ns (55.419%))
  Logic Levels:           2  (LUT6=1 OBUF=1)
  Clock Uncertainty:      0.025ns  ((TSJ^2 + TIJ^2)^1/2 + DJ) / 2 + PE
    Total System Jitter     (TSJ):    0.050ns
    Total Input Jitter      (TIJ):    0.000ns
    Discrete Jitter          (DJ):    0.000ns
    Phase Error              (PE):    0.000ns

    Location             Delay type                Incr(ns)  Path(ns)    Netlist Resource(s)
  -------------------------------------------------------------------    -------------------
                         (clock sys_clk rise edge)    0.000     0.000 r  
    Y19                                               0.000     0.000 r  clk (IN)
                         net (fo=0)                   0.000     0.000    clk
    Y19                  IBUF (Prop_ibuf_I_O)         0.212     0.212 r  clk_IBUF_inst/O
                         net (fo=1, routed)           0.674     0.886    clk_IBUF
    BUFGCTRL_X0Y0        BUFG (Prop_bufg_I_O)         0.026     0.912 r  clk_IBUF_BUFG_inst/O
                         net (fo=3231, routed)        0.582     1.494    max/clk_IBUF_BUFG
    SLICE_X62Y42         FDCE                                         r  max/out_reg[11]/C
  -------------------------------------------------------------------    -------------------
    SLICE_X62Y42         FDCE (Prop_fdce_C_Q)         0.164     1.658 r  max/out_reg[11]/Q
                         net (fo=1, routed)           0.197     1.855    max/out_max[11]
    SLICE_X60Y40         LUT6 (Prop_lut6_I0_O)        0.045     1.900 r  max/out_OBUF[11]_inst_i_1/O
                         net (fo=1, routed)           1.423     3.323    out_OBUF[11]
    T6                   OBUF (Prop_obuf_I_O)         1.094     4.417 r  out_OBUF[11]_inst/O
                         net (fo=0)                   0.000     4.417    out[11]
    T6                                                                r  out[11] (OUT)
  -------------------------------------------------------------------    -------------------

Slack:                    inf
  Source:                 max/out_reg[19]/C
                            (rising edge-triggered cell FDCE clocked by sys_clk  {rise@0.000ns fall@5.000ns period=10.000ns})
  Destination:            out[19]
                            (output port)
  Path Group:             (none)
  Path Type:              Min at Fast Process Corner
  Data Path Delay:        2.941ns  (logic 1.369ns (46.540%)  route 1.572ns (53.460%))
  Logic Levels:           2  (LUT6=1 OBUF=1)
  Clock Uncertainty:      0.025ns  ((TSJ^2 + TIJ^2)^1/2 + DJ) / 2 + PE
    Total System Jitter     (TSJ):    0.050ns
    Total Input Jitter      (TIJ):    0.000ns
    Discrete Jitter          (DJ):    0.000ns
    Phase Error              (PE):    0.000ns

    Location             Delay type                Incr(ns)  Path(ns)    Netlist Resource(s)
  -------------------------------------------------------------------    -------------------
                         (clock sys_clk rise edge)    0.000     0.000 r  
    Y19                                               0.000     0.000 r  clk (IN)
                         net (fo=0)                   0.000     0.000    clk
    Y19                  IBUF (Prop_ibuf_I_O)         0.212     0.212 r  clk_IBUF_inst/O
                         net (fo=1, routed)           0.674     0.886    clk_IBUF
    BUFGCTRL_X0Y0        BUFG (Prop_bufg_I_O)         0.026     0.912 r  clk_IBUF_BUFG_inst/O
                         net (fo=3231, routed)        0.582     1.494    max/clk_IBUF_BUFG
    SLICE_X64Y41         FDCE                                         r  max/out_reg[19]/C
  -------------------------------------------------------------------    -------------------
    SLICE_X64Y41         FDCE (Prop_fdce_C_Q)         0.141     1.635 r  max/out_reg[19]/Q
                         net (fo=1, routed)           0.306     1.941    max/out_max[19]
    SLICE_X57Y41         LUT6 (Prop_lut6_I0_O)        0.045     1.986 r  max/out_OBUF[19]_inst_i_1/O
                         net (fo=1, routed)           1.266     3.252    out_OBUF[19]
    AB1                  OBUF (Prop_obuf_I_O)         1.183     4.435 r  out_OBUF[19]_inst/O
                         net (fo=0)                   0.000     4.435    out[19]
    AB1                                                               r  out[19] (OUT)
  -------------------------------------------------------------------    -------------------

Slack:                    inf
  Source:                 equal/invalid_operation_reg/C
                            (rising edge-triggered cell FDCE clocked by sys_clk  {rise@0.000ns fall@5.000ns period=10.000ns})
  Destination:            invalid_operation
                            (output port)
  Path Group:             (none)
  Path Type:              Min at Fast Process Corner
  Data Path Delay:        2.958ns  (logic 1.483ns (50.137%)  route 1.475ns (49.863%))
  Logic Levels:           3  (LUT5=1 MUXF7=1 OBUF=1)
  Clock Uncertainty:      0.025ns  ((TSJ^2 + TIJ^2)^1/2 + DJ) / 2 + PE
    Total System Jitter     (TSJ):    0.050ns
    Total Input Jitter      (TIJ):    0.000ns
    Discrete Jitter          (DJ):    0.000ns
    Phase Error              (PE):    0.000ns

    Location             Delay type                Incr(ns)  Path(ns)    Netlist Resource(s)
  -------------------------------------------------------------------    -------------------
                         (clock sys_clk rise edge)    0.000     0.000 r  
    Y19                                               0.000     0.000 r  clk (IN)
                         net (fo=0)                   0.000     0.000    clk
    Y19                  IBUF (Prop_ibuf_I_O)         0.212     0.212 r  clk_IBUF_inst/O
                         net (fo=1, routed)           0.674     0.886    clk_IBUF
    BUFGCTRL_X0Y0        BUFG (Prop_bufg_I_O)         0.026     0.912 r  clk_IBUF_BUFG_inst/O
                         net (fo=3231, routed)        0.587     1.499    equal/clk_IBUF_BUFG
    SLICE_X82Y43         FDCE                                         r  equal/invalid_operation_reg/C
  -------------------------------------------------------------------    -------------------
    SLICE_X82Y43         FDCE (Prop_fdce_C_Q)         0.164     1.663 r  equal/invalid_operation_reg/Q
                         net (fo=1, routed)           0.082     1.745    equal/invalid_operation_reg_n_0
    SLICE_X83Y43         LUT5 (Prop_lut5_I0_O)        0.045     1.790 r  equal/invalid_operation_OBUF_inst_i_3/O
                         net (fo=1, routed)           0.000     1.790    sqrt/invalid_operation
    SLICE_X83Y43         MUXF7 (Prop_muxf7_I1_O)      0.065     1.855 r  sqrt/invalid_operation_OBUF_inst_i_1/O
                         net (fo=1, routed)           1.393     3.248    invalid_operation_OBUF
    AB14                 OBUF (Prop_obuf_I_O)         1.209     4.457 r  invalid_operation_OBUF_inst/O
                         net (fo=0)                   0.000     4.457    invalid_operation
    AB14                                                              r  invalid_operation (OUT)
  -------------------------------------------------------------------    -------------------

Slack:                    inf
  Source:                 max/out_reg[31]/C
                            (rising edge-triggered cell FDCE clocked by sys_clk  {rise@0.000ns fall@5.000ns period=10.000ns})
  Destination:            out[31]
                            (output port)
  Path Group:             (none)
  Path Type:              Min at Fast Process Corner
  Data Path Delay:        2.984ns  (logic 1.367ns (45.830%)  route 1.616ns (54.170%))
  Logic Levels:           2  (LUT6=1 OBUF=1)
  Clock Uncertainty:      0.025ns  ((TSJ^2 + TIJ^2)^1/2 + DJ) / 2 + PE
    Total System Jitter     (TSJ):    0.050ns
    Total Input Jitter      (TIJ):    0.000ns
    Discrete Jitter          (DJ):    0.000ns
    Phase Error              (PE):    0.000ns

    Location             Delay type                Incr(ns)  Path(ns)    Netlist Resource(s)
  -------------------------------------------------------------------    -------------------
                         (clock sys_clk rise edge)    0.000     0.000 r  
    Y19                                               0.000     0.000 r  clk (IN)
                         net (fo=0)                   0.000     0.000    clk
    Y19                  IBUF (Prop_ibuf_I_O)         0.212     0.212 r  clk_IBUF_inst/O
                         net (fo=1, routed)           0.674     0.886    clk_IBUF
    BUFGCTRL_X0Y0        BUFG (Prop_bufg_I_O)         0.026     0.912 r  clk_IBUF_BUFG_inst/O
                         net (fo=3231, routed)        0.582     1.494    max/clk_IBUF_BUFG
    SLICE_X67Y41         FDCE                                         r  max/out_reg[31]/C
  -------------------------------------------------------------------    -------------------
    SLICE_X67Y41         FDCE (Prop_fdce_C_Q)         0.141     1.635 r  max/out_reg[31]/Q
                         net (fo=1, routed)           0.091     1.726    max/out_max[31]
    SLICE_X66Y41         LUT6 (Prop_lut6_I0_O)        0.045     1.771 r  max/out_OBUF[31]_inst_i_1/O
                         net (fo=1, routed)           1.525     3.296    out_OBUF[31]
    AB9                  OBUF (Prop_obuf_I_O)         1.181     4.478 r  out_OBUF[31]_inst/O
                         net (fo=0)                   0.000     4.478    out[31]
    AB9                                                               r  out[31] (OUT)
  -------------------------------------------------------------------    -------------------





--------------------------------------------------------------------------------------
Path Group:  (none)
From Clock:  
  To Clock:  sys_clk

Max Delay          3210 Endpoints
Min Delay          3210 Endpoints
--------------------------------------------------------------------------------------


Max Delay Paths
--------------------------------------------------------------------------------------
Slack:                    inf
  Source:                 rst
                            (input port)
  Destination:            division/s13_reciprocal/s4_z_reg[0]/CLR
                            (recovery check against rising-edge clock sys_clk  {rise@0.000ns fall@5.000ns period=10.000ns})
  Path Group:             (none)
  Path Type:              Recovery (Max at Slow Process Corner)
  Data Path Delay:        18.253ns  (logic 0.961ns (5.266%)  route 17.292ns (94.734%))
  Logic Levels:           1  (IBUF=1)
  Clock Path Skew:        4.524ns (DCD - SCD + CPR)
    Destination Clock Delay (DCD):    4.524ns
    Source Clock Delay      (SCD):    0.000ns
    Clock Pessimism Removal (CPR):    0.000ns
  Clock Uncertainty:      0.025ns  ((TSJ^2 + TIJ^2)^1/2 + DJ) / 2 + PE
    Total System Jitter     (TSJ):    0.050ns
    Total Input Jitter      (TIJ):    0.000ns
    Discrete Jitter          (DJ):    0.000ns
    Phase Error              (PE):    0.000ns

    Location             Delay type                Incr(ns)  Path(ns)    Netlist Resource(s)
  -------------------------------------------------------------------    -------------------
    U22                                               0.000     0.000 f  rst (IN)
                         net (fo=0)                   0.000     0.000    rst
    U22                  IBUF (Prop_ibuf_I_O)         0.961     0.961 f  rst_IBUF_inst/O
                         net (fo=2708, routed)       17.292    18.253    division/s13_reciprocal/rst_IBUF
    SLICE_X16Y5          FDCE                                         f  division/s13_reciprocal/s4_z_reg[0]/CLR
  -------------------------------------------------------------------    -------------------

                         (clock sys_clk rise edge)    0.000     0.000 r  
    Y19                                               0.000     0.000 r  clk (IN)
                         net (fo=0)                   0.000     0.000    clk
    Y19                  IBUF (Prop_ibuf_I_O)         0.850     0.850 r  clk_IBUF_inst/O
                         net (fo=1, routed)           2.006     2.856    clk_IBUF
    BUFGCTRL_X0Y0        BUFG (Prop_bufg_I_O)         0.091     2.947 r  clk_IBUF_BUFG_inst/O
                         net (fo=3231, routed)        1.577     4.524    division/s13_reciprocal/clk_IBUF_BUFG
    SLICE_X16Y5          FDCE                                         r  division/s13_reciprocal/s4_z_reg[0]/C

Slack:                    inf
  Source:                 rst
                            (input port)
  Destination:            division/s13_reciprocal/s4_z_reg[1]/CLR
                            (recovery check against rising-edge clock sys_clk  {rise@0.000ns fall@5.000ns period=10.000ns})
  Path Group:             (none)
  Path Type:              Recovery (Max at Slow Process Corner)
  Data Path Delay:        18.253ns  (logic 0.961ns (5.266%)  route 17.292ns (94.734%))
  Logic Levels:           1  (IBUF=1)
  Clock Path Skew:        4.524ns (DCD - SCD + CPR)
    Destination Clock Delay (DCD):    4.524ns
    Source Clock Delay      (SCD):    0.000ns
    Clock Pessimism Removal (CPR):    0.000ns
  Clock Uncertainty:      0.025ns  ((TSJ^2 + TIJ^2)^1/2 + DJ) / 2 + PE
    Total System Jitter     (TSJ):    0.050ns
    Total Input Jitter      (TIJ):    0.000ns
    Discrete Jitter          (DJ):    0.000ns
    Phase Error              (PE):    0.000ns

    Location             Delay type                Incr(ns)  Path(ns)    Netlist Resource(s)
  -------------------------------------------------------------------    -------------------
    U22                                               0.000     0.000 f  rst (IN)
                         net (fo=0)                   0.000     0.000    rst
    U22                  IBUF (Prop_ibuf_I_O)         0.961     0.961 f  rst_IBUF_inst/O
                         net (fo=2708, routed)       17.292    18.253    division/s13_reciprocal/rst_IBUF
    SLICE_X16Y5          FDCE                                         f  division/s13_reciprocal/s4_z_reg[1]/CLR
  -------------------------------------------------------------------    -------------------

                         (clock sys_clk rise edge)    0.000     0.000 r  
    Y19                                               0.000     0.000 r  clk (IN)
                         net (fo=0)                   0.000     0.000    clk
    Y19                  IBUF (Prop_ibuf_I_O)         0.850     0.850 r  clk_IBUF_inst/O
                         net (fo=1, routed)           2.006     2.856    clk_IBUF
    BUFGCTRL_X0Y0        BUFG (Prop_bufg_I_O)         0.091     2.947 r  clk_IBUF_BUFG_inst/O
                         net (fo=3231, routed)        1.577     4.524    division/s13_reciprocal/clk_IBUF_BUFG
    SLICE_X16Y5          FDCE                                         r  division/s13_reciprocal/s4_z_reg[1]/C

Slack:                    inf
  Source:                 rst
                            (input port)
  Destination:            division/s13_reciprocal/s4_z_reg[2]/CLR
                            (recovery check against rising-edge clock sys_clk  {rise@0.000ns fall@5.000ns period=10.000ns})
  Path Group:             (none)
  Path Type:              Recovery (Max at Slow Process Corner)
  Data Path Delay:        18.253ns  (logic 0.961ns (5.266%)  route 17.292ns (94.734%))
  Logic Levels:           1  (IBUF=1)
  Clock Path Skew:        4.524ns (DCD - SCD + CPR)
    Destination Clock Delay (DCD):    4.524ns
    Source Clock Delay      (SCD):    0.000ns
    Clock Pessimism Removal (CPR):    0.000ns
  Clock Uncertainty:      0.025ns  ((TSJ^2 + TIJ^2)^1/2 + DJ) / 2 + PE
    Total System Jitter     (TSJ):    0.050ns
    Total Input Jitter      (TIJ):    0.000ns
    Discrete Jitter          (DJ):    0.000ns
    Phase Error              (PE):    0.000ns

    Location             Delay type                Incr(ns)  Path(ns)    Netlist Resource(s)
  -------------------------------------------------------------------    -------------------
    U22                                               0.000     0.000 f  rst (IN)
                         net (fo=0)                   0.000     0.000    rst
    U22                  IBUF (Prop_ibuf_I_O)         0.961     0.961 f  rst_IBUF_inst/O
                         net (fo=2708, routed)       17.292    18.253    division/s13_reciprocal/rst_IBUF
    SLICE_X16Y5          FDCE                                         f  division/s13_reciprocal/s4_z_reg[2]/CLR
  -------------------------------------------------------------------    -------------------

                         (clock sys_clk rise edge)    0.000     0.000 r  
    Y19                                               0.000     0.000 r  clk (IN)
                         net (fo=0)                   0.000     0.000    clk
    Y19                  IBUF (Prop_ibuf_I_O)         0.850     0.850 r  clk_IBUF_inst/O
                         net (fo=1, routed)           2.006     2.856    clk_IBUF
    BUFGCTRL_X0Y0        BUFG (Prop_bufg_I_O)         0.091     2.947 r  clk_IBUF_BUFG_inst/O
                         net (fo=3231, routed)        1.577     4.524    division/s13_reciprocal/clk_IBUF_BUFG
    SLICE_X16Y5          FDCE                                         r  division/s13_reciprocal/s4_z_reg[2]/C

Slack:                    inf
  Source:                 rst
                            (input port)
  Destination:            division/s13_reciprocal/s4_z_reg[3]/CLR
                            (recovery check against rising-edge clock sys_clk  {rise@0.000ns fall@5.000ns period=10.000ns})
  Path Group:             (none)
  Path Type:              Recovery (Max at Slow Process Corner)
  Data Path Delay:        18.253ns  (logic 0.961ns (5.266%)  route 17.292ns (94.734%))
  Logic Levels:           1  (IBUF=1)
  Clock Path Skew:        4.524ns (DCD - SCD + CPR)
    Destination Clock Delay (DCD):    4.524ns
    Source Clock Delay      (SCD):    0.000ns
    Clock Pessimism Removal (CPR):    0.000ns
  Clock Uncertainty:      0.025ns  ((TSJ^2 + TIJ^2)^1/2 + DJ) / 2 + PE
    Total System Jitter     (TSJ):    0.050ns
    Total Input Jitter      (TIJ):    0.000ns
    Discrete Jitter          (DJ):    0.000ns
    Phase Error              (PE):    0.000ns

    Location             Delay type                Incr(ns)  Path(ns)    Netlist Resource(s)
  -------------------------------------------------------------------    -------------------
    U22                                               0.000     0.000 f  rst (IN)
                         net (fo=0)                   0.000     0.000    rst
    U22                  IBUF (Prop_ibuf_I_O)         0.961     0.961 f  rst_IBUF_inst/O
                         net (fo=2708, routed)       17.292    18.253    division/s13_reciprocal/rst_IBUF
    SLICE_X16Y5          FDCE                                         f  division/s13_reciprocal/s4_z_reg[3]/CLR
  -------------------------------------------------------------------    -------------------

                         (clock sys_clk rise edge)    0.000     0.000 r  
    Y19                                               0.000     0.000 r  clk (IN)
                         net (fo=0)                   0.000     0.000    clk
    Y19                  IBUF (Prop_ibuf_I_O)         0.850     0.850 r  clk_IBUF_inst/O
                         net (fo=1, routed)           2.006     2.856    clk_IBUF
    BUFGCTRL_X0Y0        BUFG (Prop_bufg_I_O)         0.091     2.947 r  clk_IBUF_BUFG_inst/O
                         net (fo=3231, routed)        1.577     4.524    division/s13_reciprocal/clk_IBUF_BUFG
    SLICE_X16Y5          FDCE                                         r  division/s13_reciprocal/s4_z_reg[3]/C

Slack:                    inf
  Source:                 rst
                            (input port)
  Destination:            division/s13_reciprocal/s4_z_reg[4]/CLR
                            (recovery check against rising-edge clock sys_clk  {rise@0.000ns fall@5.000ns period=10.000ns})
  Path Group:             (none)
  Path Type:              Recovery (Max at Slow Process Corner)
  Data Path Delay:        18.112ns  (logic 0.961ns (5.307%)  route 17.151ns (94.693%))
  Logic Levels:           1  (IBUF=1)
  Clock Path Skew:        4.524ns (DCD - SCD + CPR)
    Destination Clock Delay (DCD):    4.524ns
    Source Clock Delay      (SCD):    0.000ns
    Clock Pessimism Removal (CPR):    0.000ns
  Clock Uncertainty:      0.025ns  ((TSJ^2 + TIJ^2)^1/2 + DJ) / 2 + PE
    Total System Jitter     (TSJ):    0.050ns
    Total Input Jitter      (TIJ):    0.000ns
    Discrete Jitter          (DJ):    0.000ns
    Phase Error              (PE):    0.000ns

    Location             Delay type                Incr(ns)  Path(ns)    Netlist Resource(s)
  -------------------------------------------------------------------    -------------------
    U22                                               0.000     0.000 f  rst (IN)
                         net (fo=0)                   0.000     0.000    rst
    U22                  IBUF (Prop_ibuf_I_O)         0.961     0.961 f  rst_IBUF_inst/O
                         net (fo=2708, routed)       17.151    18.112    division/s13_reciprocal/rst_IBUF
    SLICE_X16Y6          FDCE                                         f  division/s13_reciprocal/s4_z_reg[4]/CLR
  -------------------------------------------------------------------    -------------------

                         (clock sys_clk rise edge)    0.000     0.000 r  
    Y19                                               0.000     0.000 r  clk (IN)
                         net (fo=0)                   0.000     0.000    clk
    Y19                  IBUF (Prop_ibuf_I_O)         0.850     0.850 r  clk_IBUF_inst/O
                         net (fo=1, routed)           2.006     2.856    clk_IBUF
    BUFGCTRL_X0Y0        BUFG (Prop_bufg_I_O)         0.091     2.947 r  clk_IBUF_BUFG_inst/O
                         net (fo=3231, routed)        1.577     4.524    division/s13_reciprocal/clk_IBUF_BUFG
    SLICE_X16Y6          FDCE                                         r  division/s13_reciprocal/s4_z_reg[4]/C

Slack:                    inf
  Source:                 rst
                            (input port)
  Destination:            division/s13_reciprocal/s4_z_reg[5]/CLR
                            (recovery check against rising-edge clock sys_clk  {rise@0.000ns fall@5.000ns period=10.000ns})
  Path Group:             (none)
  Path Type:              Recovery (Max at Slow Process Corner)
  Data Path Delay:        18.112ns  (logic 0.961ns (5.307%)  route 17.151ns (94.693%))
  Logic Levels:           1  (IBUF=1)
  Clock Path Skew:        4.524ns (DCD - SCD + CPR)
    Destination Clock Delay (DCD):    4.524ns
    Source Clock Delay      (SCD):    0.000ns
    Clock Pessimism Removal (CPR):    0.000ns
  Clock Uncertainty:      0.025ns  ((TSJ^2 + TIJ^2)^1/2 + DJ) / 2 + PE
    Total System Jitter     (TSJ):    0.050ns
    Total Input Jitter      (TIJ):    0.000ns
    Discrete Jitter          (DJ):    0.000ns
    Phase Error              (PE):    0.000ns

    Location             Delay type                Incr(ns)  Path(ns)    Netlist Resource(s)
  -------------------------------------------------------------------    -------------------
    U22                                               0.000     0.000 f  rst (IN)
                         net (fo=0)                   0.000     0.000    rst
    U22                  IBUF (Prop_ibuf_I_O)         0.961     0.961 f  rst_IBUF_inst/O
                         net (fo=2708, routed)       17.151    18.112    division/s13_reciprocal/rst_IBUF
    SLICE_X16Y6          FDCE                                         f  division/s13_reciprocal/s4_z_reg[5]/CLR
  -------------------------------------------------------------------    -------------------

                         (clock sys_clk rise edge)    0.000     0.000 r  
    Y19                                               0.000     0.000 r  clk (IN)
                         net (fo=0)                   0.000     0.000    clk
    Y19                  IBUF (Prop_ibuf_I_O)         0.850     0.850 r  clk_IBUF_inst/O
                         net (fo=1, routed)           2.006     2.856    clk_IBUF
    BUFGCTRL_X0Y0        BUFG (Prop_bufg_I_O)         0.091     2.947 r  clk_IBUF_BUFG_inst/O
                         net (fo=3231, routed)        1.577     4.524    division/s13_reciprocal/clk_IBUF_BUFG
    SLICE_X16Y6          FDCE                                         r  division/s13_reciprocal/s4_z_reg[5]/C

Slack:                    inf
  Source:                 rst
                            (input port)
  Destination:            division/s13_reciprocal/s4_z_reg[6]/CLR
                            (recovery check against rising-edge clock sys_clk  {rise@0.000ns fall@5.000ns period=10.000ns})
  Path Group:             (none)
  Path Type:              Recovery (Max at Slow Process Corner)
  Data Path Delay:        18.112ns  (logic 0.961ns (5.307%)  route 17.151ns (94.693%))
  Logic Levels:           1  (IBUF=1)
  Clock Path Skew:        4.524ns (DCD - SCD + CPR)
    Destination Clock Delay (DCD):    4.524ns
    Source Clock Delay      (SCD):    0.000ns
    Clock Pessimism Removal (CPR):    0.000ns
  Clock Uncertainty:      0.025ns  ((TSJ^2 + TIJ^2)^1/2 + DJ) / 2 + PE
    Total System Jitter     (TSJ):    0.050ns
    Total Input Jitter      (TIJ):    0.000ns
    Discrete Jitter          (DJ):    0.000ns
    Phase Error              (PE):    0.000ns

    Location             Delay type                Incr(ns)  Path(ns)    Netlist Resource(s)
  -------------------------------------------------------------------    -------------------
    U22                                               0.000     0.000 f  rst (IN)
                         net (fo=0)                   0.000     0.000    rst
    U22                  IBUF (Prop_ibuf_I_O)         0.961     0.961 f  rst_IBUF_inst/O
                         net (fo=2708, routed)       17.151    18.112    division/s13_reciprocal/rst_IBUF
    SLICE_X16Y6          FDCE                                         f  division/s13_reciprocal/s4_z_reg[6]/CLR
  -------------------------------------------------------------------    -------------------

                         (clock sys_clk rise edge)    0.000     0.000 r  
    Y19                                               0.000     0.000 r  clk (IN)
                         net (fo=0)                   0.000     0.000    clk
    Y19                  IBUF (Prop_ibuf_I_O)         0.850     0.850 r  clk_IBUF_inst/O
                         net (fo=1, routed)           2.006     2.856    clk_IBUF
    BUFGCTRL_X0Y0        BUFG (Prop_bufg_I_O)         0.091     2.947 r  clk_IBUF_BUFG_inst/O
                         net (fo=3231, routed)        1.577     4.524    division/s13_reciprocal/clk_IBUF_BUFG
    SLICE_X16Y6          FDCE                                         r  division/s13_reciprocal/s4_z_reg[6]/C

Slack:                    inf
  Source:                 rst
                            (input port)
  Destination:            division/s13_reciprocal/s4_z_reg[7]/CLR
                            (recovery check against rising-edge clock sys_clk  {rise@0.000ns fall@5.000ns period=10.000ns})
  Path Group:             (none)
  Path Type:              Recovery (Max at Slow Process Corner)
  Data Path Delay:        18.112ns  (logic 0.961ns (5.307%)  route 17.151ns (94.693%))
  Logic Levels:           1  (IBUF=1)
  Clock Path Skew:        4.524ns (DCD - SCD + CPR)
    Destination Clock Delay (DCD):    4.524ns
    Source Clock Delay      (SCD):    0.000ns
    Clock Pessimism Removal (CPR):    0.000ns
  Clock Uncertainty:      0.025ns  ((TSJ^2 + TIJ^2)^1/2 + DJ) / 2 + PE
    Total System Jitter     (TSJ):    0.050ns
    Total Input Jitter      (TIJ):    0.000ns
    Discrete Jitter          (DJ):    0.000ns
    Phase Error              (PE):    0.000ns

    Location             Delay type                Incr(ns)  Path(ns)    Netlist Resource(s)
  -------------------------------------------------------------------    -------------------
    U22                                               0.000     0.000 f  rst (IN)
                         net (fo=0)                   0.000     0.000    rst
    U22                  IBUF (Prop_ibuf_I_O)         0.961     0.961 f  rst_IBUF_inst/O
                         net (fo=2708, routed)       17.151    18.112    division/s13_reciprocal/rst_IBUF
    SLICE_X16Y6          FDCE                                         f  division/s13_reciprocal/s4_z_reg[7]/CLR
  -------------------------------------------------------------------    -------------------

                         (clock sys_clk rise edge)    0.000     0.000 r  
    Y19                                               0.000     0.000 r  clk (IN)
                         net (fo=0)                   0.000     0.000    clk
    Y19                  IBUF (Prop_ibuf_I_O)         0.850     0.850 r  clk_IBUF_inst/O
                         net (fo=1, routed)           2.006     2.856    clk_IBUF
    BUFGCTRL_X0Y0        BUFG (Prop_bufg_I_O)         0.091     2.947 r  clk_IBUF_BUFG_inst/O
                         net (fo=3231, routed)        1.577     4.524    division/s13_reciprocal/clk_IBUF_BUFG
    SLICE_X16Y6          FDCE                                         r  division/s13_reciprocal/s4_z_reg[7]/C

Slack:                    inf
  Source:                 rst
                            (input port)
  Destination:            division/s13_reciprocal/s4_x_n_reg[11]/CLR
                            (recovery check against rising-edge clock sys_clk  {rise@0.000ns fall@5.000ns period=10.000ns})
  Path Group:             (none)
  Path Type:              Recovery (Max at Slow Process Corner)
  Data Path Delay:        17.970ns  (logic 0.961ns (5.349%)  route 17.009ns (94.651%))
  Logic Levels:           1  (IBUF=1)
  Clock Path Skew:        4.523ns (DCD - SCD + CPR)
    Destination Clock Delay (DCD):    4.523ns
    Source Clock Delay      (SCD):    0.000ns
    Clock Pessimism Removal (CPR):    0.000ns
  Clock Uncertainty:      0.025ns  ((TSJ^2 + TIJ^2)^1/2 + DJ) / 2 + PE
    Total System Jitter     (TSJ):    0.050ns
    Total Input Jitter      (TIJ):    0.000ns
    Discrete Jitter          (DJ):    0.000ns
    Phase Error              (PE):    0.000ns

    Location             Delay type                Incr(ns)  Path(ns)    Netlist Resource(s)
  -------------------------------------------------------------------    -------------------
    U22                                               0.000     0.000 f  rst (IN)
                         net (fo=0)                   0.000     0.000    rst
    U22                  IBUF (Prop_ibuf_I_O)         0.961     0.961 f  rst_IBUF_inst/O
                         net (fo=2708, routed)       17.009    17.970    division/s13_reciprocal/rst_IBUF
    SLICE_X17Y7          FDCE                                         f  division/s13_reciprocal/s4_x_n_reg[11]/CLR
  -------------------------------------------------------------------    -------------------

                         (clock sys_clk rise edge)    0.000     0.000 r  
    Y19                                               0.000     0.000 r  clk (IN)
                         net (fo=0)                   0.000     0.000    clk
    Y19                  IBUF (Prop_ibuf_I_O)         0.850     0.850 r  clk_IBUF_inst/O
                         net (fo=1, routed)           2.006     2.856    clk_IBUF
    BUFGCTRL_X0Y0        BUFG (Prop_bufg_I_O)         0.091     2.947 r  clk_IBUF_BUFG_inst/O
                         net (fo=3231, routed)        1.576     4.523    division/s13_reciprocal/clk_IBUF_BUFG
    SLICE_X17Y7          FDCE                                         r  division/s13_reciprocal/s4_x_n_reg[11]/C

Slack:                    inf
  Source:                 rst
                            (input port)
  Destination:            division/s13_reciprocal/s4_x_n_reg[8]/CLR
                            (recovery check against rising-edge clock sys_clk  {rise@0.000ns fall@5.000ns period=10.000ns})
  Path Group:             (none)
  Path Type:              Recovery (Max at Slow Process Corner)
  Data Path Delay:        17.970ns  (logic 0.961ns (5.349%)  route 17.009ns (94.651%))
  Logic Levels:           1  (IBUF=1)
  Clock Path Skew:        4.523ns (DCD - SCD + CPR)
    Destination Clock Delay (DCD):    4.523ns
    Source Clock Delay      (SCD):    0.000ns
    Clock Pessimism Removal (CPR):    0.000ns
  Clock Uncertainty:      0.025ns  ((TSJ^2 + TIJ^2)^1/2 + DJ) / 2 + PE
    Total System Jitter     (TSJ):    0.050ns
    Total Input Jitter      (TIJ):    0.000ns
    Discrete Jitter          (DJ):    0.000ns
    Phase Error              (PE):    0.000ns

    Location             Delay type                Incr(ns)  Path(ns)    Netlist Resource(s)
  -------------------------------------------------------------------    -------------------
    U22                                               0.000     0.000 f  rst (IN)
                         net (fo=0)                   0.000     0.000    rst
    U22                  IBUF (Prop_ibuf_I_O)         0.961     0.961 f  rst_IBUF_inst/O
                         net (fo=2708, routed)       17.009    17.970    division/s13_reciprocal/rst_IBUF
    SLICE_X17Y7          FDCE                                         f  division/s13_reciprocal/s4_x_n_reg[8]/CLR
  -------------------------------------------------------------------    -------------------

                         (clock sys_clk rise edge)    0.000     0.000 r  
    Y19                                               0.000     0.000 r  clk (IN)
                         net (fo=0)                   0.000     0.000    clk
    Y19                  IBUF (Prop_ibuf_I_O)         0.850     0.850 r  clk_IBUF_inst/O
                         net (fo=1, routed)           2.006     2.856    clk_IBUF
    BUFGCTRL_X0Y0        BUFG (Prop_bufg_I_O)         0.091     2.947 r  clk_IBUF_BUFG_inst/O
                         net (fo=3231, routed)        1.576     4.523    division/s13_reciprocal/clk_IBUF_BUFG
    SLICE_X17Y7          FDCE                                         r  division/s13_reciprocal/s4_x_n_reg[8]/C





Min Delay Paths
--------------------------------------------------------------------------------------
Slack:                    inf
  Source:                 division/s13_reciprocal/s4_mult/s2_mult_out0__1/ACOUT[10]
                            (internal pin)
  Destination:            division/s13_reciprocal/s4_mult/s2_mult_out0__2/ACIN[10]
                            (rising edge-triggered cell DSP48E1 clocked by sys_clk  {rise@0.000ns fall@5.000ns period=10.000ns})
  Path Group:             (none)
  Path Type:              Hold (Min at Slow Process Corner)
  Data Path Delay:        0.002ns  (logic 0.000ns (0.000%)  route 0.002ns (100.000%))
  Logic Levels:           0  
  Clock Uncertainty:      0.025ns  ((TSJ^2 + TIJ^2)^1/2 + DJ) / 2 + PE
    Total System Jitter     (TSJ):    0.050ns
    Total Input Jitter      (TIJ):    0.000ns
    Discrete Jitter          (DJ):    0.000ns
    Phase Error              (PE):    0.000ns

    Location             Delay type                Incr(ns)  Path(ns)    Netlist Resource(s)
  -------------------------------------------------------------------    -------------------
    DSP48_X0Y2           DSP48E1                      0.000     0.000 r  division/s13_reciprocal/s4_mult/s2_mult_out0__1/ACOUT[10]
                         net (fo=1, routed)           0.002     0.002    division/s13_reciprocal/s4_mult/s2_mult_out0__1_n_43
    DSP48_X0Y3           DSP48E1                                      r  division/s13_reciprocal/s4_mult/s2_mult_out0__2/ACIN[10]
  -------------------------------------------------------------------    -------------------

                         (clock sys_clk rise edge)    0.000     0.000 r  
    Y19                                               0.000     0.000 r  clk (IN)
                         net (fo=0)                   0.000     0.000    clk
    Y19                  IBUF (Prop_ibuf_I_O)         0.984     0.984 r  clk_IBUF_inst/O
                         net (fo=1, routed)           2.205     3.189    clk_IBUF
    BUFGCTRL_X0Y0        BUFG (Prop_bufg_I_O)         0.101     3.290 r  clk_IBUF_BUFG_inst/O
                         net (fo=3231, routed)        1.843     5.132    division/s13_reciprocal/s4_mult/clk_IBUF_BUFG
    DSP48_X0Y3           DSP48E1                                      r  division/s13_reciprocal/s4_mult/s2_mult_out0__2/CLK

Slack:                    inf
  Source:                 division/s13_reciprocal/s4_mult/s2_mult_out0__1/ACOUT[11]
                            (internal pin)
  Destination:            division/s13_reciprocal/s4_mult/s2_mult_out0__2/ACIN[11]
                            (rising edge-triggered cell DSP48E1 clocked by sys_clk  {rise@0.000ns fall@5.000ns period=10.000ns})
  Path Group:             (none)
  Path Type:              Hold (Min at Slow Process Corner)
  Data Path Delay:        0.002ns  (logic 0.000ns (0.000%)  route 0.002ns (100.000%))
  Logic Levels:           0  
  Clock Uncertainty:      0.025ns  ((TSJ^2 + TIJ^2)^1/2 + DJ) / 2 + PE
    Total System Jitter     (TSJ):    0.050ns
    Total Input Jitter      (TIJ):    0.000ns
    Discrete Jitter          (DJ):    0.000ns
    Phase Error              (PE):    0.000ns

    Location             Delay type                Incr(ns)  Path(ns)    Netlist Resource(s)
  -------------------------------------------------------------------    -------------------
    DSP48_X0Y2           DSP48E1                      0.000     0.000 r  division/s13_reciprocal/s4_mult/s2_mult_out0__1/ACOUT[11]
                         net (fo=1, routed)           0.002     0.002    division/s13_reciprocal/s4_mult/s2_mult_out0__1_n_42
    DSP48_X0Y3           DSP48E1                                      r  division/s13_reciprocal/s4_mult/s2_mult_out0__2/ACIN[11]
  -------------------------------------------------------------------    -------------------

                         (clock sys_clk rise edge)    0.000     0.000 r  
    Y19                                               0.000     0.000 r  clk (IN)
                         net (fo=0)                   0.000     0.000    clk
    Y19                  IBUF (Prop_ibuf_I_O)         0.984     0.984 r  clk_IBUF_inst/O
                         net (fo=1, routed)           2.205     3.189    clk_IBUF
    BUFGCTRL_X0Y0        BUFG (Prop_bufg_I_O)         0.101     3.290 r  clk_IBUF_BUFG_inst/O
                         net (fo=3231, routed)        1.843     5.132    division/s13_reciprocal/s4_mult/clk_IBUF_BUFG
    DSP48_X0Y3           DSP48E1                                      r  division/s13_reciprocal/s4_mult/s2_mult_out0__2/CLK

Slack:                    inf
  Source:                 division/s13_reciprocal/s4_mult/s2_mult_out0__1/ACOUT[12]
                            (internal pin)
  Destination:            division/s13_reciprocal/s4_mult/s2_mult_out0__2/ACIN[12]
                            (rising edge-triggered cell DSP48E1 clocked by sys_clk  {rise@0.000ns fall@5.000ns period=10.000ns})
  Path Group:             (none)
  Path Type:              Hold (Min at Slow Process Corner)
  Data Path Delay:        0.002ns  (logic 0.000ns (0.000%)  route 0.002ns (100.000%))
  Logic Levels:           0  
  Clock Uncertainty:      0.025ns  ((TSJ^2 + TIJ^2)^1/2 + DJ) / 2 + PE
    Total System Jitter     (TSJ):    0.050ns
    Total Input Jitter      (TIJ):    0.000ns
    Discrete Jitter          (DJ):    0.000ns
    Phase Error              (PE):    0.000ns

    Location             Delay type                Incr(ns)  Path(ns)    Netlist Resource(s)
  -------------------------------------------------------------------    -------------------
    DSP48_X0Y2           DSP48E1                      0.000     0.000 r  division/s13_reciprocal/s4_mult/s2_mult_out0__1/ACOUT[12]
                         net (fo=1, routed)           0.002     0.002    division/s13_reciprocal/s4_mult/s2_mult_out0__1_n_41
    DSP48_X0Y3           DSP48E1                                      r  division/s13_reciprocal/s4_mult/s2_mult_out0__2/ACIN[12]
  -------------------------------------------------------------------    -------------------

                         (clock sys_clk rise edge)    0.000     0.000 r  
    Y19                                               0.000     0.000 r  clk (IN)
                         net (fo=0)                   0.000     0.000    clk
    Y19                  IBUF (Prop_ibuf_I_O)         0.984     0.984 r  clk_IBUF_inst/O
                         net (fo=1, routed)           2.205     3.189    clk_IBUF
    BUFGCTRL_X0Y0        BUFG (Prop_bufg_I_O)         0.101     3.290 r  clk_IBUF_BUFG_inst/O
                         net (fo=3231, routed)        1.843     5.132    division/s13_reciprocal/s4_mult/clk_IBUF_BUFG
    DSP48_X0Y3           DSP48E1                                      r  division/s13_reciprocal/s4_mult/s2_mult_out0__2/CLK

Slack:                    inf
  Source:                 division/s13_reciprocal/s4_mult/s2_mult_out0__1/ACOUT[13]
                            (internal pin)
  Destination:            division/s13_reciprocal/s4_mult/s2_mult_out0__2/ACIN[13]
                            (rising edge-triggered cell DSP48E1 clocked by sys_clk  {rise@0.000ns fall@5.000ns period=10.000ns})
  Path Group:             (none)
  Path Type:              Hold (Min at Slow Process Corner)
  Data Path Delay:        0.002ns  (logic 0.000ns (0.000%)  route 0.002ns (100.000%))
  Logic Levels:           0  
  Clock Uncertainty:      0.025ns  ((TSJ^2 + TIJ^2)^1/2 + DJ) / 2 + PE
    Total System Jitter     (TSJ):    0.050ns
    Total Input Jitter      (TIJ):    0.000ns
    Discrete Jitter          (DJ):    0.000ns
    Phase Error              (PE):    0.000ns

    Location             Delay type                Incr(ns)  Path(ns)    Netlist Resource(s)
  -------------------------------------------------------------------    -------------------
    DSP48_X0Y2           DSP48E1                      0.000     0.000 r  division/s13_reciprocal/s4_mult/s2_mult_out0__1/ACOUT[13]
                         net (fo=1, routed)           0.002     0.002    division/s13_reciprocal/s4_mult/s2_mult_out0__1_n_40
    DSP48_X0Y3           DSP48E1                                      r  division/s13_reciprocal/s4_mult/s2_mult_out0__2/ACIN[13]
  -------------------------------------------------------------------    -------------------

                         (clock sys_clk rise edge)    0.000     0.000 r  
    Y19                                               0.000     0.000 r  clk (IN)
                         net (fo=0)                   0.000     0.000    clk
    Y19                  IBUF (Prop_ibuf_I_O)         0.984     0.984 r  clk_IBUF_inst/O
                         net (fo=1, routed)           2.205     3.189    clk_IBUF
    BUFGCTRL_X0Y0        BUFG (Prop_bufg_I_O)         0.101     3.290 r  clk_IBUF_BUFG_inst/O
                         net (fo=3231, routed)        1.843     5.132    division/s13_reciprocal/s4_mult/clk_IBUF_BUFG
    DSP48_X0Y3           DSP48E1                                      r  division/s13_reciprocal/s4_mult/s2_mult_out0__2/CLK

Slack:                    inf
  Source:                 division/s13_reciprocal/s4_mult/s2_mult_out0__1/ACOUT[14]
                            (internal pin)
  Destination:            division/s13_reciprocal/s4_mult/s2_mult_out0__2/ACIN[14]
                            (rising edge-triggered cell DSP48E1 clocked by sys_clk  {rise@0.000ns fall@5.000ns period=10.000ns})
  Path Group:             (none)
  Path Type:              Hold (Min at Slow Process Corner)
  Data Path Delay:        0.002ns  (logic 0.000ns (0.000%)  route 0.002ns (100.000%))
  Logic Levels:           0  
  Clock Uncertainty:      0.025ns  ((TSJ^2 + TIJ^2)^1/2 + DJ) / 2 + PE
    Total System Jitter     (TSJ):    0.050ns
    Total Input Jitter      (TIJ):    0.000ns
    Discrete Jitter          (DJ):    0.000ns
    Phase Error              (PE):    0.000ns

    Location             Delay type                Incr(ns)  Path(ns)    Netlist Resource(s)
  -------------------------------------------------------------------    -------------------
    DSP48_X0Y2           DSP48E1                      0.000     0.000 r  division/s13_reciprocal/s4_mult/s2_mult_out0__1/ACOUT[14]
                         net (fo=1, routed)           0.002     0.002    division/s13_reciprocal/s4_mult/s2_mult_out0__1_n_39
    DSP48_X0Y3           DSP48E1                                      r  division/s13_reciprocal/s4_mult/s2_mult_out0__2/ACIN[14]
  -------------------------------------------------------------------    -------------------

                         (clock sys_clk rise edge)    0.000     0.000 r  
    Y19                                               0.000     0.000 r  clk (IN)
                         net (fo=0)                   0.000     0.000    clk
    Y19                  IBUF (Prop_ibuf_I_O)         0.984     0.984 r  clk_IBUF_inst/O
                         net (fo=1, routed)           2.205     3.189    clk_IBUF
    BUFGCTRL_X0Y0        BUFG (Prop_bufg_I_O)         0.101     3.290 r  clk_IBUF_BUFG_inst/O
                         net (fo=3231, routed)        1.843     5.132    division/s13_reciprocal/s4_mult/clk_IBUF_BUFG
    DSP48_X0Y3           DSP48E1                                      r  division/s13_reciprocal/s4_mult/s2_mult_out0__2/CLK

Slack:                    inf
  Source:                 division/s13_reciprocal/s4_mult/s2_mult_out0__1/ACOUT[15]
                            (internal pin)
  Destination:            division/s13_reciprocal/s4_mult/s2_mult_out0__2/ACIN[15]
                            (rising edge-triggered cell DSP48E1 clocked by sys_clk  {rise@0.000ns fall@5.000ns period=10.000ns})
  Path Group:             (none)
  Path Type:              Hold (Min at Slow Process Corner)
  Data Path Delay:        0.002ns  (logic 0.000ns (0.000%)  route 0.002ns (100.000%))
  Logic Levels:           0  
  Clock Uncertainty:      0.025ns  ((TSJ^2 + TIJ^2)^1/2 + DJ) / 2 + PE
    Total System Jitter     (TSJ):    0.050ns
    Total Input Jitter      (TIJ):    0.000ns
    Discrete Jitter          (DJ):    0.000ns
    Phase Error              (PE):    0.000ns

    Location             Delay type                Incr(ns)  Path(ns)    Netlist Resource(s)
  -------------------------------------------------------------------    -------------------
    DSP48_X0Y2           DSP48E1                      0.000     0.000 r  division/s13_reciprocal/s4_mult/s2_mult_out0__1/ACOUT[15]
                         net (fo=1, routed)           0.002     0.002    division/s13_reciprocal/s4_mult/s2_mult_out0__1_n_38
    DSP48_X0Y3           DSP48E1                                      r  division/s13_reciprocal/s4_mult/s2_mult_out0__2/ACIN[15]
  -------------------------------------------------------------------    -------------------

                         (clock sys_clk rise edge)    0.000     0.000 r  
    Y19                                               0.000     0.000 r  clk (IN)
                         net (fo=0)                   0.000     0.000    clk
    Y19                  IBUF (Prop_ibuf_I_O)         0.984     0.984 r  clk_IBUF_inst/O
                         net (fo=1, routed)           2.205     3.189    clk_IBUF
    BUFGCTRL_X0Y0        BUFG (Prop_bufg_I_O)         0.101     3.290 r  clk_IBUF_BUFG_inst/O
                         net (fo=3231, routed)        1.843     5.132    division/s13_reciprocal/s4_mult/clk_IBUF_BUFG
    DSP48_X0Y3           DSP48E1                                      r  division/s13_reciprocal/s4_mult/s2_mult_out0__2/CLK

Slack:                    inf
  Source:                 division/s13_reciprocal/s4_mult/s2_mult_out0__1/ACOUT[16]
                            (internal pin)
  Destination:            division/s13_reciprocal/s4_mult/s2_mult_out0__2/ACIN[16]
                            (rising edge-triggered cell DSP48E1 clocked by sys_clk  {rise@0.000ns fall@5.000ns period=10.000ns})
  Path Group:             (none)
  Path Type:              Hold (Min at Slow Process Corner)
  Data Path Delay:        0.002ns  (logic 0.000ns (0.000%)  route 0.002ns (100.000%))
  Logic Levels:           0  
  Clock Uncertainty:      0.025ns  ((TSJ^2 + TIJ^2)^1/2 + DJ) / 2 + PE
    Total System Jitter     (TSJ):    0.050ns
    Total Input Jitter      (TIJ):    0.000ns
    Discrete Jitter          (DJ):    0.000ns
    Phase Error              (PE):    0.000ns

    Location             Delay type                Incr(ns)  Path(ns)    Netlist Resource(s)
  -------------------------------------------------------------------    -------------------
    DSP48_X0Y2           DSP48E1                      0.000     0.000 r  division/s13_reciprocal/s4_mult/s2_mult_out0__1/ACOUT[16]
                         net (fo=1, routed)           0.002     0.002    division/s13_reciprocal/s4_mult/s2_mult_out0__1_n_37
    DSP48_X0Y3           DSP48E1                                      r  division/s13_reciprocal/s4_mult/s2_mult_out0__2/ACIN[16]
  -------------------------------------------------------------------    -------------------

                         (clock sys_clk rise edge)    0.000     0.000 r  
    Y19                                               0.000     0.000 r  clk (IN)
                         net (fo=0)                   0.000     0.000    clk
    Y19                  IBUF (Prop_ibuf_I_O)         0.984     0.984 r  clk_IBUF_inst/O
                         net (fo=1, routed)           2.205     3.189    clk_IBUF
    BUFGCTRL_X0Y0        BUFG (Prop_bufg_I_O)         0.101     3.290 r  clk_IBUF_BUFG_inst/O
                         net (fo=3231, routed)        1.843     5.132    division/s13_reciprocal/s4_mult/clk_IBUF_BUFG
    DSP48_X0Y3           DSP48E1                                      r  division/s13_reciprocal/s4_mult/s2_mult_out0__2/CLK

Slack:                    inf
  Source:                 division/s13_reciprocal/s4_mult/s2_mult_out0__1/ACOUT[3]
                            (internal pin)
  Destination:            division/s13_reciprocal/s4_mult/s2_mult_out0__2/ACIN[3]
                            (rising edge-triggered cell DSP48E1 clocked by sys_clk  {rise@0.000ns fall@5.000ns period=10.000ns})
  Path Group:             (none)
  Path Type:              Hold (Min at Slow Process Corner)
  Data Path Delay:        0.002ns  (logic 0.000ns (0.000%)  route 0.002ns (100.000%))
  Logic Levels:           0  
  Clock Uncertainty:      0.025ns  ((TSJ^2 + TIJ^2)^1/2 + DJ) / 2 + PE
    Total System Jitter     (TSJ):    0.050ns
    Total Input Jitter      (TIJ):    0.000ns
    Discrete Jitter          (DJ):    0.000ns
    Phase Error              (PE):    0.000ns

    Location             Delay type                Incr(ns)  Path(ns)    Netlist Resource(s)
  -------------------------------------------------------------------    -------------------
    DSP48_X0Y2           DSP48E1                      0.000     0.000 r  division/s13_reciprocal/s4_mult/s2_mult_out0__1/ACOUT[3]
                         net (fo=1, routed)           0.002     0.002    division/s13_reciprocal/s4_mult/s2_mult_out0__1_n_50
    DSP48_X0Y3           DSP48E1                                      r  division/s13_reciprocal/s4_mult/s2_mult_out0__2/ACIN[3]
  -------------------------------------------------------------------    -------------------

                         (clock sys_clk rise edge)    0.000     0.000 r  
    Y19                                               0.000     0.000 r  clk (IN)
                         net (fo=0)                   0.000     0.000    clk
    Y19                  IBUF (Prop_ibuf_I_O)         0.984     0.984 r  clk_IBUF_inst/O
                         net (fo=1, routed)           2.205     3.189    clk_IBUF
    BUFGCTRL_X0Y0        BUFG (Prop_bufg_I_O)         0.101     3.290 r  clk_IBUF_BUFG_inst/O
                         net (fo=3231, routed)        1.843     5.132    division/s13_reciprocal/s4_mult/clk_IBUF_BUFG
    DSP48_X0Y3           DSP48E1                                      r  division/s13_reciprocal/s4_mult/s2_mult_out0__2/CLK

Slack:                    inf
  Source:                 division/s13_reciprocal/s4_mult/s2_mult_out0__1/ACOUT[4]
                            (internal pin)
  Destination:            division/s13_reciprocal/s4_mult/s2_mult_out0__2/ACIN[4]
                            (rising edge-triggered cell DSP48E1 clocked by sys_clk  {rise@0.000ns fall@5.000ns period=10.000ns})
  Path Group:             (none)
  Path Type:              Hold (Min at Slow Process Corner)
  Data Path Delay:        0.002ns  (logic 0.000ns (0.000%)  route 0.002ns (100.000%))
  Logic Levels:           0  
  Clock Uncertainty:      0.025ns  ((TSJ^2 + TIJ^2)^1/2 + DJ) / 2 + PE
    Total System Jitter     (TSJ):    0.050ns
    Total Input Jitter      (TIJ):    0.000ns
    Discrete Jitter          (DJ):    0.000ns
    Phase Error              (PE):    0.000ns

    Location             Delay type                Incr(ns)  Path(ns)    Netlist Resource(s)
  -------------------------------------------------------------------    -------------------
    DSP48_X0Y2           DSP48E1                      0.000     0.000 r  division/s13_reciprocal/s4_mult/s2_mult_out0__1/ACOUT[4]
                         net (fo=1, routed)           0.002     0.002    division/s13_reciprocal/s4_mult/s2_mult_out0__1_n_49
    DSP48_X0Y3           DSP48E1                                      r  division/s13_reciprocal/s4_mult/s2_mult_out0__2/ACIN[4]
  -------------------------------------------------------------------    -------------------

                         (clock sys_clk rise edge)    0.000     0.000 r  
    Y19                                               0.000     0.000 r  clk (IN)
                         net (fo=0)                   0.000     0.000    clk
    Y19                  IBUF (Prop_ibuf_I_O)         0.984     0.984 r  clk_IBUF_inst/O
                         net (fo=1, routed)           2.205     3.189    clk_IBUF
    BUFGCTRL_X0Y0        BUFG (Prop_bufg_I_O)         0.101     3.290 r  clk_IBUF_BUFG_inst/O
                         net (fo=3231, routed)        1.843     5.132    division/s13_reciprocal/s4_mult/clk_IBUF_BUFG
    DSP48_X0Y3           DSP48E1                                      r  division/s13_reciprocal/s4_mult/s2_mult_out0__2/CLK

Slack:                    inf
  Source:                 division/s13_reciprocal/s4_mult/s2_mult_out0__1/ACOUT[5]
                            (internal pin)
  Destination:            division/s13_reciprocal/s4_mult/s2_mult_out0__2/ACIN[5]
                            (rising edge-triggered cell DSP48E1 clocked by sys_clk  {rise@0.000ns fall@5.000ns period=10.000ns})
  Path Group:             (none)
  Path Type:              Hold (Min at Slow Process Corner)
  Data Path Delay:        0.002ns  (logic 0.000ns (0.000%)  route 0.002ns (100.000%))
  Logic Levels:           0  
  Clock Uncertainty:      0.025ns  ((TSJ^2 + TIJ^2)^1/2 + DJ) / 2 + PE
    Total System Jitter     (TSJ):    0.050ns
    Total Input Jitter      (TIJ):    0.000ns
    Discrete Jitter          (DJ):    0.000ns
    Phase Error              (PE):    0.000ns

    Location             Delay type                Incr(ns)  Path(ns)    Netlist Resource(s)
  -------------------------------------------------------------------    -------------------
    DSP48_X0Y2           DSP48E1                      0.000     0.000 r  division/s13_reciprocal/s4_mult/s2_mult_out0__1/ACOUT[5]
                         net (fo=1, routed)           0.002     0.002    division/s13_reciprocal/s4_mult/s2_mult_out0__1_n_48
    DSP48_X0Y3           DSP48E1                                      r  division/s13_reciprocal/s4_mult/s2_mult_out0__2/ACIN[5]
  -------------------------------------------------------------------    -------------------

                         (clock sys_clk rise edge)    0.000     0.000 r  
    Y19                                               0.000     0.000 r  clk (IN)
                         net (fo=0)                   0.000     0.000    clk
    Y19                  IBUF (Prop_ibuf_I_O)         0.984     0.984 r  clk_IBUF_inst/O
                         net (fo=1, routed)           2.205     3.189    clk_IBUF
    BUFGCTRL_X0Y0        BUFG (Prop_bufg_I_O)         0.101     3.290 r  clk_IBUF_BUFG_inst/O
                         net (fo=3231, routed)        1.843     5.132    division/s13_reciprocal/s4_mult/clk_IBUF_BUFG
    DSP48_X0Y3           DSP48E1                                      r  division/s13_reciprocal/s4_mult/s2_mult_out0__2/CLK





